{
    "aggregatedVolumeDownwardCostlyAnora": 91.21,
    "aggregatedVolumeUpwardCostlyAnora": 25.62,
    "averageCostDownwardOraOrAnora": 73.02,
    "averageCostUpwardOraOrAnora": 89.36,
    "businessDay": "2024-02-15",
    "businessTimestamp": "2024-02-15T01:30:00Z",
    "comoDocumentType": "CS_MAPPING_TSO_DATA_INTERMEDIATE_RESULTS_PER_HOUR",
    "comoDocumentVersion": "R24Q4V1_0",
    "crosaVersion": 1,
    "csProcessType": "a6906fb4e97fad2968eb5736",
    "csProcessVersion": 1,
    "hourCongested": true,
    "penaltyBalancingSlack": 47.57,
    "penaltyCostForAnoraVolumes": 31.22,
    "penaltyFlowSlack": 19.88,
    "psdfData": [
        {
            "convertedXnecId": "e99fc41e-6d1e-4be5-a5ae-b9f1bbfc142d",
            "pstId": "20240408_DA_CROSA_ORA_7752",
            "sensitivity": 1578.35
        },
        {
            "convertedXnecId": "2ac950b2-7876-4c20-a569-fb1aded81253",
            "pstId": "20241108_DA_CROSA_ORA_8520",
            "sensitivity": 312.731
        },
        {
            "convertedXnecId": "b6eb5946-d1a6-477f-b38e-5cd6fdcbdb74",
            "pstId": "20240923_DA_CROSA_ORA_9407",
            "sensitivity": 7767.433
        },
        {
            "convertedXnecId": "1c640079-c3ea-4032-b8e5-c7056389d9f4",
            "pstId": "20240814_DA_CROSA_ORA_2615",
            "sensitivity": 4536.608
        },
        {
            "convertedXnecId": "adb84bda-a547-4314-a365-b89c8d65cda9",
            "pstId": "20250113_DA_CROSA_ORA_6589",
            "sensitivity": 1275.192
        }
    ],
    "pstData": [
        {
            "costsPst": 176.73,
            "pstId": "20240408_DA_CROSA_ORA_7752",
            "tapAfter": 22.02,
            "tapBefore": 192.6
        },
        {
            "costsPst": 155.74,
            "pstId": "20241108_DA_CROSA_ORA_8520",
            "tapAfter": 62.94,
            "tapBefore": 155.53
        },
        {
            "costsPst": 166.13,
            "pstId": "20240923_DA_CROSA_ORA_9407",
            "tapAfter": 65.03,
            "tapBefore": 177.38
        },
        {
            "costsPst": 163.3,
            "pstId": "20240814_DA_CROSA_ORA_2615",
            "tapAfter": 82.97,
            "tapBefore": 174.98
        },
        {
            "costsPst": 198.67,
            "pstId": "20250113_DA_CROSA_ORA_6589",
            "tapAfter": 10.41,
            "tapBefore": 188.03
        }
    ],
    "ptdfData": [
        {
            "convertedXnecId": "aab30f3d-5064-4ac2-b815-c46aac79d737",
            "raId": "20240712_DA_CROSA_ORA_7037",
            "sensitivity": 0.626
        },
        {
            "convertedXnecId": "2cd3421d-0059-454e-9ae5-1e7edd35365f",
            "raId": "20240803_DA_CROSA_ORA_6162",
            "sensitivity": 0.085
        }
    ],
    "raData": [
        {
            "costsOra": 169.79,
            "costsOraVariable": 184.83,
            "hourlyCostsAfterFixedCosts": 198.7,
            "hourlyCostsAfterReallocation": 175.98,
            "hourlyCostsFiltered": 21.77,
            "raId": "20240712_DA_CROSA_ORA_7037",
            "variableCostFinal": 197.91,
            "variableCostIntermediate": 175.68
        },
        {
            "costsOra": 151.95,
            "costsOraVariable": 181.44,
            "hourlyCostsAfterFixedCosts": 170.76,
            "hourlyCostsAfterReallocation": 157.21,
            "hourlyCostsFiltered": 14.2,
            "raId": "20240803_DA_CROSA_ORA_6162",
            "variableCostFinal": 160.58,
            "variableCostIntermediate": 192.26
        }
    ],
    "timeHorizon": "dayAhead",
    "totalCostsAllOras": 321.74,
    "totalCostsAllPsts": 860.57,
    "xnecData": [
        {
            "convertedXnecId": "e99fc41e-6d1e-4be5-a5ae-b9f1bbfc142d",
            "fLimit": 32.64,
            "fPrimeB": 87.78,
            "fWithoutOrasAndPsts": 60.21
        },
        {
            "convertedXnecId": "2ac950b2-7876-4c20-a569-fb1aded81253",
            "fLimit": 49.34,
            "fPrimeB": 82.16,
            "fWithoutOrasAndPsts": 65.75
        },
        {
            "convertedXnecId": "b6eb5946-d1a6-477f-b38e-5cd6fdcbdb74",
            "fLimit": 45.83,
            "fPrimeB": 83.63,
            "fWithoutOrasAndPsts": 64.73
        },
        {
            "convertedXnecId": "1c640079-c3ea-4032-b8e5-c7056389d9f4",
            "fLimit": 32.85,
            "fPrimeB": 99.09,
            "fWithoutOrasAndPsts": 65.97
        },
        {
            "convertedXnecId": "adb84bda-a547-4314-a365-b89c8d65cda9",
            "fLimit": 43.41,
            "fPrimeB": 82.47,
            "fWithoutOrasAndPsts": 62.94
        },
        {
            "convertedXnecId": "aab30f3d-5064-4ac2-b815-c46aac79d737",
            "fLimit": 30.16,
            "fPrimeB": 94.96,
            "fWithoutOrasAndPsts": 62.56
        },
        {
            "convertedXnecId": "2cd3421d-0059-454e-9ae5-1e7edd35365f",
            "fLimit": 38.6,
            "fPrimeB": 98.29,
            "fWithoutOrasAndPsts": 68.45
        }
    ]
}