{
    "aggregatedVolumeDownwardCostlyAnora": 25.39,
    "aggregatedVolumeUpwardCostlyAnora": 18.54,
    "averageCostDownwardOraOrAnora": 46.15,
    "averageCostUpwardOraOrAnora": 64.61,
    "businessDay": "2024-03-20",
    "businessTimestamp": "2024-03-20T01:30:00Z",
    "comoDocumentType": "CS_MAPPING_TSO_DATA_INTERMEDIATE_RESULTS_PER_HOUR",
    "comoDocumentVersion": "R24Q4V1_0",
    "crosaVersion": 1,
    "csProcessType": "155b2123345e6526de84fcc7",
    "csProcessVersion": 3,
    "hourCongested": true,
    "penaltyBalancingSlack": 2.75,
    "penaltyCostForAnoraVolumes": 23.12,
    "penaltyFlowSlack": 9.84,
    "psdfData": [
        {
            "convertedXnecId": "dcc0d2dc-fc42-4c38-9ab3-597a480859c1",
            "pstId": "fe6a2c87-0f0e-4a8f-8a70-23e019bd0f56",
            "sensitivity": 5270.004
        },
        {
            "convertedXnecId": "b457e9ec-0024-4211-b8aa-1c781da5d105",
            "pstId": "078ff388-3614-408d-ae48-82bd3a380a01",
            "sensitivity": 2450.179
        },
        {
            "convertedXnecId": "b8beb010-1410-4658-b585-216ec1f231da",
            "pstId": "e52c311b-3be6-44d5-aa14-e8b627abba27",
            "sensitivity": 6648.069
        },
        {
            "convertedXnecId": "f5cd16b6-2758-4bc4-b1a9-98587cf02fb0",
            "pstId": "e963bc24-2ebb-402d-af3e-4b37657ab27a",
            "sensitivity": 481.722
        }
    ],
    "pstData": [
        {
            "costsPst": 187.58,
            "pstId": "fe6a2c87-0f0e-4a8f-8a70-23e019bd0f56",
            "tapAfter": 7.6,
            "tapBefore": 166.92
        },
        {
            "costsPst": 195.07,
            "pstId": "078ff388-3614-408d-ae48-82bd3a380a01",
            "tapAfter": 71.41,
            "tapBefore": 184.8
        },
        {
            "costsPst": 161.98,
            "pstId": "e52c311b-3be6-44d5-aa14-e8b627abba27",
            "tapAfter": 32.26,
            "tapBefore": 173.99
        },
        {
            "costsPst": 150.46,
            "pstId": "e963bc24-2ebb-402d-af3e-4b37657ab27a",
            "tapAfter": 37.87,
            "tapBefore": 174.58
        }
    ],
    "ptdfData": [
        {
            "convertedXnecId": "f6fe8720-049b-457e-81f8-0b21d5ac51d7",
            "raId": "20240617_DA_CROSA_ORA_3949",
            "sensitivity": 0.148
        },
        {
            "convertedXnecId": "d9347a67-b780-4bf4-95a7-c93dd33ce2d3",
            "raId": "20241105_DA_CROSA_ORA_7110",
            "sensitivity": 0.518
        },
        {
            "convertedXnecId": "33ccc8f6-ec60-4870-afb7-35fe6fe9f5bf",
            "raId": "20240702_DA_CROSA_ORA_9675",
            "sensitivity": 0.916
        },
        {
            "convertedXnecId": "3c4ca58f-5cbb-4da9-88cf-c79fd33e03fc",
            "raId": "20240529_DA_CROSA_ORA_1384",
            "sensitivity": 0.743
        }
    ],
    "raData": [
        {
            "costsOra": 154.14,
            "costsOraVariable": 193.58,
            "hourlyCostsAfterFixedCosts": 186.19,
            "hourlyCostsAfterReallocation": 163.67,
            "hourlyCostsFiltered": 83.69,
            "raId": "20240617_DA_CROSA_ORA_3949",
            "variableCostFinal": 195.9,
            "variableCostIntermediate": 199.94
        },
        {
            "costsOra": 176.72,
            "costsOraVariable": 193.53,
            "hourlyCostsAfterFixedCosts": 159.37,
            "hourlyCostsAfterReallocation": 153.8,
            "hourlyCostsFiltered": 50.69,
            "raId": "20241105_DA_CROSA_ORA_7110",
            "variableCostFinal": 159.29,
            "variableCostIntermediate": 166.11
        },
        {
            "costsOra": 166.43,
            "costsOraVariable": 164.66,
            "hourlyCostsAfterFixedCosts": 193.21,
            "hourlyCostsAfterReallocation": 189.64,
            "hourlyCostsFiltered": 96.32,
            "raId": "20240702_DA_CROSA_ORA_9675",
            "variableCostFinal": 163.98,
            "variableCostIntermediate": 178.99
        },
        {
            "costsOra": 192.16,
            "costsOraVariable": 152.35,
            "hourlyCostsAfterFixedCosts": 178.04,
            "hourlyCostsAfterReallocation": 172.58,
            "hourlyCostsFiltered": 45.17,
            "raId": "20240529_DA_CROSA_ORA_1384",
            "variableCostFinal": 178.09,
            "variableCostIntermediate": 189.41
        }
    ],
    "timeHorizon": "dayAhead",
    "totalCostsAllOras": 689.45,
    "totalCostsAllPsts": 695.09,
    "xnecData": [
        {
            "convertedXnecId": "dcc0d2dc-fc42-4c38-9ab3-597a480859c1",
            "fLimit": 48.38,
            "fPrimeB": 81.4,
            "fWithoutOrasAndPsts": 64.89
        },
        {
            "convertedXnecId": "b457e9ec-0024-4211-b8aa-1c781da5d105",
            "fLimit": 30.52,
            "fPrimeB": 99.06,
            "fWithoutOrasAndPsts": 64.79
        },
        {
            "convertedXnecId": "b8beb010-1410-4658-b585-216ec1f231da",
            "fLimit": 49.42,
            "fPrimeB": 93.11,
            "fWithoutOrasAndPsts": 71.27
        },
        {
            "convertedXnecId": "f5cd16b6-2758-4bc4-b1a9-98587cf02fb0",
            "fLimit": 32.65,
            "fPrimeB": 84.27,
            "fWithoutOrasAndPsts": 58.46
        },
        {
            "convertedXnecId": "f6fe8720-049b-457e-81f8-0b21d5ac51d7",
            "fLimit": 33.0,
            "fPrimeB": 85.65,
            "fWithoutOrasAndPsts": 59.33
        },
        {
            "convertedXnecId": "d9347a67-b780-4bf4-95a7-c93dd33ce2d3",
            "fLimit": 41.0,
            "fPrimeB": 81.56,
            "fWithoutOrasAndPsts": 61.28
        },
        {
            "convertedXnecId": "33ccc8f6-ec60-4870-afb7-35fe6fe9f5bf",
            "fLimit": 42.59,
            "fPrimeB": 83.32,
            "fWithoutOrasAndPsts": 62.95
        },
        {
            "convertedXnecId": "3c4ca58f-5cbb-4da9-88cf-c79fd33e03fc",
            "fLimit": 48.01,
            "fPrimeB": 89.68,
            "fWithoutOrasAndPsts": 68.84
        }
    ]
}