{
    "aggregatedVolumeDownwardCostlyAnora": 40.39,
    "aggregatedVolumeUpwardCostlyAnora": 87.9,
    "averageCostDownwardOraOrAnora": 34.86,
    "averageCostUpwardOraOrAnora": 69.29,
    "businessDay": "2024-04-15",
    "businessTimestamp": "2024-04-15T01:30:00Z",
    "comoDocumentType": "CS_MAPPING_TSO_DATA_INTERMEDIATE_RESULTS_PER_HOUR",
    "comoDocumentVersion": "R24Q4V1_0",
    "crosaVersion": 1,
    "csProcessType": "0ab6beb0c8d3e693c9593075",
    "csProcessVersion": 1,
    "hourCongested": true,
    "penaltyBalancingSlack": 45.74,
    "penaltyCostForAnoraVolumes": 92.61,
    "penaltyFlowSlack": 35.72,
    "psdfData": {
        "convertedXnecId": "986420dd-68f9-4d80-bfe3-8bfb1a9d8e1c",
        "raId": "53e4d22e-34c1-450c-91e3-be8e6393dbc1",
        "sensitivity": 29706.61074034506
    },
    "pstData": [
        {
            "costsPst": 44.61,
            "pstId": "e98297345bacaf366fdd7be6",
            "tapAfter": 16.61,
            "tapBefore": 80.84
        }
    ],
    "ptdfData": {
        "convertedXnecId": "d8ce5055-af52-46b7-882a-96ad56509faf",
        "raId": "685c0b4d-7b01-4fa8-a02a-e1a777bba096",
        "sensitivity": 1.68
    },
    "raData": [
        {
            "costsOra": 182.44,
            "costsOraVariable": 154.09,
            "hourlyCostsAfterFixedCosts": 165.0,
            "hourlyCostsAfterReallocation": 160.55,
            "hourlyCostsFiltered": 10.39,
            "raId": "9b5e13d2-1b9c-4221-aada-8654d724cddb",
            "variableCostFinal": 184.76,
            "variableCostIntermediate": 173.3
        },
        {
            "costsOra": 188.3,
            "costsOraVariable": 151.46,
            "hourlyCostsAfterFixedCosts": 152.88,
            "hourlyCostsAfterReallocation": 154.5,
            "hourlyCostsFiltered": 27.65,
            "raId": "285055ac-7795-435d-834a-46711e21a971",
            "variableCostFinal": 156.91,
            "variableCostIntermediate": 173.77
        },
        {
            "costsOra": 170.35,
            "costsOraVariable": 169.27,
            "hourlyCostsAfterFixedCosts": 187.3,
            "hourlyCostsAfterReallocation": 189.01,
            "hourlyCostsFiltered": 4.62,
            "raId": "1c4a77b4-38be-42c5-b908-70cf0cc374a4",
            "variableCostFinal": 167.73,
            "variableCostIntermediate": 151.44
        },
        {
            "costsOra": 188.89,
            "costsOraVariable": 188.82,
            "hourlyCostsAfterFixedCosts": 197.2,
            "hourlyCostsAfterReallocation": 163.16,
            "hourlyCostsFiltered": 91.2,
            "raId": "ceaaf241-689c-4f47-868a-ec68875e4e44",
            "variableCostFinal": 153.04,
            "variableCostIntermediate": 187.43
        },
        {
            "costsOra": 151.52,
            "costsOraVariable": 173.86,
            "hourlyCostsAfterFixedCosts": 164.81,
            "hourlyCostsAfterReallocation": 181.51,
            "hourlyCostsFiltered": 71.48,
            "raId": "3edfc6d7-cdbf-4b18-a2d1-5af425b0f1ec",
            "variableCostFinal": 157.67,
            "variableCostIntermediate": 180.5
        }
    ],
    "timeHorizon": "dayAhead",
    "totalCostsAllOras": 881.5,
    "totalCostsAllPsts": 50.64,
    "xnecData": [
        {
            "convertedXnecId": "a34fc1c70e1a11d38b9a843e",
            "fLimit": 13.41,
            "fPrimeB": 42.24,
            "fWithoutOrasAndPsts": 69.17
        }
    ]
}