{
    "aggregatedVolumeDownwardCostlyAnora": 95.55,
    "aggregatedVolumeUpwardCostlyAnora": 36.04,
    "averageCostDownwardOraOrAnora": 35.97,
    "averageCostUpwardOraOrAnora": 29.44,
    "businessDay": "2025-01-13",
    "businessTimestamp": "2025-01-13T02:30:00Z",
    "comoDocumentType": "CS_MAPPING_TSO_DATA_INTERMEDIATE_RESULTS_PER_HOUR",
    "comoDocumentVersion": "R24Q4V1_0",
    "crosaVersion": 1,
    "csProcessType": "2ae56a2f4c9a29b0443afc6e",
    "csProcessVersion": 3,
    "hourCongested": true,
    "penaltyBalancingSlack": 84.73,
    "penaltyCostForAnoraVolumes": 97.41,
    "penaltyFlowSlack": 96.78,
    "psdfData": [
        {
            "convertedXnecId": "d8ba168e-8dcf-43de-b9c1-1b6fd4551a63",
            "pstId": "7c97f9f7-dca9-4545-b98c-ef3c00204288",
            "sensitivity": 5251.114
        },
        {
            "convertedXnecId": "39da1629-ee6e-4b10-92b5-e54e4befddc3",
            "pstId": "18e31577-df69-4c9b-bb3a-e87154ee1129",
            "sensitivity": 531.513
        }
    ],
    "pstData": [
        {
            "costsPst": 195.82,
            "pstId": "7c97f9f7-dca9-4545-b98c-ef3c00204288",
            "tapAfter": 12.37,
            "tapBefore": 170.08
        },
        {
            "costsPst": 173.52,
            "pstId": "18e31577-df69-4c9b-bb3a-e87154ee1129",
            "tapAfter": 94.89,
            "tapBefore": 161.51
        }
    ],
    "ptdfData": [
        {
            "convertedXnecId": "5ea5dbd3-42e4-48f3-9dde-e2d3b28a802b",
            "raId": "20240322_DA_CROSA_ORA_2015",
            "sensitivity": 0.108
        },
        {
            "convertedXnecId": "74fd46db-9ce6-405d-a708-f24422353852",
            "raId": "20240821_DA_CROSA_ORA_5874",
            "sensitivity": 0.719
        },
        {
            "convertedXnecId": "9d96ff24-b010-411a-a233-69b99d7d7d3e",
            "raId": "20240223_DA_CROSA_ORA_7200",
            "sensitivity": 0.1
        }
    ],
    "raData": [
        {
            "costsOra": 169.52,
            "costsOraVariable": 163.83,
            "hourlyCostsAfterFixedCosts": 179.01,
            "hourlyCostsAfterReallocation": 165.7,
            "hourlyCostsFiltered": 53.82,
            "raId": "20240322_DA_CROSA_ORA_2015",
            "variableCostFinal": 197.65,
            "variableCostIntermediate": 173.09
        },
        {
            "costsOra": 158.25,
            "costsOraVariable": 164.85,
            "hourlyCostsAfterFixedCosts": 190.02,
            "hourlyCostsAfterReallocation": 172.31,
            "hourlyCostsFiltered": 78.79,
            "raId": "20240821_DA_CROSA_ORA_5874",
            "variableCostFinal": 187.92,
            "variableCostIntermediate": 170.76
        },
        {
            "costsOra": 184.49,
            "costsOraVariable": 192.75,
            "hourlyCostsAfterFixedCosts": 161.56,
            "hourlyCostsAfterReallocation": 184.75,
            "hourlyCostsFiltered": 95.07,
            "raId": "20240223_DA_CROSA_ORA_7200",
            "variableCostFinal": 191.75,
            "variableCostIntermediate": 180.67
        }
    ],
    "timeHorizon": "dayAhead",
    "totalCostsAllOras": 512.26,
    "totalCostsAllPsts": 369.34,
    "xnecData": [
        {
            "convertedXnecId": "d8ba168e-8dcf-43de-b9c1-1b6fd4551a63",
            "fLimit": 36.34,
            "fPrimeB": 95.92,
            "fWithoutOrasAndPsts": 66.13
        },
        {
            "convertedXnecId": "39da1629-ee6e-4b10-92b5-e54e4befddc3",
            "fLimit": 47.81,
            "fPrimeB": 88.94,
            "fWithoutOrasAndPsts": 68.38
        },
        {
            "convertedXnecId": "5ea5dbd3-42e4-48f3-9dde-e2d3b28a802b",
            "fLimit": 42.42,
            "fPrimeB": 85.88,
            "fWithoutOrasAndPsts": 64.15
        },
        {
            "convertedXnecId": "74fd46db-9ce6-405d-a708-f24422353852",
            "fLimit": 30.9,
            "fPrimeB": 95.6,
            "fWithoutOrasAndPsts": 63.25
        },
        {
            "convertedXnecId": "9d96ff24-b010-411a-a233-69b99d7d7d3e",
            "fLimit": 42.98,
            "fPrimeB": 92.07,
            "fWithoutOrasAndPsts": 67.52
        }
    ]
}