{
    "aggregatedVolumeDownwardCostlyAnora": 26.28,
    "aggregatedVolumeUpwardCostlyAnora": 97.26,
    "averageCostDownwardOraOrAnora": 82.9,
    "averageCostUpwardOraOrAnora": 39.82,
    "businessDay": "2024-10-26",
    "businessTimestamp": "2024-10-26T02:30:00Z",
    "comoDocumentType": "CS_MAPPING_TSO_DATA_INTERMEDIATE_RESULTS_PER_HOUR",
    "comoDocumentVersion": "R24Q4V1_0",
    "crosaVersion": 1,
    "csProcessType": "f653b12e7af1dbbaf32e690a",
    "csProcessVersion": 1,
    "hourCongested": true,
    "penaltyBalancingSlack": 62.18,
    "penaltyCostForAnoraVolumes": 87.91,
    "penaltyFlowSlack": 50.83,
    "psdfData": [
        {
            "convertedXnecId": "ed6c325b-cbdf-4d3b-bf2c-4d4f8b79b8d7",
            "pstId": "20241212_DA_CROSA_ORA_5138",
            "sensitivity": 2766.621
        },
        {
            "convertedXnecId": "b74fd923-9230-4137-b104-63b6d03a3f15",
            "pstId": "20240820_DA_CROSA_ORA_7295",
            "sensitivity": 1010.782
        },
        {
            "convertedXnecId": "25d8ebd5-41a3-42e9-9cd2-0b194018f0be",
            "pstId": "20241220_DA_CROSA_ORA_3013",
            "sensitivity": 1051.433
        },
        {
            "convertedXnecId": "ecdb79dc-19d5-4649-afe8-ba6aa15f2b67",
            "pstId": "20241107_DA_CROSA_ORA_9100",
            "sensitivity": 3079.563
        }
    ],
    "pstData": [
        {
            "costsPst": 179.19,
            "pstId": "20241212_DA_CROSA_ORA_5138",
            "tapAfter": 55.41,
            "tapBefore": 194.29
        },
        {
            "costsPst": 150.64,
            "pstId": "20240820_DA_CROSA_ORA_7295",
            "tapAfter": 93.17,
            "tapBefore": 161.91
        },
        {
            "costsPst": 192.04,
            "pstId": "20241220_DA_CROSA_ORA_3013",
            "tapAfter": 55.08,
            "tapBefore": 191.89
        },
        {
            "costsPst": 172.18,
            "pstId": "20241107_DA_CROSA_ORA_9100",
            "tapAfter": 83.31,
            "tapBefore": 165.81
        }
    ],
    "ptdfData": [
        {
            "convertedXnecId": "e2ffeef6-5c76-42a1-ab35-90358144a9ac",
            "raId": "20240816_DA_CROSA_ORA_6171",
            "sensitivity": 0.039
        },
        {
            "convertedXnecId": "914f5dd1-6829-48ae-a9a1-c1f96073329a",
            "raId": "20241030_DA_CROSA_ORA_2417",
            "sensitivity": 0.588
        },
        {
            "convertedXnecId": "5b4193c5-c57e-416a-b535-6b93b9faa3e6",
            "raId": "20240424_DA_CROSA_ORA_2925",
            "sensitivity": 0.927
        }
    ],
    "raData": [
        {
            "costsOra": 165.83,
            "costsOraVariable": 179.95,
            "hourlyCostsAfterFixedCosts": 169.5,
            "hourlyCostsAfterReallocation": 164.24,
            "hourlyCostsFiltered": 49.87,
            "raId": "20240816_DA_CROSA_ORA_6171",
            "variableCostFinal": 185.89,
            "variableCostIntermediate": 184.88
        },
        {
            "costsOra": 189.76,
            "costsOraVariable": 166.17,
            "hourlyCostsAfterFixedCosts": 183.61,
            "hourlyCostsAfterReallocation": 163.28,
            "hourlyCostsFiltered": 76.94,
            "raId": "20241030_DA_CROSA_ORA_2417",
            "variableCostFinal": 182.22,
            "variableCostIntermediate": 181.44
        },
        {
            "costsOra": 156.52,
            "costsOraVariable": 170.88,
            "hourlyCostsAfterFixedCosts": 188.81,
            "hourlyCostsAfterReallocation": 172.27,
            "hourlyCostsFiltered": 75.6,
            "raId": "20240424_DA_CROSA_ORA_2925",
            "variableCostFinal": 188.06,
            "variableCostIntermediate": 163.39
        }
    ],
    "timeHorizon": "dayAhead",
    "totalCostsAllOras": 512.11,
    "totalCostsAllPsts": 694.05,
    "xnecData": [
        {
            "convertedXnecId": "ed6c325b-cbdf-4d3b-bf2c-4d4f8b79b8d7",
            "fLimit": 44.86,
            "fPrimeB": 83.14,
            "fWithoutOrasAndPsts": 64.0
        },
        {
            "convertedXnecId": "b74fd923-9230-4137-b104-63b6d03a3f15",
            "fLimit": 33.62,
            "fPrimeB": 84.24,
            "fWithoutOrasAndPsts": 58.93
        },
        {
            "convertedXnecId": "25d8ebd5-41a3-42e9-9cd2-0b194018f0be",
            "fLimit": 36.35,
            "fPrimeB": 87.19,
            "fWithoutOrasAndPsts": 61.77
        },
        {
            "convertedXnecId": "ecdb79dc-19d5-4649-afe8-ba6aa15f2b67",
            "fLimit": 37.56,
            "fPrimeB": 88.85,
            "fWithoutOrasAndPsts": 63.2
        },
        {
            "convertedXnecId": "e2ffeef6-5c76-42a1-ab35-90358144a9ac",
            "fLimit": 34.51,
            "fPrimeB": 95.29,
            "fWithoutOrasAndPsts": 64.9
        },
        {
            "convertedXnecId": "914f5dd1-6829-48ae-a9a1-c1f96073329a",
            "fLimit": 41.96,
            "fPrimeB": 94.17,
            "fWithoutOrasAndPsts": 68.06
        },
        {
            "convertedXnecId": "5b4193c5-c57e-416a-b535-6b93b9faa3e6",
            "fLimit": 38.24,
            "fPrimeB": 92.19,
            "fWithoutOrasAndPsts": 65.22
        }
    ]
}