{
    "aggregatedVolumeDownwardCostlyAnora": 41.92,
    "aggregatedVolumeUpwardCostlyAnora": 34.2,
    "averageCostDownwardOraOrAnora": 40.82,
    "averageCostUpwardOraOrAnora": 95.5,
    "businessDay": "2024-05-21",
    "businessTimestamp": "2024-05-21T01:30:00Z",
    "comoDocumentType": "CS_MAPPING_TSO_DATA_INTERMEDIATE_RESULTS_PER_HOUR",
    "comoDocumentVersion": "R24Q4V1_0",
    "crosaVersion": 1,
    "csProcessType": "981bd8117f3e0b521df8e0cf",
    "csProcessVersion": 4,
    "hourCongested": true,
    "penaltyBalancingSlack": 24.58,
    "penaltyCostForAnoraVolumes": 97.51,
    "penaltyFlowSlack": 24.93,
    "psdfData": {
        "convertedXnecId": "02ae5552-d1c9-41d4-bc24-ebb868e6c829",
        "raId": "ce55d66a-499b-4adc-81a4-933dbe12ead6",
        "sensitivity": 88153.99799702865
    },
    "pstData": [
        {
            "costsPst": 39.83,
            "pstId": "9dca63b5fad4e586356662ca",
            "tapAfter": 72.33,
            "tapBefore": 8.86
        }
    ],
    "ptdfData": {
        "convertedXnecId": "bc3eb30d-638d-48d5-814b-8930903bbab0",
        "raId": "a0f821d8-5208-4c76-ab05-ec0bd35f32a0",
        "sensitivity": 2.4
    },
    "raData": [
        {
            "costsOra": 187.34,
            "costsOraVariable": 183.77,
            "hourlyCostsAfterFixedCosts": 186.49,
            "hourlyCostsAfterReallocation": 171.35,
            "hourlyCostsFiltered": 40.41,
            "raId": "646783fd-34b4-47ff-a461-16adbe8ce837",
            "variableCostFinal": 162.66,
            "variableCostIntermediate": 159.0
        },
        {
            "costsOra": 164.41,
            "costsOraVariable": 173.14,
            "hourlyCostsAfterFixedCosts": 150.88,
            "hourlyCostsAfterReallocation": 150.95,
            "hourlyCostsFiltered": 70.05,
            "raId": "ef0c8a27-ad94-4188-b52e-2206b0b7666c",
            "variableCostFinal": 168.03,
            "variableCostIntermediate": 153.22
        },
        {
            "costsOra": 197.28,
            "costsOraVariable": 157.49,
            "hourlyCostsAfterFixedCosts": 158.4,
            "hourlyCostsAfterReallocation": 165.32,
            "hourlyCostsFiltered": 78.14,
            "raId": "8b9de6b4-ce1a-4480-a3fd-0ef45bb61560",
            "variableCostFinal": 167.3,
            "variableCostIntermediate": 182.94
        },
        {
            "costsOra": 197.8,
            "costsOraVariable": 181.61,
            "hourlyCostsAfterFixedCosts": 150.18,
            "hourlyCostsAfterReallocation": 189.16,
            "hourlyCostsFiltered": 51.41,
            "raId": "ae317ee2-b49b-4a5a-9f0c-2c6f863997cc",
            "variableCostFinal": 178.93,
            "variableCostIntermediate": 181.21
        }
    ],
    "timeHorizon": "dayAhead",
    "totalCostsAllOras": 746.8299999999999,
    "totalCostsAllPsts": 50.6,
    "xnecData": [
        {
            "convertedXnecId": "6286ecd5a2caf09715cabb91",
            "fLimit": 24.63,
            "fPrimeB": 17.34,
            "fWithoutOrasAndPsts": 35.3
        }
    ]
}