{
    "aggregatedVolumeDownwardCostlyAnora": 16.39,
    "aggregatedVolumeUpwardCostlyAnora": 11.81,
    "averageCostDownwardOraOrAnora": 27.21,
    "averageCostUpwardOraOrAnora": 19.98,
    "businessDay": "2024-06-18",
    "businessTimestamp": "2024-06-18T01:30:00Z",
    "comoDocumentType": "CS_MAPPING_TSO_DATA_INTERMEDIATE_RESULTS_PER_HOUR",
    "comoDocumentVersion": "R24Q4V1_0",
    "crosaVersion": 1,
    "csProcessType": "4e8f1869232ef7678c6fd8c5",
    "csProcessVersion": 4,
    "hourCongested": true,
    "penaltyBalancingSlack": 18.26,
    "penaltyCostForAnoraVolumes": 31.53,
    "penaltyFlowSlack": 95.89,
    "psdfData": [
        {
            "convertedXnecId": "bf7ba6e3-a510-4dbe-8b1d-24b4ed18cb30",
            "pstId": "5512b861-a52b-432b-8244-eeb6d6bb74e0",
            "sensitivity": 1831.011
        },
        {
            "convertedXnecId": "0c4a720c-35e9-4ab4-b092-aa92ff102a55",
            "pstId": "fd3923cc-3382-46da-acde-e7e33b100151",
            "sensitivity": 3546.239
        },
        {
            "convertedXnecId": "2a835e4f-303a-4a90-a5a0-f6559b0affd8",
            "pstId": "9087bee3-8c86-4719-8ae0-92ad0594b878",
            "sensitivity": 718.744
        }
    ],
    "pstData": [
        {
            "costsPst": 152.35,
            "pstId": "5512b861-a52b-432b-8244-eeb6d6bb74e0",
            "tapAfter": 11.46,
            "tapBefore": 196.56
        },
        {
            "costsPst": 183.71,
            "pstId": "fd3923cc-3382-46da-acde-e7e33b100151",
            "tapAfter": 61.02,
            "tapBefore": 163.82
        },
        {
            "costsPst": 152.45,
            "pstId": "9087bee3-8c86-4719-8ae0-92ad0594b878",
            "tapAfter": 89.19,
            "tapBefore": 154.17
        }
    ],
    "ptdfData": [
        {
            "convertedXnecId": "7f21d34d-630f-47d6-b08a-0bd8bdf04ff2",
            "raId": "20250103_DA_CROSA_ORA_4838",
            "sensitivity": 0.15
        },
        {
            "convertedXnecId": "ff187bd0-8e66-4854-ae14-4c7bfcf2dd32",
            "raId": "20240908_DA_CROSA_ORA_9841",
            "sensitivity": 0.984
        },
        {
            "convertedXnecId": "c0aa23fd-9726-4e35-81df-ab189ed7818e",
            "raId": "20240403_DA_CROSA_ORA_5020",
            "sensitivity": 0.059
        },
        {
            "convertedXnecId": "787c246c-f138-4db1-a357-27cf1f50de57",
            "raId": "20241001_DA_CROSA_ORA_3290",
            "sensitivity": 0.637
        }
    ],
    "raData": [
        {
            "costsOra": 198.11,
            "costsOraVariable": 158.14,
            "hourlyCostsAfterFixedCosts": 161.54,
            "hourlyCostsAfterReallocation": 151.41,
            "hourlyCostsFiltered": 98.35,
            "raId": "20250103_DA_CROSA_ORA_4838",
            "variableCostFinal": 178.69,
            "variableCostIntermediate": 182.82
        },
        {
            "costsOra": 167.41,
            "costsOraVariable": 178.69,
            "hourlyCostsAfterFixedCosts": 180.74,
            "hourlyCostsAfterReallocation": 155.16,
            "hourlyCostsFiltered": 50.55,
            "raId": "20240908_DA_CROSA_ORA_9841",
            "variableCostFinal": 154.87,
            "variableCostIntermediate": 187.25
        },
        {
            "costsOra": 166.02,
            "costsOraVariable": 160.66,
            "hourlyCostsAfterFixedCosts": 183.64,
            "hourlyCostsAfterReallocation": 151.12,
            "hourlyCostsFiltered": 18.83,
            "raId": "20240403_DA_CROSA_ORA_5020",
            "variableCostFinal": 162.8,
            "variableCostIntermediate": 159.37
        },
        {
            "costsOra": 191.65,
            "costsOraVariable": 196.57,
            "hourlyCostsAfterFixedCosts": 172.37,
            "hourlyCostsAfterReallocation": 197.94,
            "hourlyCostsFiltered": 73.38,
            "raId": "20241001_DA_CROSA_ORA_3290",
            "variableCostFinal": 184.36,
            "variableCostIntermediate": 162.91
        }
    ],
    "timeHorizon": "dayAhead",
    "totalCostsAllOras": 723.19,
    "totalCostsAllPsts": 488.51,
    "xnecData": [
        {
            "convertedXnecId": "bf7ba6e3-a510-4dbe-8b1d-24b4ed18cb30",
            "fLimit": 39.34,
            "fPrimeB": 92.42,
            "fWithoutOrasAndPsts": 65.88
        },
        {
            "convertedXnecId": "0c4a720c-35e9-4ab4-b092-aa92ff102a55",
            "fLimit": 40.69,
            "fPrimeB": 98.45,
            "fWithoutOrasAndPsts": 69.57
        },
        {
            "convertedXnecId": "2a835e4f-303a-4a90-a5a0-f6559b0affd8",
            "fLimit": 35.34,
            "fPrimeB": 84.27,
            "fWithoutOrasAndPsts": 59.8
        },
        {
            "convertedXnecId": "7f21d34d-630f-47d6-b08a-0bd8bdf04ff2",
            "fLimit": 41.47,
            "fPrimeB": 92.09,
            "fWithoutOrasAndPsts": 66.78
        },
        {
            "convertedXnecId": "ff187bd0-8e66-4854-ae14-4c7bfcf2dd32",
            "fLimit": 38.45,
            "fPrimeB": 97.16,
            "fWithoutOrasAndPsts": 67.81
        },
        {
            "convertedXnecId": "c0aa23fd-9726-4e35-81df-ab189ed7818e",
            "fLimit": 40.04,
            "fPrimeB": 84.76,
            "fWithoutOrasAndPsts": 62.4
        },
        {
            "convertedXnecId": "787c246c-f138-4db1-a357-27cf1f50de57",
            "fLimit": 33.45,
            "fPrimeB": 85.39,
            "fWithoutOrasAndPsts": 59.42
        }
    ]
}