{
    "aggregatedVolumeDownwardCostlyAnora": 64.61,
    "aggregatedVolumeUpwardCostlyAnora": 50.63,
    "averageCostDownwardOraOrAnora": 51.16,
    "averageCostUpwardOraOrAnora": 62.99,
    "businessDay": "2024-11-17",
    "businessTimestamp": "2024-11-17T02:30:00Z",
    "comoDocumentType": "CS_MAPPING_TSO_DATA_INTERMEDIATE_RESULTS_PER_HOUR",
    "comoDocumentVersion": "R24Q4V1_0",
    "crosaVersion": 1,
    "csProcessType": "e353221dc8c4b3391008d516",
    "csProcessVersion": 2,
    "hourCongested": false,
    "penaltyBalancingSlack": 27.74,
    "penaltyCostForAnoraVolumes": 69.89,
    "penaltyFlowSlack": 77.04,
    "psdfData": [
        {
            "convertedXnecId": "f01875d9-3fee-4270-8800-fe82aa6a315c",
            "pstId": "19608edd-c121-4606-85f2-02a4c76a7169",
            "sensitivity": 1096.909
        },
        {
            "convertedXnecId": "face8475-b2b1-4ad5-ba3e-47a963b60558",
            "pstId": "fe4f9760-b78d-4a6b-a0dd-29b418ac6cb3",
            "sensitivity": 2756.029
        },
        {
            "convertedXnecId": "e6efd1f8-b525-4ea0-b69c-d43ccb3bc9a2",
            "pstId": "529d9c70-7fc6-4bec-9896-77cd3be0a7a4",
            "sensitivity": 458.588
        }
    ],
    "pstData": [
        {
            "costsPst": 181.59,
            "pstId": "19608edd-c121-4606-85f2-02a4c76a7169",
            "tapAfter": 89.36,
            "tapBefore": 150.97
        },
        {
            "costsPst": 152.35,
            "pstId": "fe4f9760-b78d-4a6b-a0dd-29b418ac6cb3",
            "tapAfter": 9.96,
            "tapBefore": 180.1
        },
        {
            "costsPst": 160.13,
            "pstId": "529d9c70-7fc6-4bec-9896-77cd3be0a7a4",
            "tapAfter": 21.36,
            "tapBefore": 152.98
        }
    ],
    "ptdfData": [
        {
            "convertedXnecId": "626d2af1-b70d-4b75-81fe-9f2a688b67cb",
            "raId": "20240724_DA_CROSA_ORA_9318",
            "sensitivity": 0.789
        },
        {
            "convertedXnecId": "d6079acd-9982-438e-a860-1c7d538511f5",
            "raId": "20240807_DA_CROSA_ORA_1158",
            "sensitivity": 0.45
        }
    ],
    "raData": [
        {
            "costsOra": 172.41,
            "costsOraVariable": 158.85,
            "hourlyCostsAfterFixedCosts": 179.61,
            "hourlyCostsAfterReallocation": 150.83,
            "hourlyCostsFiltered": 70.2,
            "raId": "20240724_DA_CROSA_ORA_9318",
            "variableCostFinal": 158.97,
            "variableCostIntermediate": 199.42
        },
        {
            "costsOra": 159.58,
            "costsOraVariable": 198.4,
            "hourlyCostsAfterFixedCosts": 199.56,
            "hourlyCostsAfterReallocation": 180.21,
            "hourlyCostsFiltered": 30.57,
            "raId": "20240807_DA_CROSA_ORA_1158",
            "variableCostFinal": 177.78,
            "variableCostIntermediate": 198.78
        }
    ],
    "timeHorizon": "dayAhead",
    "totalCostsAllOras": 331.99,
    "totalCostsAllPsts": 494.07,
    "xnecData": [
        {
            "convertedXnecId": "f01875d9-3fee-4270-8800-fe82aa6a315c",
            "fLimit": 34.12,
            "fPrimeB": 94.71,
            "fWithoutOrasAndPsts": 64.41
        },
        {
            "convertedXnecId": "face8475-b2b1-4ad5-ba3e-47a963b60558",
            "fLimit": 30.68,
            "fPrimeB": 94.27,
            "fWithoutOrasAndPsts": 62.47
        },
        {
            "convertedXnecId": "e6efd1f8-b525-4ea0-b69c-d43ccb3bc9a2",
            "fLimit": 44.22,
            "fPrimeB": 82.73,
            "fWithoutOrasAndPsts": 63.48
        },
        {
            "convertedXnecId": "626d2af1-b70d-4b75-81fe-9f2a688b67cb",
            "fLimit": 32.48,
            "fPrimeB": 99.77,
            "fWithoutOrasAndPsts": 66.12
        },
        {
            "convertedXnecId": "d6079acd-9982-438e-a860-1c7d538511f5",
            "fLimit": 38.93,
            "fPrimeB": 93.61,
            "fWithoutOrasAndPsts": 66.27
        }
    ]
}