{
    "aggregatedVolumeDownwardCostlyAnora": 97.81,
    "aggregatedVolumeUpwardCostlyAnora": 63.87,
    "averageCostDownwardOraOrAnora": 91.62,
    "averageCostUpwardOraOrAnora": 84.77,
    "businessDay": "2024-10-07",
    "businessTimestamp": "2024-10-07T02:30:00Z",
    "comoDocumentType": "CS_MAPPING_TSO_DATA_INTERMEDIATE_RESULTS_PER_HOUR",
    "comoDocumentVersion": "R24Q4V1_0",
    "crosaVersion": 1,
    "csProcessType": "963b20439d96e26396f2ae5c",
    "csProcessVersion": 5,
    "hourCongested": false,
    "penaltyBalancingSlack": 83.42,
    "penaltyCostForAnoraVolumes": 44.05,
    "penaltyFlowSlack": 71.44,
    "psdfData": [
        {
            "convertedXnecId": "109a71b7-e6e7-457e-a12c-715b367a5aaf",
            "pstId": "246c1685-8112-49e5-84a0-3d67e629d444",
            "sensitivity": 214.971
        }
    ],
    "pstData": [
        {
            "costsPst": 164.9,
            "pstId": "246c1685-8112-49e5-84a0-3d67e629d444",
            "tapAfter": 66.19,
            "tapBefore": 174.17
        }
    ],
    "ptdfData": [
        {
            "convertedXnecId": "b7c96dc0-8378-48b0-81d4-add87addb155",
            "raId": "20240519_DA_CROSA_ORA_2703",
            "sensitivity": 0.713
        },
        {
            "convertedXnecId": "8c427326-1afb-4564-8794-d6f194ee0795",
            "raId": "20240125_DA_CROSA_ORA_6046",
            "sensitivity": 0.537
        },
        {
            "convertedXnecId": "f96b81f5-1317-4250-842b-2fc5620a6e24",
            "raId": "20240906_DA_CROSA_ORA_8592",
            "sensitivity": 0.154
        }
    ],
    "raData": [
        {
            "costsOra": 157.42,
            "costsOraVariable": 167.76,
            "hourlyCostsAfterFixedCosts": 171.94,
            "hourlyCostsAfterReallocation": 168.33,
            "hourlyCostsFiltered": 30.41,
            "raId": "20240519_DA_CROSA_ORA_2703",
            "variableCostFinal": 187.33,
            "variableCostIntermediate": 180.14
        },
        {
            "costsOra": 197.76,
            "costsOraVariable": 173.83,
            "hourlyCostsAfterFixedCosts": 194.11,
            "hourlyCostsAfterReallocation": 198.44,
            "hourlyCostsFiltered": 45.34,
            "raId": "20240125_DA_CROSA_ORA_6046",
            "variableCostFinal": 159.17,
            "variableCostIntermediate": 189.72
        },
        {
            "costsOra": 152.2,
            "costsOraVariable": 158.81,
            "hourlyCostsAfterFixedCosts": 194.54,
            "hourlyCostsAfterReallocation": 193.73,
            "hourlyCostsFiltered": 35.74,
            "raId": "20240906_DA_CROSA_ORA_8592",
            "variableCostFinal": 192.62,
            "variableCostIntermediate": 172.38
        }
    ],
    "timeHorizon": "dayAhead",
    "totalCostsAllOras": 507.38,
    "totalCostsAllPsts": 164.9,
    "xnecData": [
        {
            "convertedXnecId": "109a71b7-e6e7-457e-a12c-715b367a5aaf",
            "fLimit": 46.58,
            "fPrimeB": 83.58,
            "fWithoutOrasAndPsts": 65.08
        },
        {
            "convertedXnecId": "b7c96dc0-8378-48b0-81d4-add87addb155",
            "fLimit": 30.42,
            "fPrimeB": 88.5,
            "fWithoutOrasAndPsts": 59.46
        },
        {
            "convertedXnecId": "8c427326-1afb-4564-8794-d6f194ee0795",
            "fLimit": 46.57,
            "fPrimeB": 81.86,
            "fWithoutOrasAndPsts": 64.22
        },
        {
            "convertedXnecId": "f96b81f5-1317-4250-842b-2fc5620a6e24",
            "fLimit": 46.28,
            "fPrimeB": 88.02,
            "fWithoutOrasAndPsts": 67.15
        }
    ]
}