{
    "aggregatedVolumeDownwardCostlyAnora": 80.17,
    "aggregatedVolumeUpwardCostlyAnora": 89.46,
    "averageCostDownwardOraOrAnora": 97.4,
    "averageCostUpwardOraOrAnora": 92.51,
    "businessDay": "2024-12-12",
    "businessTimestamp": "2024-12-12T01:30:00Z",
    "comoDocumentType": "CS_MAPPING_TSO_DATA_INTERMEDIATE_RESULTS_PER_HOUR",
    "comoDocumentVersion": "R24Q4V1_0",
    "crosaVersion": 1,
    "csProcessType": "000caaf4c7c4230e8d04877c",
    "csProcessVersion": 4,
    "hourCongested": true,
    "penaltyBalancingSlack": 95.84,
    "penaltyCostForAnoraVolumes": 56.06,
    "penaltyFlowSlack": 42.25,
    "psdfData": [
        {
            "convertedXnecId": "f07ca239-1c35-4c38-a5d3-9464b1d3ef95",
            "pstId": "20240320_DA_CROSA_ORA_1580",
            "sensitivity": 1199.715
        },
        {
            "convertedXnecId": "28603ed7-4b02-4d82-aec0-e891542c843b",
            "pstId": "20241017_DA_CROSA_ORA_8417",
            "sensitivity": 3797.63
        },
        {
            "convertedXnecId": "c9ca9f6a-6e48-44d1-8c8c-5ba2f720f2cd",
            "pstId": "20240308_DA_CROSA_ORA_7584",
            "sensitivity": 515.103
        }
    ],
    "pstData": [
        {
            "costsPst": 173.41,
            "pstId": "20240320_DA_CROSA_ORA_1580",
            "tapAfter": 74.27,
            "tapBefore": 191.98
        },
        {
            "costsPst": 166.12,
            "pstId": "20241017_DA_CROSA_ORA_8417",
            "tapAfter": 40.81,
            "tapBefore": 159.16
        },
        {
            "costsPst": 188.18,
            "pstId": "20240308_DA_CROSA_ORA_7584",
            "tapAfter": 83.07,
            "tapBefore": 180.72
        }
    ],
    "ptdfData": [
        {
            "convertedXnecId": "f9a1c5f9-1241-4d2e-9089-57f305ae1d69",
            "raId": "20240428_DA_CROSA_ORA_2189",
            "sensitivity": 0.122
        },
        {
            "convertedXnecId": "61a84af5-e8d9-4d82-ae19-68b570f24d6f",
            "raId": "20241231_DA_CROSA_ORA_7128",
            "sensitivity": 0.775
        },
        {
            "convertedXnecId": "f85d7f9b-2fdb-4995-835a-6027c1f9d91d",
            "raId": "20240516_DA_CROSA_ORA_1101",
            "sensitivity": 0.509
        },
        {
            "convertedXnecId": "13115167-f350-4df4-a3ef-9276845d6b86",
            "raId": "20240427_DA_CROSA_ORA_2039",
            "sensitivity": 0.972
        }
    ],
    "raData": [
        {
            "costsOra": 176.37,
            "costsOraVariable": 157.4,
            "hourlyCostsAfterFixedCosts": 180.2,
            "hourlyCostsAfterReallocation": 198.45,
            "hourlyCostsFiltered": 4.23,
            "raId": "20240428_DA_CROSA_ORA_2189",
            "variableCostFinal": 163.52,
            "variableCostIntermediate": 194.48
        },
        {
            "costsOra": 156.39,
            "costsOraVariable": 163.24,
            "hourlyCostsAfterFixedCosts": 172.46,
            "hourlyCostsAfterReallocation": 163.73,
            "hourlyCostsFiltered": 16.83,
            "raId": "20241231_DA_CROSA_ORA_7128",
            "variableCostFinal": 188.29,
            "variableCostIntermediate": 172.98
        },
        {
            "costsOra": 160.43,
            "costsOraVariable": 198.53,
            "hourlyCostsAfterFixedCosts": 199.48,
            "hourlyCostsAfterReallocation": 199.67,
            "hourlyCostsFiltered": 65.31,
            "raId": "20240516_DA_CROSA_ORA_1101",
            "variableCostFinal": 167.94,
            "variableCostIntermediate": 165.25
        },
        {
            "costsOra": 182.93,
            "costsOraVariable": 182.41,
            "hourlyCostsAfterFixedCosts": 182.22,
            "hourlyCostsAfterReallocation": 183.96,
            "hourlyCostsFiltered": 19.43,
            "raId": "20240427_DA_CROSA_ORA_2039",
            "variableCostFinal": 184.58,
            "variableCostIntermediate": 169.3
        }
    ],
    "timeHorizon": "dayAhead",
    "totalCostsAllOras": 676.12,
    "totalCostsAllPsts": 527.71,
    "xnecData": [
        {
            "convertedXnecId": "f07ca239-1c35-4c38-a5d3-9464b1d3ef95",
            "fLimit": 44.36,
            "fPrimeB": 82.17,
            "fWithoutOrasAndPsts": 63.27
        },
        {
            "convertedXnecId": "28603ed7-4b02-4d82-aec0-e891542c843b",
            "fLimit": 49.52,
            "fPrimeB": 84.73,
            "fWithoutOrasAndPsts": 67.12
        },
        {
            "convertedXnecId": "c9ca9f6a-6e48-44d1-8c8c-5ba2f720f2cd",
            "fLimit": 30.84,
            "fPrimeB": 80.83,
            "fWithoutOrasAndPsts": 55.84
        },
        {
            "convertedXnecId": "f9a1c5f9-1241-4d2e-9089-57f305ae1d69",
            "fLimit": 46.64,
            "fPrimeB": 87.78,
            "fWithoutOrasAndPsts": 67.21
        },
        {
            "convertedXnecId": "61a84af5-e8d9-4d82-ae19-68b570f24d6f",
            "fLimit": 47.99,
            "fPrimeB": 99.66,
            "fWithoutOrasAndPsts": 73.83
        },
        {
            "convertedXnecId": "f85d7f9b-2fdb-4995-835a-6027c1f9d91d",
            "fLimit": 33.01,
            "fPrimeB": 86.9,
            "fWithoutOrasAndPsts": 59.95
        },
        {
            "convertedXnecId": "13115167-f350-4df4-a3ef-9276845d6b86",
            "fLimit": 47.48,
            "fPrimeB": 88.09,
            "fWithoutOrasAndPsts": 67.78
        }
    ]
}