{
    "aggregatedVolumeDownwardCostlyAnora": 79.78,
    "aggregatedVolumeUpwardCostlyAnora": 77.15,
    "averageCostDownwardOraOrAnora": 4.86,
    "averageCostUpwardOraOrAnora": 54.71,
    "businessDay": "2025-01-13",
    "businessTimestamp": "2025-01-13T01:30:00Z",
    "comoDocumentType": "CS_MAPPING_TSO_DATA_INTERMEDIATE_RESULTS_PER_HOUR",
    "comoDocumentVersion": "R24Q4V1_0",
    "crosaVersion": 1,
    "csProcessType": "7e51cdb1176d30a5402db34b",
    "csProcessVersion": 1,
    "hourCongested": true,
    "penaltyBalancingSlack": 41.74,
    "penaltyCostForAnoraVolumes": 11.27,
    "penaltyFlowSlack": 95.0,
    "psdfData": [
        {
            "convertedXnecId": "d9b91cbf-d978-45f5-9a9b-fe2c63161739",
            "pstId": "20240826_DA_CROSA_ORA_1185",
            "sensitivity": 6404.849
        }
    ],
    "pstData": [
        {
            "costsPst": 176.0,
            "pstId": "20240826_DA_CROSA_ORA_1185",
            "tapAfter": 6.09,
            "tapBefore": 155.42
        }
    ],
    "ptdfData": [
        {
            "convertedXnecId": "0dade40b-d9bd-4962-be97-853af6111407",
            "raId": "20240223_DA_CROSA_ORA_6927",
            "sensitivity": 0.019
        }
    ],
    "raData": [
        {
            "costsOra": 166.36,
            "costsOraVariable": 191.76,
            "hourlyCostsAfterFixedCosts": 169.25,
            "hourlyCostsAfterReallocation": 176.8,
            "hourlyCostsFiltered": 20.17,
            "raId": "20240223_DA_CROSA_ORA_6927",
            "variableCostFinal": 156.7,
            "variableCostIntermediate": 155.95
        }
    ],
    "timeHorizon": "dayAhead",
    "totalCostsAllOras": 166.36,
    "totalCostsAllPsts": 176.0,
    "xnecData": [
        {
            "convertedXnecId": "d9b91cbf-d978-45f5-9a9b-fe2c63161739",
            "fLimit": 37.01,
            "fPrimeB": 85.73,
            "fWithoutOrasAndPsts": 61.37
        },
        {
            "convertedXnecId": "0dade40b-d9bd-4962-be97-853af6111407",
            "fLimit": 41.4,
            "fPrimeB": 98.39,
            "fWithoutOrasAndPsts": 69.89
        }
    ]
}