{
    "assessedElementFlatListId": "4092c610-3f13-4f4e-8286-1bd117817710",
    "contingencyFlatListId": "a27f5f85-ed97-4096-9519-4bd02e77e2fe",
    "businessTimestamp": "2024-01-06T00:30:00",
    "cdsId": "3dbf748e-1383-40de-8343-e3d6a0a6698b",
    "documentId": "6543849d-2f2d-46d9-8d6b-d718debffb1e",
    "gridModelId": "798b614c-1146-4970-8b6f-6a0e19233e55",
    "ownerCode": "10XAT-APG------Z",
    "ownerRole": "Grid Manager",
    "timeHorizon": "dayAhead",
    "timeInterval": {
        "from": "2024-01-06T00:00:00",
        "to": "2024-01-06T01:00:00"
    },
    "version": 5,
    "assessedElementList": [
        {
            "appointedMargin": 14.12,
            "areaCode": "10YDOM-1010A019R",
            "assessedPowerTransferCorridorCode": "edf6660f-5269-4696-a090-47f4ba665cd9",
            "assessedSystemOperatorCode": "10XAT-APG------Z",
            "conductingEquipmentMrid": "73b39746-1f9a-4a91-8fb7-7577e1281e18",
            "conductingEquipmentName": "Equipment 1",
            "contingencyList": [
                {
                    "contingencyMrid": "5c440f05-9851-4546-8cd8-2868203ea107",
                    "enabled": false,
                    "ruleType": "exclude"
                },
                {
                    "contingencyMrid": "c2942590-1b1d-48a7-aba2-323e0a00b19c",
                    "enabled": true,
                    "ruleType": "exclude"
                },
                {
                    "contingencyMrid": "20b68f0f-fdb6-48bb-8df6-79ca1889ec38",
                    "enabled": false,
                    "ruleType": "exclude"
                }
            ],
            "dcTieCorridorCode": "510f34f6-389a-4438-8269-5cc7f3072c22",
            "description": null,
            "enabled": true,
            "equipmentType": "load",
            "exclusionReason": "systemOperator",
            "flowReliabilityMargin": 79.68,
            "inBaseCase": true,
            "isCombinableWithContingency": false,
            "isCombinableWithRemedialAction": false,
            "isCritical": true,
            "isCrossBorderRelevant": true,
            "isExcludedAdHoc": true,
            "maxFlow": 829.38,
            "maxMarginAdjustment": 50.66,
            "mrid": "fc04bf44-a89d-4a58-92cd-268884b49269",
            "name": "Assessed Element 1",
            "nativeRegionCode": "e1beb888-2ac9-4b6a-bedf-c72bdeb9e266",
            "overlappingZoneCode": "bdd63471-35b4-4db4-81f0-9fa3e6529e8e",
            "positiveVirtualMargin": 3.54,
            "remedialActionList": [
                {
                    "enabled": false,
                    "remedialActionMrid": "c2068ffc-5bd8-4c72-9169-52e3045f33d8",
                    "ruleType": "exclude"
                }
            ],
            "scannedForRegionCode": "e8e8d85e-5573-4af5-a85a-ac627e062c1c",
            "scannedThresholdMargin": 28.96,
            "securedForRegionCode": "9d5e1907-890c-408e-a906-5bb3dc7e49fc",
            "targetRemainingAvailableMargin": 18.61,
            "terminalList": [
                {
                    "limit": {
                        "category": "category",
                        "direction": "opposite",
                        "duration": "PT57M",
                        "mrid": "f49a4009-80d4-48d8-95da-443d0147a400",
                        "type": "ratio",
                        "value": 954.12,
                        "variable": "activePowerMin"
                    },
                    "limitMrid": "ea82f9c9-ec43-4cd6-bf37-4e5aa4585ea0",
                    "terminalMrid": "44855d85-9672-4dbb-9e8d-8fda2da67615"
                },
                {
                    "limit": {
                        "category": "permanent",
                        "direction": "opposite",
                        "duration": "PT14M",
                        "mrid": "f739252f-2069-4544-86c5-2f80f7d82287",
                        "type": "ratio",
                        "value": 693.55,
                        "variable": "voltageAngleMax"
                    },
                    "limitMrid": "1cf91da5-2fbd-43ac-886e-5fc892964a8e",
                    "terminalMrid": "985e6072-91a8-405b-aeda-fe581892e617"
                },
                {
                    "limit": {
                        "category": "permanent",
                        "direction": "double",
                        "duration": "PT17M",
                        "mrid": "424df5d9-0e12-4e64-ac0a-f3a033265fc5",
                        "type": "absolute",
                        "value": 963.57,
                        "variable": "voltageAngleMax"
                    },
                    "limitMrid": "7b57394e-ec08-4afe-9851-3f9dc7c8dd24",
                    "terminalMrid": "0a7ba432-7b20-4b96-b631-feb24a2a5c05"
                }
            ]
        },
        {
            "appointedMargin": 78.97,
            "areaCode": "10YDOM-1010A019R",
            "assessedPowerTransferCorridorCode": "3ddb4d79-34ac-4e82-91ee-1777767c032b",
            "assessedSystemOperatorCode": "10XAT-APG------Z",
            "conductingEquipmentMrid": "02a18c1e-502e-4043-b9b4-3c26cd8d1567",
            "conductingEquipmentName": "Equipment 2",
            "contingencyList": [
                {
                    "contingencyMrid": "5c440f05-9851-4546-8cd8-2868203ea107",
                    "enabled": true,
                    "ruleType": "exclude"
                },
                {
                    "contingencyMrid": "c2942590-1b1d-48a7-aba2-323e0a00b19c",
                    "enabled": false,
                    "ruleType": "include"
                },
                {
                    "contingencyMrid": "20b68f0f-fdb6-48bb-8df6-79ca1889ec38",
                    "enabled": false,
                    "ruleType": "include"
                }
            ],
            "dcTieCorridorCode": "a0d60094-ee6d-4b23-bf03-e569a93eab30",
            "description": "Sample assessed element description 2",
            "enabled": false,
            "equipmentType": "load",
            "exclusionReason": "nonNativeCapacityCalculationRegion",
            "flowReliabilityMargin": 66.68,
            "inBaseCase": false,
            "isCombinableWithContingency": true,
            "isCombinableWithRemedialAction": true,
            "isCritical": false,
            "isCrossBorderRelevant": false,
            "isExcludedAdHoc": false,
            "maxFlow": 809.3,
            "maxMarginAdjustment": 10.64,
            "mrid": "9b8c238a-dffc-42b7-91a2-f729bc95a6b5",
            "name": "Assessed Element 2",
            "nativeRegionCode": "277b8313-e924-4d35-b05f-c5bc9ea3dc6b",
            "overlappingZoneCode": "ec738a0b-88cc-4b99-857c-26f53e4efef8",
            "positiveVirtualMargin": 25.63,
            "remedialActionList": [
                {
                    "enabled": true,
                    "remedialActionMrid": "ce9da316-841c-462c-aade-857f4e3d6d60",
                    "ruleType": "exclude"
                },
                {
                    "enabled": false,
                    "remedialActionMrid": "2fbe1bb8-0de6-49a9-be9b-c64576e07e4e",
                    "ruleType": "exclude"
                }
            ],
            "scannedForRegionCode": "04928ee7-f098-48a8-a992-68fc2d4d0f43",
            "scannedThresholdMargin": 54.74,
            "securedForRegionCode": "cfe4d18b-86e6-4738-a3ff-35f641cea289",
            "targetRemainingAvailableMargin": 11.75,
            "terminalList": [
                {
                    "limit": {
                        "category": "category",
                        "direction": "direct",
                        "duration": "PT52M",
                        "mrid": "09d41d22-36d4-447c-9c31-ec967eb97202",
                        "type": "ratio",
                        "value": 801.02,
                        "variable": "apparentPowerMax"
                    },
                    "limitMrid": "5791d2c2-1653-4fdb-8fca-922dfb382ffc",
                    "terminalMrid": "b93b9fb1-2658-475e-9542-fa88a895ca94"
                },
                {
                    "limit": {
                        "category": "permanent",
                        "direction": "opposite",
                        "duration": "PT44M",
                        "mrid": "7fb24039-dd9e-403f-bacb-7bac8dff845d",
                        "type": "absolute",
                        "value": 378.48,
                        "variable": "apparentPowerMax"
                    },
                    "limitMrid": "243846fe-7256-474b-a930-aaeb5ea22f52",
                    "terminalMrid": "f3826973-1479-499c-803e-39b3b0f1836a"
                },
                {
                    "limit": {
                        "category": "category",
                        "direction": "opposite",
                        "duration": "PT40M",
                        "mrid": "dc46c23e-ef85-42d1-8d6e-2bbc08d796b6",
                        "type": "absolute",
                        "value": 693.71,
                        "variable": "reactivePowerMin"
                    },
                    "limitMrid": "3c461b82-5c6e-4451-8e9f-bb59d9aa118c",
                    "terminalMrid": "c7095a8f-33c6-49ce-9d7b-244c660ebd82"
                }
            ]
        },
        {
            "appointedMargin": 23.46,
            "areaCode": "10YDOM-1010A019R",
            "assessedPowerTransferCorridorCode": "78530198-d591-4b82-a83e-4c2de6b0ff61",
            "assessedSystemOperatorCode": "10XAT-APG------Z",
            "conductingEquipmentMrid": "58ffecaa-8649-4361-b4bf-ebfd1ebbc905",
            "conductingEquipmentName": null,
            "contingencyList": [
                {
                    "contingencyMrid": "5c440f05-9851-4546-8cd8-2868203ea107",
                    "enabled": true,
                    "ruleType": "include"
                },
                {
                    "contingencyMrid": "c2942590-1b1d-48a7-aba2-323e0a00b19c",
                    "enabled": true,
                    "ruleType": "exclude"
                },
                {
                    "contingencyMrid": "20b68f0f-fdb6-48bb-8df6-79ca1889ec38",
                    "enabled": true,
                    "ruleType": "include"
                }
            ],
            "dcTieCorridorCode": "c920f32d-96f5-46f7-b472-9ea0ec1c63a9",
            "description": null,
            "enabled": false,
            "equipmentType": "staticVarCompensator",
            "exclusionReason": "systemOperator",
            "flowReliabilityMargin": 6.04,
            "inBaseCase": false,
            "isCombinableWithContingency": false,
            "isCombinableWithRemedialAction": true,
            "isCritical": false,
            "isCrossBorderRelevant": false,
            "isExcludedAdHoc": true,
            "maxFlow": 319.53,
            "maxMarginAdjustment": 23.22,
            "mrid": "4ca587f7-81bc-44dc-9d91-65090519f527",
            "name": "Assessed Element 3",
            "nativeRegionCode": "d6f49f37-10c5-4018-a317-e0a54c740f36",
            "overlappingZoneCode": "8f32c433-3b8d-419c-bf54-30e1fcf002fe",
            "positiveVirtualMargin": 2.54,
            "remedialActionList": [
                {
                    "enabled": false,
                    "remedialActionMrid": "cda75ed3-2298-46c6-910d-895be1219a15",
                    "ruleType": "exclude"
                },
                {
                    "enabled": true,
                    "remedialActionMrid": "71b22064-48ba-432f-8d6b-ae6483a0fd4e",
                    "ruleType": "include"
                },
                {
                    "enabled": false,
                    "remedialActionMrid": "0397d98c-3487-4bbb-b51a-d6635002e544",
                    "ruleType": "exclude"
                }
            ],
            "scannedForRegionCode": "4ba11b33-028d-49c4-b2ef-3c86c42ea314",
            "scannedThresholdMargin": 24.88,
            "securedForRegionCode": "a6107f4d-9885-4046-b98f-4b101c89f2ec",
            "targetRemainingAvailableMargin": 20.84,
            "terminalList": [
                {
                    "limit": {
                        "category": "category",
                        "direction": "opposite",
                        "duration": "PT14M",
                        "mrid": "f69fe4a0-0975-4247-bba8-aa18ede49e3e",
                        "type": "absolute",
                        "value": 586.79,
                        "variable": "activePowerMax"
                    },
                    "limitMrid": "7722cc37-4407-4043-b7ff-6c2cb37913e2",
                    "terminalMrid": "78e895aa-ec52-41de-a30c-75bf8afacb84"
                }
            ]
        },
        {
            "appointedMargin": 18.28,
            "areaCode": "10YDOM-1010A019R",
            "assessedPowerTransferCorridorCode": "467316bb-d486-4206-9fa0-c2b9ae4d95a4",
            "assessedSystemOperatorCode": "10XAT-APG------Z",
            "conductingEquipmentMrid": "fb5a3981-edc8-45a6-be85-4e2a1a35b4c6",
            "conductingEquipmentName": null,
            "contingencyList": [
                {
                    "contingencyMrid": "5c440f05-9851-4546-8cd8-2868203ea107",
                    "enabled": true,
                    "ruleType": "exclude"
                },
                {
                    "contingencyMrid": "c2942590-1b1d-48a7-aba2-323e0a00b19c",
                    "enabled": true,
                    "ruleType": "include"
                },
                {
                    "contingencyMrid": "20b68f0f-fdb6-48bb-8df6-79ca1889ec38",
                    "enabled": false,
                    "ruleType": "include"
                }
            ],
            "dcTieCorridorCode": "719120aa-a97c-442b-947a-ae61df96b178",
            "description": null,
            "enabled": false,
            "equipmentType": "bus",
            "exclusionReason": "nonNativeCapacityCalculationRegion",
            "flowReliabilityMargin": 38.8,
            "inBaseCase": false,
            "isCombinableWithContingency": true,
            "isCombinableWithRemedialAction": true,
            "isCritical": false,
            "isCrossBorderRelevant": true,
            "isExcludedAdHoc": true,
            "maxFlow": 723.11,
            "maxMarginAdjustment": 17.9,
            "mrid": "776c7083-cecd-40b7-8e3a-eb90f593a086",
            "name": "Assessed Element 4",
            "nativeRegionCode": "e73af374-ac1f-456d-8d09-2820d04bc4e1",
            "overlappingZoneCode": "1c32c464-03c1-43be-a1d6-1eed4782a55e",
            "positiveVirtualMargin": 27.84,
            "remedialActionList": [
                {
                    "enabled": false,
                    "remedialActionMrid": "bb4bc972-8a1a-40b6-83c5-7c8673646be7",
                    "ruleType": "exclude"
                },
                {
                    "enabled": false,
                    "remedialActionMrid": "098c4a3a-9baa-4bd8-aa7c-e5943bdb62d1",
                    "ruleType": "include"
                }
            ],
            "scannedForRegionCode": "c8d1361a-e6a4-4d8d-bb69-fab969f87f75",
            "scannedThresholdMargin": 33.23,
            "securedForRegionCode": "08f17422-021a-4e9b-b250-1797bf755c0c",
            "targetRemainingAvailableMargin": 34.22,
            "terminalList": [
                {
                    "limit": {
                        "category": "category",
                        "direction": "opposite",
                        "duration": "PT10M",
                        "mrid": "a7929b29-0837-4ccb-a70f-7f268e46d95f",
                        "type": "absolute",
                        "value": 222.17,
                        "variable": "apparentPowerMin"
                    },
                    "limitMrid": "3588acb9-5042-4a4b-95d0-e0dc2e8ec479",
                    "terminalMrid": "e15028e2-5fc2-4fa9-8770-22632a6a2370"
                },
                {
                    "limit": {
                        "category": "permanent",
                        "direction": "direct",
                        "duration": "PT23M",
                        "mrid": "a15077bc-17bd-4fe5-b965-f6d564184b1d",
                        "type": "absolute",
                        "value": 659.38,
                        "variable": "activePowerMin"
                    },
                    "limitMrid": "e7ee5983-c000-467b-b852-7ec5be8594c3",
                    "terminalMrid": "1171bc77-c175-4be9-a3c9-909d9b8d7d11"
                },
                {
                    "limit": {
                        "category": "permanent",
                        "direction": "opposite",
                        "duration": "PT44M",
                        "mrid": "6c9ef091-8407-4954-be29-cb8aee42d5d1",
                        "type": "ratio",
                        "value": 138.84,
                        "variable": "voltageAngleMax"
                    },
                    "limitMrid": "29a3c7e5-6adb-47cb-8740-63ddb9f59173",
                    "terminalMrid": "d7a20c67-fb93-4116-b42e-6d4de111e623"
                }
            ]
        },
        {
            "appointedMargin": 57.39,
            "areaCode": "10YDOM-1010A019R",
            "assessedPowerTransferCorridorCode": "5ae36d8f-6f11-42e4-bf59-0f6004caa45a",
            "assessedSystemOperatorCode": "10XAT-APG------Z",
            "conductingEquipmentMrid": "0cc99cc3-1f8f-448e-a48d-1e7c566ab1ca",
            "conductingEquipmentName": null,
            "contingencyList": [
                {
                    "contingencyMrid": "5c440f05-9851-4546-8cd8-2868203ea107",
                    "enabled": true,
                    "ruleType": "include"
                },
                {
                    "contingencyMrid": "c2942590-1b1d-48a7-aba2-323e0a00b19c",
                    "enabled": false,
                    "ruleType": "exclude"
                },
                {
                    "contingencyMrid": "20b68f0f-fdb6-48bb-8df6-79ca1889ec38",
                    "enabled": true,
                    "ruleType": "exclude"
                }
            ],
            "dcTieCorridorCode": "b2dda812-c044-4fbe-8abb-e4a41d30c6cb",
            "description": null,
            "enabled": false,
            "equipmentType": "bus",
            "exclusionReason": "systemOperator",
            "flowReliabilityMargin": 85.25,
            "inBaseCase": false,
            "isCombinableWithContingency": false,
            "isCombinableWithRemedialAction": false,
            "isCritical": true,
            "isCrossBorderRelevant": true,
            "isExcludedAdHoc": false,
            "maxFlow": 242.65,
            "maxMarginAdjustment": 94.4,
            "mrid": "6eea8493-b3ac-4b7c-a4f8-5e26f1dab8b9",
            "name": null,
            "nativeRegionCode": "d1ef01c5-090a-4863-9249-3f063e50c707",
            "overlappingZoneCode": "09d11fe3-6d76-418e-830a-35b0933b5bbe",
            "positiveVirtualMargin": 26.09,
            "remedialActionList": [
                {
                    "enabled": false,
                    "remedialActionMrid": "2b0e0c99-cba3-4ad5-b813-131f2d10728e",
                    "ruleType": "exclude"
                }
            ],
            "scannedForRegionCode": "be0a0350-a105-49c5-bf5f-64f6c05fd50a",
            "scannedThresholdMargin": 55.57,
            "securedForRegionCode": "999c9540-937f-4976-8433-6ed3282520d1",
            "targetRemainingAvailableMargin": 80.77,
            "terminalList": [
                {
                    "limit": {
                        "category": "permanent",
                        "direction": "double",
                        "duration": "PT9M",
                        "mrid": "76ac7f22-0490-46ae-81c2-3dcbdb65e337",
                        "type": "absolute",
                        "value": 770.3,
                        "variable": "voltageMin"
                    },
                    "limitMrid": "c0303cc3-df70-45db-9fbc-7a1c0c21fe18",
                    "terminalMrid": "5b41af24-18a3-4b17-98d9-98b812e3b58f"
                },
                {
                    "limit": {
                        "category": "category",
                        "direction": "double",
                        "duration": "PT55M",
                        "mrid": "78e0a44c-65a0-427c-adfd-04b1a6fca721",
                        "type": "absolute",
                        "value": 552.85,
                        "variable": "voltageMin"
                    },
                    "limitMrid": "e625b2a4-0f57-4c12-9f6f-37349c65eee0",
                    "terminalMrid": "029ffe72-040d-4fcc-93e7-f16feeff2a0f"
                }
            ]
        }
    ]
}