{
    "assessedElementFlatListId": "0ca41324-d5e0-4bbe-8204-159ab33793fc",
    "contingencyFlatListId": "0ffaf350-d69f-4cf8-9033-3dba811a439d",
    "businessTimestamp": "2024-01-02T00:30:00",
    "cdsId": "2a04d2f0-888f-4ac5-86b5-f207d3c09092",
    "documentId": "16d2085f-387b-4ee7-b8d0-2d87b3e59fc5",
    "gridModelId": "75db258d-f722-4ccb-8919-1ebfb4cbfde0",
    "ownerCode": "10X1001A1001A361",
    "ownerRole": "Grid Manager",
    "timeHorizon": "dayAhead",
    "timeInterval": {
        "from": "2024-01-02T00:00:00",
        "to": "2024-01-02T01:00:00"
    },
    "version": 6,
    "assessedElementList": [
        {
            "appointedMargin": 29.9,
            "areaCode": "49Y000000000003M",
            "assessedPowerTransferCorridorCode": "65e6e779-ed45-4d13-9db8-c4009b4943a2",
            "assessedSystemOperatorCode": "10X1001A1001A361",
            "conductingEquipmentMrid": "d99a473f-9cbc-46b1-9ebb-3f7d226dcceb",
            "conductingEquipmentName": "Equipment 1",
            "contingencyList": [
                {
                    "contingencyMrid": "8f53bc1c-ce84-44ed-9be0-9d45c6b5b027",
                    "enabled": true,
                    "ruleType": "include"
                },
                {
                    "contingencyMrid": "d860f0f6-e76d-4f80-83c4-9b78241acdbc",
                    "enabled": true,
                    "ruleType": "include"
                }
            ],
            "dcTieCorridorCode": "f010f1f6-8c0c-44b1-a210-51debd0085c0",
            "description": null,
            "enabled": true,
            "equipmentType": "bus",
            "exclusionReason": "nonNativeCapacityCalculationRegion",
            "flowReliabilityMargin": 35.9,
            "inBaseCase": true,
            "isCombinableWithContingency": false,
            "isCombinableWithRemedialAction": true,
            "isCritical": false,
            "isCrossBorderRelevant": false,
            "isExcludedAdHoc": false,
            "maxFlow": 504.34,
            "maxMarginAdjustment": 40.74,
            "mrid": "4cb11f2f-2c29-41c2-854d-f3af206e8609",
            "name": "Assessed Element 1",
            "nativeRegionCode": "7b497ba2-6b35-4cf3-86f6-71a42bccdf17",
            "overlappingZoneCode": "e76e7223-c6d7-47f3-843c-a7c73474151c",
            "positiveVirtualMargin": 23.98,
            "remedialActionList": [
                {
                    "enabled": true,
                    "remedialActionMrid": "f22d9564-5fc0-4bff-8535-2526b8942afc",
                    "ruleType": "exclude"
                },
                {
                    "enabled": false,
                    "remedialActionMrid": "76ba1813-2ec6-483d-9ded-7138080e2ef7",
                    "ruleType": "exclude"
                }
            ],
            "scannedForRegionCode": "2400ef21-6f9e-478b-81e2-7fffd1dcf6c4",
            "scannedThresholdMargin": 67.27,
            "securedForRegionCode": "ad2b0c7a-321f-4e08-85b2-c8fa8a7d6d83",
            "targetRemainingAvailableMargin": 16.9,
            "terminalList": [
                {
                    "limit": {
                        "category": "permanent",
                        "direction": "direct",
                        "duration": "PT41M",
                        "mrid": "1c0ee74e-19a8-44a5-bd75-9da51f786b4e",
                        "type": "ratio",
                        "value": 339.2,
                        "variable": "apparentPowerMin"
                    },
                    "limitMrid": "a32877c0-f3ba-43a8-a8eb-0248658c1970",
                    "terminalMrid": "f0f139fd-f847-4bd2-80c3-9fb76d82c936"
                }
            ]
        },
        {
            "appointedMargin": 30.36,
            "areaCode": "49Y000000000003M",
            "assessedPowerTransferCorridorCode": "12e76b03-c72d-47f8-a0b3-b0e3c7a9fa0e",
            "assessedSystemOperatorCode": "10X1001A1001A361",
            "conductingEquipmentMrid": "8a7052b0-0ec7-496b-b73d-d9efdf40cfb6",
            "conductingEquipmentName": null,
            "contingencyList": [
                {
                    "contingencyMrid": "8f53bc1c-ce84-44ed-9be0-9d45c6b5b027",
                    "enabled": false,
                    "ruleType": "include"
                },
                {
                    "contingencyMrid": "d860f0f6-e76d-4f80-83c4-9b78241acdbc",
                    "enabled": false,
                    "ruleType": "exclude"
                }
            ],
            "dcTieCorridorCode": "aa47e2e0-321f-4da3-b550-31502a3e7ed2",
            "description": null,
            "enabled": true,
            "equipmentType": "transformer",
            "exclusionReason": "systemOperator",
            "flowReliabilityMargin": 60.25,
            "inBaseCase": true,
            "isCombinableWithContingency": true,
            "isCombinableWithRemedialAction": true,
            "isCritical": false,
            "isCrossBorderRelevant": true,
            "isExcludedAdHoc": true,
            "maxFlow": 12.25,
            "maxMarginAdjustment": 11.03,
            "mrid": "811cd57a-ea9b-4c31-90c0-b3ae63916ee6",
            "name": null,
            "nativeRegionCode": "60295ca7-ff6d-494d-a561-161c2c6329c5",
            "overlappingZoneCode": "7d9622c9-68b9-4c33-96cc-ec02db017149",
            "positiveVirtualMargin": 15.52,
            "remedialActionList": [
                {
                    "enabled": false,
                    "remedialActionMrid": "91e4119a-2df4-46bf-b1a9-6d42d576ae20",
                    "ruleType": "exclude"
                },
                {
                    "enabled": true,
                    "remedialActionMrid": "4a0cc866-bb69-41f7-a3f3-26f869f980ac",
                    "ruleType": "include"
                },
                {
                    "enabled": false,
                    "remedialActionMrid": "47388bf7-5bf0-4d1f-9dad-f32e8848d8a3",
                    "ruleType": "include"
                }
            ],
            "scannedForRegionCode": "d44d6125-2e69-4084-a401-6086f68de94e",
            "scannedThresholdMargin": 74.78,
            "securedForRegionCode": "f0ae6f65-2803-45ef-b0bf-47aff5d37dcf",
            "targetRemainingAvailableMargin": 43.06,
            "terminalList": [
                {
                    "limit": {
                        "category": "category",
                        "direction": "direct",
                        "duration": "PT23M",
                        "mrid": "44780261-a625-463a-b8c9-f487f255373d",
                        "type": "ratio",
                        "value": 581.5,
                        "variable": "reactivePowerMin"
                    },
                    "limitMrid": "aedb59d6-d4d5-4357-ab5b-187a5a89b78f",
                    "terminalMrid": "c75acbd4-d056-4b52-8ce3-3a1a7904fcc0"
                },
                {
                    "limit": {
                        "category": "category",
                        "direction": "direct",
                        "duration": "PT21M",
                        "mrid": "f8d0bae7-fdb8-4dcc-8be3-96d7b4cf1bca",
                        "type": "ratio",
                        "value": 584.74,
                        "variable": "currentMin"
                    },
                    "limitMrid": "fad0b93a-49a2-483e-8053-32f7a11bb722",
                    "terminalMrid": "23ae1007-6a6f-4c69-adf3-c6c78941d43e"
                }
            ]
        },
        {
            "appointedMargin": 46.01,
            "areaCode": "49Y000000000003M",
            "assessedPowerTransferCorridorCode": "18a749bb-9ab2-4112-8c6d-9cb781b0c35d",
            "assessedSystemOperatorCode": "10X1001A1001A361",
            "conductingEquipmentMrid": "b178c340-90d7-4849-a846-9f0a385ef688",
            "conductingEquipmentName": null,
            "contingencyList": [
                {
                    "contingencyMrid": "8f53bc1c-ce84-44ed-9be0-9d45c6b5b027",
                    "enabled": false,
                    "ruleType": "include"
                },
                {
                    "contingencyMrid": "d860f0f6-e76d-4f80-83c4-9b78241acdbc",
                    "enabled": false,
                    "ruleType": "include"
                }
            ],
            "dcTieCorridorCode": "4151c0cf-7184-4045-afb4-e02bb404beb2",
            "description": "Sample assessed element description 3",
            "enabled": false,
            "equipmentType": "line",
            "exclusionReason": "nonNativeCapacityCalculationRegion",
            "flowReliabilityMargin": 42.3,
            "inBaseCase": true,
            "isCombinableWithContingency": true,
            "isCombinableWithRemedialAction": false,
            "isCritical": false,
            "isCrossBorderRelevant": false,
            "isExcludedAdHoc": true,
            "maxFlow": 982.93,
            "maxMarginAdjustment": 38.05,
            "mrid": "9f88a4a0-57f0-480c-8fb1-dc516262dcca",
            "name": "Assessed Element 3",
            "nativeRegionCode": "f96c7cc0-1c33-4ad7-a5a6-dfaebc84a5a2",
            "overlappingZoneCode": "be88bbb1-5b48-4384-bdee-5af48bcdffd8",
            "positiveVirtualMargin": 0.68,
            "remedialActionList": [
                {
                    "enabled": false,
                    "remedialActionMrid": "fc55ade0-a606-46e2-882d-314e561e1348",
                    "ruleType": "include"
                },
                {
                    "enabled": false,
                    "remedialActionMrid": "80cd74c2-7dd6-4173-99b6-acc21b56ed94",
                    "ruleType": "exclude"
                }
            ],
            "scannedForRegionCode": "7a811137-5f05-4751-85cb-a0fc050c9695",
            "scannedThresholdMargin": 89.14,
            "securedForRegionCode": "922d1bf1-5f7b-4d4b-b77c-4305b4ce499e",
            "targetRemainingAvailableMargin": 89.15,
            "terminalList": [
                {
                    "limit": {
                        "category": "permanent",
                        "direction": "opposite",
                        "duration": "PT47M",
                        "mrid": "e71cf13a-f83d-44df-aed1-db982bc51263",
                        "type": "absolute",
                        "value": 603.63,
                        "variable": "activePowerMax"
                    },
                    "limitMrid": "5e3a454a-272b-4b9e-ae03-2276db82e7e8",
                    "terminalMrid": "236e6c56-8c27-4fc6-ae61-70e564d6a1c6"
                },
                {
                    "limit": {
                        "category": "permanent",
                        "direction": "opposite",
                        "duration": "PT39M",
                        "mrid": "c47e880f-9d89-4dca-aebb-f7089c2a77ce",
                        "type": "ratio",
                        "value": 163.85,
                        "variable": "reactivePowerMax"
                    },
                    "limitMrid": "07b962bf-4428-4759-93b1-40124134c612",
                    "terminalMrid": "453155e2-9c47-4861-a135-3c6b25e07776"
                }
            ]
        }
    ]
}