{
    "assessedElementFlatListId": "ea2e93aa-e826-4adb-8758-8cbbc2511c00",
    "contingencyFlatListId": "58528b0b-88c7-413b-bc3f-f42990811f6d",
    "businessTimestamp": "2024-01-01T00:30:00",
    "cdsId": "22a25c64-d43d-4d09-a64b-e435aac18fcc",
    "documentId": "40f4b531-4229-43ce-8a6b-926dd0ef4a9d",
    "gridModelId": "5a423983-42d2-4d40-b6d5-553047f84906",
    "ownerCode": "10XSI-ELES-----1",
    "ownerRole": "Network Engineer",
    "timeHorizon": "dayAhead",
    "timeInterval": {
        "from": "2024-01-01T00:00:00",
        "to": "2024-01-01T01:00:00"
    },
    "version": 9,
    "assessedElementList": [
        {
            "appointedMargin": 1.35,
            "areaCode": "10YSI-ELES-----O",
            "assessedPowerTransferCorridorCode": "93cbb85f-43bd-42c9-981e-6700b9ab16e3",
            "assessedSystemOperatorCode": "10XSI-ELES-----1",
            "conductingEquipmentMrid": "38b0f530-16d5-4a4b-8e09-ef8dfab7f08b",
            "conductingEquipmentName": null,
            "contingencyList": [
                {
                    "contingencyMrid": "1c1f5e6d-06dd-4612-b974-481641435415",
                    "enabled": false,
                    "ruleType": "exclude"
                },
                {
                    "contingencyMrid": "1cd49485-6bc0-487f-8e34-8214859a959b",
                    "enabled": true,
                    "ruleType": "include"
                }
            ],
            "dcTieCorridorCode": "d247c318-3a84-449d-b077-02c61676bebd",
            "description": "Sample assessed element description 1",
            "enabled": true,
            "equipmentType": "staticVarCompensator",
            "exclusionReason": "capacityCalculationRegion",
            "flowReliabilityMargin": 9.23,
            "inBaseCase": false,
            "isCombinableWithContingency": false,
            "isCombinableWithRemedialAction": true,
            "isCritical": true,
            "isCrossBorderRelevant": false,
            "isExcludedAdHoc": true,
            "maxFlow": 423.83,
            "maxMarginAdjustment": 50.51,
            "mrid": "4f610516-979e-4dbb-9bbb-f364d7b5486f",
            "name": "Assessed Element 1",
            "nativeRegionCode": "7053cce8-9e65-4c1b-9129-10bb0ca2511b",
            "overlappingZoneCode": "23ff3e3b-20e6-4707-b966-f5d590d8ef9b",
            "positiveVirtualMargin": 1.55,
            "remedialActionList": [
                {
                    "enabled": true,
                    "remedialActionMrid": "478e4df7-160a-470b-ac22-150e04db1fba",
                    "ruleType": "include"
                },
                {
                    "enabled": false,
                    "remedialActionMrid": "7b5bee15-77b1-4990-be0a-7d648dbce4c3",
                    "ruleType": "include"
                },
                {
                    "enabled": true,
                    "remedialActionMrid": "b0772b99-930c-43f7-94dd-59326cd4b0b0",
                    "ruleType": "exclude"
                }
            ],
            "scannedForRegionCode": "a195d36b-05d9-40f6-a30e-568dfb62e16f",
            "scannedThresholdMargin": 95.59,
            "securedForRegionCode": "c82c13e6-dd4d-44ae-9e7b-6737e72e01c9",
            "targetRemainingAvailableMargin": 47.79,
            "terminalList": [
                {
                    "limit": {
                        "category": "permanent",
                        "direction": "opposite",
                        "duration": "PT17M",
                        "mrid": "63d211a2-dc21-44b0-982f-9db0a500c218",
                        "type": "ratio",
                        "value": 827.95,
                        "variable": "activePowerMin"
                    },
                    "limitMrid": "ac958dea-671a-4826-9a5f-86246d857d68",
                    "terminalMrid": "2508d1d4-6ff9-49e8-96fd-d505e33cf47d"
                },
                {
                    "limit": {
                        "category": "category",
                        "direction": "double",
                        "duration": "PT41M",
                        "mrid": "1fb28dd5-1829-4e5e-a4af-5140cd376930",
                        "type": "absolute",
                        "value": 298.33,
                        "variable": "activePowerMin"
                    },
                    "limitMrid": "e5977b22-6381-4092-93a7-b9b10a896583",
                    "terminalMrid": "6f94ea28-e23b-4b5f-a083-b5dbcf6e4867"
                },
                {
                    "limit": {
                        "category": "permanent",
                        "direction": "opposite",
                        "duration": "PT40M",
                        "mrid": "e7802b8e-2c43-4036-8e46-c5e2353337e3",
                        "type": "ratio",
                        "value": 762.2,
                        "variable": "voltageMax"
                    },
                    "limitMrid": "cf893aa3-f4e2-445b-9394-b21ba4130485",
                    "terminalMrid": "f8e0f0cd-d9a7-42b6-a203-38374a5c4292"
                }
            ]
        },
        {
            "appointedMargin": 42.75,
            "areaCode": "10YSI-ELES-----O",
            "assessedPowerTransferCorridorCode": "a520f7fc-93dc-47c2-a2da-69d55c751578",
            "assessedSystemOperatorCode": "10XSI-ELES-----1",
            "conductingEquipmentMrid": "b18cd98f-0a2a-4610-837f-8cd9e8198666",
            "conductingEquipmentName": "Equipment 2",
            "contingencyList": [
                {
                    "contingencyMrid": "1c1f5e6d-06dd-4612-b974-481641435415",
                    "enabled": false,
                    "ruleType": "include"
                },
                {
                    "contingencyMrid": "1cd49485-6bc0-487f-8e34-8214859a959b",
                    "enabled": false,
                    "ruleType": "include"
                }
            ],
            "dcTieCorridorCode": "49939e64-a311-4257-a1dc-71d94dfd181d",
            "description": "Sample assessed element description 2",
            "enabled": false,
            "equipmentType": "busbar",
            "exclusionReason": "capacityCalculationRegion",
            "flowReliabilityMargin": 18.12,
            "inBaseCase": true,
            "isCombinableWithContingency": false,
            "isCombinableWithRemedialAction": true,
            "isCritical": false,
            "isCrossBorderRelevant": true,
            "isExcludedAdHoc": false,
            "maxFlow": 420.76,
            "maxMarginAdjustment": 1.49,
            "mrid": "a3e063d1-477b-451d-830d-ee6d58d1edb2",
            "name": "Assessed Element 2",
            "nativeRegionCode": "280f3b7f-168d-45af-a3ce-ef4a4e3b6057",
            "overlappingZoneCode": "2b26bb6c-5807-4571-aeab-6c189f885608",
            "positiveVirtualMargin": 66.29,
            "remedialActionList": [
                {
                    "enabled": false,
                    "remedialActionMrid": "3bebeb1b-ee5d-4b94-ba66-e22c8c02889e",
                    "ruleType": "exclude"
                },
                {
                    "enabled": false,
                    "remedialActionMrid": "6ef87979-26ac-464a-841a-e40f99d831ad",
                    "ruleType": "include"
                }
            ],
            "scannedForRegionCode": "43ec9452-59d3-4f07-9437-f0749bbcb873",
            "scannedThresholdMargin": 42.56,
            "securedForRegionCode": "5c123fe5-67d7-48e0-a220-88789633c659",
            "targetRemainingAvailableMargin": 21.01,
            "terminalList": [
                {
                    "limit": {
                        "category": "category",
                        "direction": "double",
                        "duration": "PT29M",
                        "mrid": "693521f4-505a-4725-9384-70fa635d1010",
                        "type": "ratio",
                        "value": 218.8,
                        "variable": "apparentPowerMin"
                    },
                    "limitMrid": "b1dbf82e-4085-4b24-9a6a-850a58174e4f",
                    "terminalMrid": "3cb747b4-a020-4338-b5b9-36271ce460ca"
                },
                {
                    "limit": {
                        "category": "category",
                        "direction": "opposite",
                        "duration": "PT51M",
                        "mrid": "fd6ef130-ba43-40ff-8b35-493b221b9bf3",
                        "type": "absolute",
                        "value": 136.39,
                        "variable": "apparentPowerMax"
                    },
                    "limitMrid": "ab990cde-510a-4237-a1f9-da0f4de407f0",
                    "terminalMrid": "e4c01834-b59a-44ea-87bd-587e0051614f"
                }
            ]
        }
    ]
}