{
    "assessedElementFlatListId": "7ba57160-44d9-484d-86ac-77ea8ecd4d27",
    "contingencyFlatListId": "8a2b376c-21b5-4b7a-99fa-baecf16f7189",
    "businessTimestamp": "2024-01-03T00:30:00",
    "cdsId": "4f2d79fe-a7fc-4d86-a889-18e9c647dbe0",
    "documentId": "e447cad5-2905-4f82-813e-b27adac34ea9",
    "gridModelId": "385ee662-d19c-4738-b0eb-93517ac6b456",
    "ownerCode": "10X1001A1001A329",
    "ownerRole": "Network Engineer",
    "timeHorizon": "dayAhead",
    "timeInterval": {
        "from": "2024-01-03T00:00:00",
        "to": "2024-01-03T01:00:00"
    },
    "version": 1,
    "assessedElementList": [
        {
            "appointedMargin": 74.94,
            "areaCode": "10YHU-MAVIR----U",
            "assessedPowerTransferCorridorCode": "0e37d84b-8c9a-4c28-9a22-5bcb721ae99a",
            "assessedSystemOperatorCode": "10X1001A1001A329",
            "conductingEquipmentMrid": "fff9255a-f7b0-4904-9e12-721f2f8d2134",
            "conductingEquipmentName": "Equipment 1",
            "contingencyList": [
                {
                    "contingencyMrid": "61bd318f-1990-4987-83bb-228de5cd1429",
                    "enabled": true,
                    "ruleType": "include"
                },
                {
                    "contingencyMrid": "cf81443b-8dc7-4c4d-8fa3-1deda81c2924",
                    "enabled": true,
                    "ruleType": "exclude"
                }
            ],
            "dcTieCorridorCode": "d09ded6b-39af-457f-8287-b5f2391554f5",
            "description": null,
            "enabled": false,
            "equipmentType": "busbar",
            "exclusionReason": "nonNativeCapacityCalculationRegion",
            "flowReliabilityMargin": 51.89,
            "inBaseCase": true,
            "isCombinableWithContingency": true,
            "isCombinableWithRemedialAction": true,
            "isCritical": true,
            "isCrossBorderRelevant": true,
            "isExcludedAdHoc": false,
            "maxFlow": 566.53,
            "maxMarginAdjustment": 66.95,
            "mrid": "bfac2bfb-0242-40c6-a93f-dff0b8d29f48",
            "name": null,
            "nativeRegionCode": "7cf05a69-c6f0-4134-a7a9-217db8618668",
            "overlappingZoneCode": "290cae00-00fe-431c-ab7a-8cac508b1dc2",
            "positiveVirtualMargin": 97.98,
            "remedialActionList": [
                {
                    "enabled": false,
                    "remedialActionMrid": "41c643c2-aae5-4057-93dc-dfc59d75e141",
                    "ruleType": "include"
                },
                {
                    "enabled": false,
                    "remedialActionMrid": "2ab4819e-5bef-4781-bceb-ae6bceab1cca",
                    "ruleType": "include"
                },
                {
                    "enabled": false,
                    "remedialActionMrid": "85e68d2e-9da9-4628-bfa3-6c2932085048",
                    "ruleType": "exclude"
                }
            ],
            "scannedForRegionCode": "f8229b5e-67a9-4276-9259-4a3ce09670b9",
            "scannedThresholdMargin": 88.99,
            "securedForRegionCode": "42ce7d1b-d8d4-48d7-89b4-18730e7c9529",
            "targetRemainingAvailableMargin": 56.49,
            "terminalList": [
                {
                    "limit": {
                        "category": "permanent",
                        "direction": "double",
                        "duration": "PT42M",
                        "mrid": "d3bf7a4d-7e32-4e61-8ba1-ddbd6cef7307",
                        "type": "absolute",
                        "value": 587.54,
                        "variable": "currentMin"
                    },
                    "limitMrid": "01600fce-9299-4a90-a40f-18f4446e0155",
                    "terminalMrid": "f60ad2a4-db7a-4616-93c0-d0fd2e1343be"
                }
            ]
        },
        {
            "appointedMargin": 80.02,
            "areaCode": "10YHU-MAVIR----U",
            "assessedPowerTransferCorridorCode": "7e7779e5-eae7-4065-991b-004da97fd91a",
            "assessedSystemOperatorCode": "10X1001A1001A329",
            "conductingEquipmentMrid": "03ad03dc-76d0-404f-b463-5cfb6559b391",
            "conductingEquipmentName": "Equipment 2",
            "contingencyList": [
                {
                    "contingencyMrid": "61bd318f-1990-4987-83bb-228de5cd1429",
                    "enabled": true,
                    "ruleType": "exclude"
                },
                {
                    "contingencyMrid": "cf81443b-8dc7-4c4d-8fa3-1deda81c2924",
                    "enabled": true,
                    "ruleType": "include"
                }
            ],
            "dcTieCorridorCode": "eaebc2ca-12fa-4e47-8389-91b346d61aeb",
            "description": "Sample assessed element description 2",
            "enabled": true,
            "equipmentType": "gen",
            "exclusionReason": "nonNativeCapacityCalculationRegion",
            "flowReliabilityMargin": 72.86,
            "inBaseCase": true,
            "isCombinableWithContingency": false,
            "isCombinableWithRemedialAction": false,
            "isCritical": false,
            "isCrossBorderRelevant": true,
            "isExcludedAdHoc": true,
            "maxFlow": 427.88,
            "maxMarginAdjustment": 74.11,
            "mrid": "ca6233dc-59f6-4a9b-bbcc-bf4c1481b8d9",
            "name": null,
            "nativeRegionCode": "85399f35-bcdc-4bdf-b823-734d23287f94",
            "overlappingZoneCode": "620003b6-b775-4a1a-a651-f33061523ac1",
            "positiveVirtualMargin": 16.0,
            "remedialActionList": [
                {
                    "enabled": false,
                    "remedialActionMrid": "6ab97d11-17a0-4ae8-aba3-fc95e1c4d6fb",
                    "ruleType": "exclude"
                },
                {
                    "enabled": false,
                    "remedialActionMrid": "212d3e71-a060-4744-bfc8-df68093bb048",
                    "ruleType": "include"
                }
            ],
            "scannedForRegionCode": "c0f45206-d175-4612-b235-b455e40eeb0f",
            "scannedThresholdMargin": 18.81,
            "securedForRegionCode": "eabf69a9-98f9-4b39-9451-421dc8971b33",
            "targetRemainingAvailableMargin": 85.54,
            "terminalList": [
                {
                    "limit": {
                        "category": "category",
                        "direction": "direct",
                        "duration": "PT57M",
                        "mrid": "c8183a2b-8e04-40da-a8d2-3d2e0fd40f9d",
                        "type": "ratio",
                        "value": 325.62,
                        "variable": "voltageAngleMax"
                    },
                    "limitMrid": "fd1a8fa1-5c08-4e03-b2e4-21b6650bb1a5",
                    "terminalMrid": "e2a3ca7c-6dcd-423b-8195-9d68575b27db"
                },
                {
                    "limit": {
                        "category": "permanent",
                        "direction": "opposite",
                        "duration": "PT1M",
                        "mrid": "d8661730-e2c9-4efe-b49e-348bb115e71c",
                        "type": "ratio",
                        "value": 219.46,
                        "variable": "reactivePowerMax"
                    },
                    "limitMrid": "b0014987-76f8-4245-b080-b3fc1baba877",
                    "terminalMrid": "8b0ea694-5a04-4280-a4e3-0cbb8fa2d1ae"
                }
            ]
        },
        {
            "appointedMargin": 47.69,
            "areaCode": "10YHU-MAVIR----U",
            "assessedPowerTransferCorridorCode": "68da3dab-8aaf-4725-879d-004c399bd9e1",
            "assessedSystemOperatorCode": "10X1001A1001A329",
            "conductingEquipmentMrid": "82d63242-b346-4f6d-b63d-fee6dde8fa14",
            "conductingEquipmentName": "Equipment 3",
            "contingencyList": [
                {
                    "contingencyMrid": "61bd318f-1990-4987-83bb-228de5cd1429",
                    "enabled": true,
                    "ruleType": "exclude"
                },
                {
                    "contingencyMrid": "cf81443b-8dc7-4c4d-8fa3-1deda81c2924",
                    "enabled": true,
                    "ruleType": "exclude"
                }
            ],
            "dcTieCorridorCode": "40b97bb8-2dde-4412-8236-c48adf9e5c87",
            "description": "Sample assessed element description 3",
            "enabled": true,
            "equipmentType": "busbar",
            "exclusionReason": "systemOperator",
            "flowReliabilityMargin": 41.76,
            "inBaseCase": true,
            "isCombinableWithContingency": false,
            "isCombinableWithRemedialAction": false,
            "isCritical": false,
            "isCrossBorderRelevant": false,
            "isExcludedAdHoc": true,
            "maxFlow": 742.1,
            "maxMarginAdjustment": 35.9,
            "mrid": "62da106d-2df7-4be6-91b4-0e005c8e97d4",
            "name": "Assessed Element 3",
            "nativeRegionCode": "fd0dd96e-5285-41a2-9f30-c00ee2693b09",
            "overlappingZoneCode": "df85a59e-b102-4532-998d-0fef94159a80",
            "positiveVirtualMargin": 63.23,
            "remedialActionList": [
                {
                    "enabled": false,
                    "remedialActionMrid": "a3c5552d-9789-452f-8d70-f2e30084b81c",
                    "ruleType": "include"
                }
            ],
            "scannedForRegionCode": "881c7129-f264-406b-8a62-3dbd8148a50a",
            "scannedThresholdMargin": 42.18,
            "securedForRegionCode": "b4fb4799-4b59-4688-8714-e76e46e89a48",
            "targetRemainingAvailableMargin": 27.65,
            "terminalList": [
                {
                    "limit": {
                        "category": "permanent",
                        "direction": "double",
                        "duration": "PT40M",
                        "mrid": "78c418b2-b786-4021-bc44-f05b4b475835",
                        "type": "absolute",
                        "value": 769.47,
                        "variable": "apparentPowerMin"
                    },
                    "limitMrid": "653978e1-5597-4ad4-b576-f66f8d68742f",
                    "terminalMrid": "1bee2085-d0f7-46fb-8395-9f7d098865fc"
                },
                {
                    "limit": {
                        "category": "category",
                        "direction": "opposite",
                        "duration": "PT38M",
                        "mrid": "599558e9-3bc4-45c3-8829-454406fa2add",
                        "type": "ratio",
                        "value": 400.6,
                        "variable": "activePowerMin"
                    },
                    "limitMrid": "da75250c-ce3d-4f28-b440-534933615b62",
                    "terminalMrid": "bbc9a5ea-6251-4142-a8c3-7e923a9a14ef"
                },
                {
                    "limit": {
                        "category": "permanent",
                        "direction": "opposite",
                        "duration": "PT1M",
                        "mrid": "1b12811d-4490-4237-ae46-c12b9fc5cce4",
                        "type": "ratio",
                        "value": 803.14,
                        "variable": "reactivePowerMax"
                    },
                    "limitMrid": "d16c22c5-fde0-4a8d-be07-08435ec32999",
                    "terminalMrid": "f3569d8f-7257-4841-8a8d-97c08251db40"
                }
            ]
        },
        {
            "appointedMargin": 88.5,
            "areaCode": "10YHU-MAVIR----U",
            "assessedPowerTransferCorridorCode": "1aa617f6-2f59-453a-b863-ab6f0b352021",
            "assessedSystemOperatorCode": "10X1001A1001A329",
            "conductingEquipmentMrid": "4d9ed6a8-c870-49b5-98c9-624beaf87091",
            "conductingEquipmentName": null,
            "contingencyList": [
                {
                    "contingencyMrid": "61bd318f-1990-4987-83bb-228de5cd1429",
                    "enabled": false,
                    "ruleType": "exclude"
                },
                {
                    "contingencyMrid": "cf81443b-8dc7-4c4d-8fa3-1deda81c2924",
                    "enabled": true,
                    "ruleType": "include"
                }
            ],
            "dcTieCorridorCode": "b8248198-9cfc-4f93-883f-4de400b76457",
            "description": null,
            "enabled": true,
            "equipmentType": "load",
            "exclusionReason": "capacityCalculationRegion",
            "flowReliabilityMargin": 48.58,
            "inBaseCase": true,
            "isCombinableWithContingency": true,
            "isCombinableWithRemedialAction": true,
            "isCritical": true,
            "isCrossBorderRelevant": true,
            "isExcludedAdHoc": true,
            "maxFlow": 668.79,
            "maxMarginAdjustment": 77.98,
            "mrid": "6095e737-815c-485f-b7a6-1e63ce275ce5",
            "name": "Assessed Element 4",
            "nativeRegionCode": "56817816-b983-44c2-94dc-809ecc1bec41",
            "overlappingZoneCode": "07394884-e481-423a-9dd8-e607c9775d09",
            "positiveVirtualMargin": 90.36,
            "remedialActionList": [
                {
                    "enabled": false,
                    "remedialActionMrid": "d49585b6-3e39-44fb-85e2-24efa2b3a267",
                    "ruleType": "exclude"
                },
                {
                    "enabled": true,
                    "remedialActionMrid": "72009e5a-12d6-489b-92ba-336a82e69227",
                    "ruleType": "exclude"
                },
                {
                    "enabled": false,
                    "remedialActionMrid": "3bd625be-29a6-4161-bf8c-6aa9bbe72ba5",
                    "ruleType": "include"
                }
            ],
            "scannedForRegionCode": "7aee3c3c-1e3b-438a-9b34-3511091e6c9a",
            "scannedThresholdMargin": 28.21,
            "securedForRegionCode": "9f429b4a-d138-4a0d-b1d3-260a06d1b416",
            "targetRemainingAvailableMargin": 36.42,
            "terminalList": [
                {
                    "limit": {
                        "category": "permanent",
                        "direction": "double",
                        "duration": "PT50M",
                        "mrid": "23099de1-6b34-41dd-b2ef-e73d1b31d6ff",
                        "type": "ratio",
                        "value": 245.27,
                        "variable": "activePowerMin"
                    },
                    "limitMrid": "4a2dd4e7-3b94-4307-8906-692d5aa437df",
                    "terminalMrid": "f1f8034b-e023-4456-858c-b783d555d8bd"
                }
            ]
        },
        {
            "appointedMargin": 43.98,
            "areaCode": "10YHU-MAVIR----U",
            "assessedPowerTransferCorridorCode": "04dfbddf-6617-469d-8d96-a3753497b763",
            "assessedSystemOperatorCode": "10X1001A1001A329",
            "conductingEquipmentMrid": "d921ef2d-e21e-4518-8d33-62e0cee486cb",
            "conductingEquipmentName": "Equipment 5",
            "contingencyList": [
                {
                    "contingencyMrid": "61bd318f-1990-4987-83bb-228de5cd1429",
                    "enabled": true,
                    "ruleType": "include"
                },
                {
                    "contingencyMrid": "cf81443b-8dc7-4c4d-8fa3-1deda81c2924",
                    "enabled": true,
                    "ruleType": "exclude"
                }
            ],
            "dcTieCorridorCode": "7214fbb3-6579-4d93-b396-a5bf2590caa7",
            "description": "Sample assessed element description 5",
            "enabled": false,
            "equipmentType": "load",
            "exclusionReason": "systemOperator",
            "flowReliabilityMargin": 81.78,
            "inBaseCase": true,
            "isCombinableWithContingency": false,
            "isCombinableWithRemedialAction": true,
            "isCritical": true,
            "isCrossBorderRelevant": false,
            "isExcludedAdHoc": false,
            "maxFlow": 259.06,
            "maxMarginAdjustment": 6.25,
            "mrid": "41d1a82e-362b-433e-a2ac-26f17a53fc60",
            "name": null,
            "nativeRegionCode": "aeb5ea3b-917e-42d9-a15b-903005d694c8",
            "overlappingZoneCode": "1fc1efc7-9391-488b-bc08-f85cd71f88c8",
            "positiveVirtualMargin": 84.16,
            "remedialActionList": [
                {
                    "enabled": true,
                    "remedialActionMrid": "a28f8fbc-6ac6-4cda-97b9-74513b531223",
                    "ruleType": "include"
                }
            ],
            "scannedForRegionCode": "91d05c75-1588-4852-8973-570a5fb07376",
            "scannedThresholdMargin": 95.88,
            "securedForRegionCode": "7d473aa7-d7b7-4041-91c6-fd8259aec2f4",
            "targetRemainingAvailableMargin": 98.5,
            "terminalList": [
                {
                    "limit": {
                        "category": "category",
                        "direction": "double",
                        "duration": "PT1M",
                        "mrid": "7860464a-2f9f-4f1b-92e4-3dd4ddfab182",
                        "type": "absolute",
                        "value": 507.28,
                        "variable": "reactivePowerMax"
                    },
                    "limitMrid": "528e19d7-cc21-4148-9552-bd8ad86fdc0d",
                    "terminalMrid": "eaf3e1cf-f23b-423f-b523-34131b3b32c2"
                }
            ]
        }
    ]
}