{
    "assessedElementFlatListId": "e59cfaef-658f-44e7-a5a0-33223c0fa086",
    "contingencyFlatListId": "ad789070-87a7-4d55-90b2-4d6304e73e13",
    "businessTimestamp": "2024-01-05T00:30:00",
    "cdsId": "7bbddfc3-426c-4ef0-86ec-e80709de05bf",
    "documentId": "209249e2-0dd4-4c19-be1d-531fd55711e3",
    "gridModelId": "3ebfbcd8-9636-4553-bf25-ce5c408f1c1f",
    "ownerCode": "10XDE-EON-NETZ-C",
    "ownerRole": "System Operator",
    "timeHorizon": "dayAhead",
    "timeInterval": {
        "from": "2024-01-05T00:00:00",
        "to": "2024-01-05T01:00:00"
    },
    "version": 8,
    "assessedElementList": [
        {
            "appointedMargin": 68.76,
            "areaCode": "10YDOM-1010A0213",
            "assessedPowerTransferCorridorCode": "44edd738-9ac1-4ced-9b89-fe68e2ad8ffe",
            "assessedSystemOperatorCode": "10XDE-EON-NETZ-C",
            "conductingEquipmentMrid": "e59ed3d1-9a73-4c2c-b150-cd378c8962de",
            "conductingEquipmentName": "Equipment 1",
            "contingencyList": [
                {
                    "contingencyMrid": "67a640f8-525c-4af4-92b5-659aa92517ff",
                    "enabled": true,
                    "ruleType": "include"
                },
                {
                    "contingencyMrid": "3f5e2d6d-38a6-4e72-9ba1-4bb92f1b764b",
                    "enabled": false,
                    "ruleType": "include"
                },
                {
                    "contingencyMrid": "4676e93c-3b87-450e-a409-a861266008a1",
                    "enabled": true,
                    "ruleType": "include"
                }
            ],
            "dcTieCorridorCode": "872f99cf-69aa-4505-836c-899dcbef316b",
            "description": null,
            "enabled": true,
            "equipmentType": "busbar",
            "exclusionReason": "nonNativeCapacityCalculationRegion",
            "flowReliabilityMargin": 78.19,
            "inBaseCase": true,
            "isCombinableWithContingency": false,
            "isCombinableWithRemedialAction": false,
            "isCritical": true,
            "isCrossBorderRelevant": false,
            "isExcludedAdHoc": false,
            "maxFlow": 16.19,
            "maxMarginAdjustment": 37.49,
            "mrid": "15721cb9-f846-4042-a7d5-b182bb2b8c94",
            "name": "Assessed Element 1",
            "nativeRegionCode": "df9828d0-3d41-499d-9756-a2ccb0c6fec6",
            "overlappingZoneCode": "d571ecd1-1024-45f3-9c44-370d3add342f",
            "positiveVirtualMargin": 68.06,
            "remedialActionList": [
                {
                    "enabled": false,
                    "remedialActionMrid": "1830f73a-fc4e-4fb0-961a-2f69af621672",
                    "ruleType": "include"
                },
                {
                    "enabled": true,
                    "remedialActionMrid": "ca798075-90ea-4501-8717-0b49b1301097",
                    "ruleType": "include"
                }
            ],
            "scannedForRegionCode": "7b884b01-449d-4980-b276-43267d4501bc",
            "scannedThresholdMargin": 99.82,
            "securedForRegionCode": "a3c27aa3-8ec1-4031-898e-da80647f1873",
            "targetRemainingAvailableMargin": 6.53,
            "terminalList": [
                {
                    "limit": {
                        "category": "permanent",
                        "direction": "opposite",
                        "duration": "PT21M",
                        "mrid": "ddc7fa22-2e98-4dc3-b4ec-fbe897a16a74",
                        "type": "ratio",
                        "value": 574.95,
                        "variable": "activePowerMin"
                    },
                    "limitMrid": "b016df81-40e3-460c-8d35-4aab91f5268f",
                    "terminalMrid": "c3f48c6d-0802-49cf-939e-d8ddfd133fe9"
                },
                {
                    "limit": {
                        "category": "permanent",
                        "direction": "direct",
                        "duration": "PT28M",
                        "mrid": "61d2ffd9-b6ff-47ab-932c-79790fa231c7",
                        "type": "absolute",
                        "value": 970.61,
                        "variable": "currentMax"
                    },
                    "limitMrid": "b654178e-05c2-4892-b055-4abfea47f4f2",
                    "terminalMrid": "61787aa0-4a3c-436d-80a7-a54a38a6c6d3"
                },
                {
                    "limit": {
                        "category": "category",
                        "direction": "double",
                        "duration": "PT56M",
                        "mrid": "391878e4-60f7-4707-9529-cb0f632a7814",
                        "type": "ratio",
                        "value": 18.1,
                        "variable": "voltageMin"
                    },
                    "limitMrid": "dd713553-2587-4824-a6fc-4aba5b7a6767",
                    "terminalMrid": "4e5867fc-dd4e-46cf-bc4d-26df7b795132"
                }
            ]
        },
        {
            "appointedMargin": 1.06,
            "areaCode": "10YDOM-1010A0213",
            "assessedPowerTransferCorridorCode": "089549d2-6aee-427d-84fd-63412475775a",
            "assessedSystemOperatorCode": "10XDE-EON-NETZ-C",
            "conductingEquipmentMrid": "b39956fc-1bd0-453b-a996-4a12d21fb30d",
            "conductingEquipmentName": null,
            "contingencyList": [
                {
                    "contingencyMrid": "67a640f8-525c-4af4-92b5-659aa92517ff",
                    "enabled": false,
                    "ruleType": "include"
                },
                {
                    "contingencyMrid": "3f5e2d6d-38a6-4e72-9ba1-4bb92f1b764b",
                    "enabled": true,
                    "ruleType": "exclude"
                },
                {
                    "contingencyMrid": "4676e93c-3b87-450e-a409-a861266008a1",
                    "enabled": true,
                    "ruleType": "include"
                }
            ],
            "dcTieCorridorCode": "c70ff7f3-a336-4b81-a732-99a35d3ade48",
            "description": "Sample assessed element description 2",
            "enabled": false,
            "equipmentType": "shuntCompensator",
            "exclusionReason": "systemOperator",
            "flowReliabilityMargin": 47.08,
            "inBaseCase": false,
            "isCombinableWithContingency": true,
            "isCombinableWithRemedialAction": false,
            "isCritical": true,
            "isCrossBorderRelevant": true,
            "isExcludedAdHoc": true,
            "maxFlow": 687.42,
            "maxMarginAdjustment": 32.65,
            "mrid": "2604b5bd-cf78-4fb7-8a83-691f56b444f5",
            "name": "Assessed Element 2",
            "nativeRegionCode": "d0b03f95-a54e-45cd-bc9d-2e6bedb96b1e",
            "overlappingZoneCode": "bbabe28c-4e76-4fee-99ea-8fc7475044ec",
            "positiveVirtualMargin": 77.37,
            "remedialActionList": [
                {
                    "enabled": true,
                    "remedialActionMrid": "fb159dbf-14f6-4bd2-9716-cbf8b6ec0667",
                    "ruleType": "exclude"
                }
            ],
            "scannedForRegionCode": "1323f88e-51b7-4513-9fba-a3b083b029a1",
            "scannedThresholdMargin": 92.08,
            "securedForRegionCode": "d3b99fd1-50fc-46f5-975f-37c13d3acb66",
            "targetRemainingAvailableMargin": 29.77,
            "terminalList": [
                {
                    "limit": {
                        "category": "permanent",
                        "direction": "double",
                        "duration": "PT3M",
                        "mrid": "3288ce8e-1627-4da4-a5dc-c54159e09407",
                        "type": "ratio",
                        "value": 778.95,
                        "variable": "reactivePowerMax"
                    },
                    "limitMrid": "58ec6787-e0c7-4221-add4-df02e23af45b",
                    "terminalMrid": "524ec02c-2f5e-43fc-a66c-c447a52115f0"
                }
            ]
        },
        {
            "appointedMargin": 39.98,
            "areaCode": "10YDOM-1010A0213",
            "assessedPowerTransferCorridorCode": "7bdfd86d-4728-494e-9484-8169e85e947b",
            "assessedSystemOperatorCode": "10XDE-EON-NETZ-C",
            "conductingEquipmentMrid": "ff8275df-2145-4a05-9142-4563203be471",
            "conductingEquipmentName": null,
            "contingencyList": [
                {
                    "contingencyMrid": "67a640f8-525c-4af4-92b5-659aa92517ff",
                    "enabled": true,
                    "ruleType": "exclude"
                },
                {
                    "contingencyMrid": "3f5e2d6d-38a6-4e72-9ba1-4bb92f1b764b",
                    "enabled": false,
                    "ruleType": "exclude"
                },
                {
                    "contingencyMrid": "4676e93c-3b87-450e-a409-a861266008a1",
                    "enabled": true,
                    "ruleType": "exclude"
                }
            ],
            "dcTieCorridorCode": "840a23e8-f2f6-4f28-bd73-adcfadebe3ba",
            "description": "Sample assessed element description 3",
            "enabled": true,
            "equipmentType": "busbar",
            "exclusionReason": "nonNativeCapacityCalculationRegion",
            "flowReliabilityMargin": 73.51,
            "inBaseCase": true,
            "isCombinableWithContingency": true,
            "isCombinableWithRemedialAction": true,
            "isCritical": true,
            "isCrossBorderRelevant": false,
            "isExcludedAdHoc": false,
            "maxFlow": 440.22,
            "maxMarginAdjustment": 22.54,
            "mrid": "51bf4696-e27d-495a-8016-87e005cb435b",
            "name": "Assessed Element 3",
            "nativeRegionCode": "7f816b66-013e-4d05-bee8-5e2058514b2c",
            "overlappingZoneCode": "52c24354-a8b1-4aa0-8e7a-029d93828987",
            "positiveVirtualMargin": 22.75,
            "remedialActionList": [
                {
                    "enabled": true,
                    "remedialActionMrid": "029ad091-f68b-4734-b1a1-bddae3eac086",
                    "ruleType": "exclude"
                }
            ],
            "scannedForRegionCode": "cc43f468-e61c-4878-b4e4-b5559a99eebf",
            "scannedThresholdMargin": 73.62,
            "securedForRegionCode": "5bc37795-9e0f-40e1-8063-053aa8056488",
            "targetRemainingAvailableMargin": 47.36,
            "terminalList": [
                {
                    "limit": {
                        "category": "category",
                        "direction": "double",
                        "duration": "PT12M",
                        "mrid": "91fdc22c-af44-4090-bff8-6c8bd3a05831",
                        "type": "ratio",
                        "value": 865.27,
                        "variable": "voltageAngleMax"
                    },
                    "limitMrid": "42725616-de5d-44ee-a8e3-7dbbc8b8ab60",
                    "terminalMrid": "2aa575b8-9076-45f4-a046-041a1a7a85f6"
                },
                {
                    "limit": {
                        "category": "permanent",
                        "direction": "double",
                        "duration": "PT45M",
                        "mrid": "70de3c2f-04ee-4df7-a62d-ddf1de4a1f01",
                        "type": "absolute",
                        "value": 475.73,
                        "variable": "activePowerMax"
                    },
                    "limitMrid": "c209e1e0-7cae-45e6-9559-f8de7754fd76",
                    "terminalMrid": "22361018-cd11-4dc5-ae3c-339ffe8e9907"
                },
                {
                    "limit": {
                        "category": "permanent",
                        "direction": "direct",
                        "duration": "PT1M",
                        "mrid": "6e309979-a93a-4a33-802f-7ad3bd12cf37",
                        "type": "ratio",
                        "value": 722.8,
                        "variable": "currentMax"
                    },
                    "limitMrid": "ac79532c-f39b-4064-8b95-ad4ec7a4c58c",
                    "terminalMrid": "777e9e2a-8a4d-465b-8b7c-c8738ef24ff0"
                }
            ]
        },
        {
            "appointedMargin": 97.2,
            "areaCode": "10YDOM-1010A0213",
            "assessedPowerTransferCorridorCode": "fec86e46-7878-47e6-8999-5d55cdeadd56",
            "assessedSystemOperatorCode": "10XDE-EON-NETZ-C",
            "conductingEquipmentMrid": "6dafcc32-e9cc-496e-8f5c-f3ee6b96d55f",
            "conductingEquipmentName": null,
            "contingencyList": [
                {
                    "contingencyMrid": "67a640f8-525c-4af4-92b5-659aa92517ff",
                    "enabled": true,
                    "ruleType": "exclude"
                },
                {
                    "contingencyMrid": "3f5e2d6d-38a6-4e72-9ba1-4bb92f1b764b",
                    "enabled": false,
                    "ruleType": "include"
                },
                {
                    "contingencyMrid": "4676e93c-3b87-450e-a409-a861266008a1",
                    "enabled": true,
                    "ruleType": "include"
                }
            ],
            "dcTieCorridorCode": "629f3db2-48f4-4a97-963f-55bd05cdb732",
            "description": null,
            "enabled": false,
            "equipmentType": "line",
            "exclusionReason": "capacityCalculationRegion",
            "flowReliabilityMargin": 63.57,
            "inBaseCase": false,
            "isCombinableWithContingency": false,
            "isCombinableWithRemedialAction": false,
            "isCritical": true,
            "isCrossBorderRelevant": true,
            "isExcludedAdHoc": false,
            "maxFlow": 346.5,
            "maxMarginAdjustment": 24.46,
            "mrid": "0f6e0804-5e7c-4fb2-8a50-fa32db2ea9a4",
            "name": null,
            "nativeRegionCode": "d2e62bb6-1b3b-4643-856e-3ea098c2a35d",
            "overlappingZoneCode": "6e654192-161d-44bb-a617-8d4259d1adb3",
            "positiveVirtualMargin": 56.92,
            "remedialActionList": [
                {
                    "enabled": false,
                    "remedialActionMrid": "ef5f7640-2adb-4bfa-b063-e07588edad74",
                    "ruleType": "include"
                }
            ],
            "scannedForRegionCode": "09354e19-241b-455c-8629-61cb9723ad2a",
            "scannedThresholdMargin": 55.23,
            "securedForRegionCode": "9ec70834-480d-4ceb-bb33-89c7dc6816e0",
            "targetRemainingAvailableMargin": 73.72,
            "terminalList": [
                {
                    "limit": {
                        "category": "permanent",
                        "direction": "direct",
                        "duration": "PT19M",
                        "mrid": "e84286a6-432b-4e46-8e21-298cf57be88e",
                        "type": "ratio",
                        "value": 443.12,
                        "variable": "reactivePowerMax"
                    },
                    "limitMrid": "f96f4611-c534-4947-a692-1fa60de99b53",
                    "terminalMrid": "66dd5849-1689-49ef-986e-ee80e354f678"
                },
                {
                    "limit": {
                        "category": "permanent",
                        "direction": "opposite",
                        "duration": "PT10M",
                        "mrid": "2e20a2df-fa63-4c0b-84d5-e675c7cff55d",
                        "type": "absolute",
                        "value": 12.66,
                        "variable": "voltageAngleMax"
                    },
                    "limitMrid": "e77a8674-c24a-4c57-9d24-b95904900d60",
                    "terminalMrid": "48976d0f-17d1-4274-bc75-a2cbcbbd91de"
                },
                {
                    "limit": {
                        "category": "permanent",
                        "direction": "direct",
                        "duration": "PT40M",
                        "mrid": "7e61060f-12d8-4734-b027-596bbc979b70",
                        "type": "ratio",
                        "value": 987.2,
                        "variable": "voltageMin"
                    },
                    "limitMrid": "cd623964-ec2e-4535-9ad8-2c48a3fa9723",
                    "terminalMrid": "36c2f157-b5e1-47d7-b367-2ca04007dd60"
                }
            ]
        },
        {
            "appointedMargin": 84.8,
            "areaCode": "10YDOM-1010A0213",
            "assessedPowerTransferCorridorCode": "4033b030-ade0-4abd-89c1-1ae62a97d582",
            "assessedSystemOperatorCode": "10XDE-EON-NETZ-C",
            "conductingEquipmentMrid": "c139d3b4-2b6a-4f2b-96ab-7cb9f4a4812c",
            "conductingEquipmentName": null,
            "contingencyList": [
                {
                    "contingencyMrid": "67a640f8-525c-4af4-92b5-659aa92517ff",
                    "enabled": false,
                    "ruleType": "exclude"
                },
                {
                    "contingencyMrid": "3f5e2d6d-38a6-4e72-9ba1-4bb92f1b764b",
                    "enabled": true,
                    "ruleType": "include"
                },
                {
                    "contingencyMrid": "4676e93c-3b87-450e-a409-a861266008a1",
                    "enabled": true,
                    "ruleType": "include"
                }
            ],
            "dcTieCorridorCode": "815a6f12-ed29-4b5b-bbfe-3343a7b75384",
            "description": "Sample assessed element description 5",
            "enabled": false,
            "equipmentType": "load",
            "exclusionReason": "capacityCalculationRegion",
            "flowReliabilityMargin": 47.46,
            "inBaseCase": true,
            "isCombinableWithContingency": false,
            "isCombinableWithRemedialAction": true,
            "isCritical": false,
            "isCrossBorderRelevant": true,
            "isExcludedAdHoc": false,
            "maxFlow": 65.63,
            "maxMarginAdjustment": 6.53,
            "mrid": "5687732e-e72b-4340-ae20-48f0d0e8ceff",
            "name": null,
            "nativeRegionCode": "4fb4a3ab-9bd0-45da-9a6a-b3f290d3a865",
            "overlappingZoneCode": "48203110-e692-4007-8b28-56b6aeaeb4f7",
            "positiveVirtualMargin": 19.81,
            "remedialActionList": [
                {
                    "enabled": true,
                    "remedialActionMrid": "64e85fd0-fcb5-43e9-8693-c61dc4542d92",
                    "ruleType": "exclude"
                },
                {
                    "enabled": true,
                    "remedialActionMrid": "5ea0e1ff-cd37-4598-ba67-bed16e1d9a29",
                    "ruleType": "include"
                },
                {
                    "enabled": true,
                    "remedialActionMrid": "e5df9a86-17f9-4aba-9788-ca8c932d4554",
                    "ruleType": "exclude"
                }
            ],
            "scannedForRegionCode": "fda65bd0-ca7e-42b2-8bdf-9af5b44b1714",
            "scannedThresholdMargin": 50.41,
            "securedForRegionCode": "80445010-d3c7-485e-a17b-d50f76acf5a0",
            "targetRemainingAvailableMargin": 72.47,
            "terminalList": [
                {
                    "limit": {
                        "category": "permanent",
                        "direction": "opposite",
                        "duration": "PT58M",
                        "mrid": "46dbbc27-6288-4cd4-a284-5dcd917d2c29",
                        "type": "ratio",
                        "value": 925.08,
                        "variable": "voltageMin"
                    },
                    "limitMrid": "49ed15ca-fedd-4017-8224-1d44072ea2fd",
                    "terminalMrid": "ee259a48-bff7-4f59-85a5-088a455a814d"
                }
            ]
        }
    ]
}