{
    "assessedElementFlatListId": "8d1f2e5d-a210-417f-bbe5-e59e442acb2c",
    "contingencyFlatListId": "5bb7417d-84f0-458d-8e67-0a805666e9e1",
    "businessTimestamp": "2024-01-04T00:30:00",
    "cdsId": "050874a0-10d0-49b3-8951-a013f6bc6aca",
    "documentId": "6c3929cd-bc01-4d5c-a76d-3965ee4ac1b0",
    "gridModelId": "78d659b2-016a-44da-af65-cc068bdb51e8",
    "ownerCode": "10XDE-RWENET---W",
    "ownerRole": "Network Engineer",
    "timeHorizon": "dayAhead",
    "timeInterval": {
        "from": "2024-01-04T00:00:00",
        "to": "2024-01-04T01:00:00"
    },
    "version": 10,
    "assessedElementList": [
        {
            "appointedMargin": 72.96,
            "areaCode": "10YDE-RWENET---I",
            "assessedPowerTransferCorridorCode": "c0e75e83-9bd7-4675-83ae-13fa36e4c9cd",
            "assessedSystemOperatorCode": "10XDE-RWENET---W",
            "conductingEquipmentMrid": "ec0b5316-7dfd-4e36-99be-17fdcb3b712e",
            "conductingEquipmentName": "Equipment 1",
            "contingencyList": [
                {
                    "contingencyMrid": "008f8b84-7ba4-4c5a-aed8-7d048fcfa787",
                    "enabled": true,
                    "ruleType": "exclude"
                },
                {
                    "contingencyMrid": "57373b30-9a86-4b1b-9899-802862fa00f4",
                    "enabled": true,
                    "ruleType": "exclude"
                }
            ],
            "dcTieCorridorCode": "5b68a4f6-bf7f-4606-93d4-ab0efd22e141",
            "description": "Sample assessed element description 1",
            "enabled": false,
            "equipmentType": "staticVarCompensator",
            "exclusionReason": "systemOperator",
            "flowReliabilityMargin": 22.25,
            "inBaseCase": true,
            "isCombinableWithContingency": true,
            "isCombinableWithRemedialAction": false,
            "isCritical": true,
            "isCrossBorderRelevant": false,
            "isExcludedAdHoc": false,
            "maxFlow": 333.84,
            "maxMarginAdjustment": 18.82,
            "mrid": "810d51a6-a15a-4739-bae8-adad72b4a231",
            "name": null,
            "nativeRegionCode": "954bfcf5-e3d7-4c4f-bdb0-ffb2591516ff",
            "overlappingZoneCode": "ac0f29a5-5619-4c97-9dd2-f061f00b9f86",
            "positiveVirtualMargin": 23.01,
            "remedialActionList": [
                {
                    "enabled": true,
                    "remedialActionMrid": "7c67802e-c14f-40e8-bb96-31fd77fe9e14",
                    "ruleType": "include"
                },
                {
                    "enabled": true,
                    "remedialActionMrid": "99375a26-877f-4bf7-866c-bbf06db65970",
                    "ruleType": "include"
                },
                {
                    "enabled": true,
                    "remedialActionMrid": "ad2b0ad7-e636-426a-a6da-a534150ceeed",
                    "ruleType": "exclude"
                }
            ],
            "scannedForRegionCode": "fa2c980f-f9f5-4422-b3e9-6c2028a0aed9",
            "scannedThresholdMargin": 56.98,
            "securedForRegionCode": "f639874d-05af-4f0c-a0b1-191f62147ccd",
            "targetRemainingAvailableMargin": 57.21,
            "terminalList": [
                {
                    "limit": {
                        "category": "permanent",
                        "direction": "opposite",
                        "duration": "PT19M",
                        "mrid": "6afd6e20-ebfb-4c43-af6c-c5b12534aa30",
                        "type": "absolute",
                        "value": 608.15,
                        "variable": "currentMin"
                    },
                    "limitMrid": "4fe7aee4-c1d3-49bb-a3b4-67c1b87f1e00",
                    "terminalMrid": "9fdb39f4-2a39-4745-a373-a8cc8094a804"
                },
                {
                    "limit": {
                        "category": "permanent",
                        "direction": "double",
                        "duration": "PT30M",
                        "mrid": "8484ec9c-def8-4c9d-a880-12719f0be731",
                        "type": "ratio",
                        "value": 821.74,
                        "variable": "reactivePowerMax"
                    },
                    "limitMrid": "adac1a98-e944-47a6-8501-35c392d5538d",
                    "terminalMrid": "16fbbcea-bef8-4322-b6d8-628e1551d5a5"
                },
                {
                    "limit": {
                        "category": "category",
                        "direction": "double",
                        "duration": "PT4M",
                        "mrid": "5005bcce-b395-4ad7-b22d-306b6a9b9baf",
                        "type": "ratio",
                        "value": 647.48,
                        "variable": "currentMin"
                    },
                    "limitMrid": "3e1b96f2-b4b8-46ee-905e-0f26a4f33654",
                    "terminalMrid": "8b6f9a3b-730c-413e-8dd0-15b6e3b4749d"
                }
            ]
        },
        {
            "appointedMargin": 4.84,
            "areaCode": "10YDE-RWENET---I",
            "assessedPowerTransferCorridorCode": "390ed785-6995-4160-bf4a-e497ac4aa403",
            "assessedSystemOperatorCode": "10XDE-RWENET---W",
            "conductingEquipmentMrid": "2c4b9963-b4c5-4ace-92f0-557f8178d7b4",
            "conductingEquipmentName": null,
            "contingencyList": [
                {
                    "contingencyMrid": "008f8b84-7ba4-4c5a-aed8-7d048fcfa787",
                    "enabled": false,
                    "ruleType": "include"
                },
                {
                    "contingencyMrid": "57373b30-9a86-4b1b-9899-802862fa00f4",
                    "enabled": false,
                    "ruleType": "include"
                }
            ],
            "dcTieCorridorCode": "ed9e5e2c-97dc-43d9-8549-b90a6ce3e713",
            "description": "Sample assessed element description 2",
            "enabled": true,
            "equipmentType": "staticVarCompensator",
            "exclusionReason": "nonNativeCapacityCalculationRegion",
            "flowReliabilityMargin": 14.27,
            "inBaseCase": false,
            "isCombinableWithContingency": true,
            "isCombinableWithRemedialAction": true,
            "isCritical": false,
            "isCrossBorderRelevant": false,
            "isExcludedAdHoc": true,
            "maxFlow": 258.05,
            "maxMarginAdjustment": 48.48,
            "mrid": "f474e510-1216-4da2-8bcf-db7b670cd448",
            "name": null,
            "nativeRegionCode": "4bde7bd7-9714-4c54-8e24-9ed8fe709f19",
            "overlappingZoneCode": "ddb35a5a-66b4-43f1-b5dd-2b2f3debb007",
            "positiveVirtualMargin": 82.62,
            "remedialActionList": [
                {
                    "enabled": true,
                    "remedialActionMrid": "e09da9d0-5ad3-4922-8256-e0db721c4522",
                    "ruleType": "exclude"
                },
                {
                    "enabled": false,
                    "remedialActionMrid": "b0fb15e4-3bf7-4ca5-b6cf-8d9eafb7076c",
                    "ruleType": "include"
                }
            ],
            "scannedForRegionCode": "8b9f78c7-ee71-41a9-aa51-0f08a390805d",
            "scannedThresholdMargin": 40.63,
            "securedForRegionCode": "1abcc13d-d65b-4424-bad1-c2d69b6191fe",
            "targetRemainingAvailableMargin": 26.47,
            "terminalList": [
                {
                    "limit": {
                        "category": "permanent",
                        "direction": "double",
                        "duration": "PT11M",
                        "mrid": "4eba03ef-fae8-42d4-9444-b6eab814a480",
                        "type": "absolute",
                        "value": 109.47,
                        "variable": "activePowerMin"
                    },
                    "limitMrid": "0e1d72c2-9afd-465d-990d-a492a73f3e97",
                    "terminalMrid": "aab8f619-54d6-4f8c-a358-f4eb7711f5d9"
                },
                {
                    "limit": {
                        "category": "category",
                        "direction": "double",
                        "duration": "PT50M",
                        "mrid": "bcad3998-a92f-4914-be46-ade7b100053b",
                        "type": "ratio",
                        "value": 257.23,
                        "variable": "activePowerMax"
                    },
                    "limitMrid": "d3c1785a-d630-4a6f-a4ba-2c439eea1710",
                    "terminalMrid": "713946a0-54c2-48bd-ad49-077ed1260bf3"
                }
            ]
        }
    ]
}