{
    "businessTimestamp": "2024-01-04T00:30:00",
    "cdsId": "b7a3f903-3c57-4aa3-b5cf-502925fb29db",
    "comoDocumentType": "INTERNAL_CO_FLAT_LIST",
    "comoDocumentVersion": "R24Q4V1_0",
    "contingencyGroupList": [
        {
            "equipmentList": [
                {
                    "areaCode": "10YDE-RWENET---I",
                    "description": "Sample equipment description 1",
                    "equipmentMrid": "5851bea2-1c88-4511-b8ef-b936b20f6bb5",
                    "equipmentType": "switch",
                    "mrid": "60e34863-e8da-48a9-8fe5-c6c17e4d35fb",
                    "name": "Equipment 1"
                },
                {
                    "areaCode": "10YDE-RWENET---I",
                    "description": "Sample equipment description 2",
                    "equipmentMrid": "30bb2036-4726-4f9b-b355-28296afe4c12",
                    "equipmentType": "gen",
                    "mrid": "63d3a6f8-365d-4dea-b35a-aea015920712",
                    "name": "Equipment 2"
                }
            ],
            "groupCode": "2e44864a-5fae-45e9-998c-ebc1f1b85080"
        },
        {
            "equipmentList": [
                {
                    "areaCode": "10YDE-RWENET---I",
                    "description": "Sample equipment description 1",
                    "equipmentMrid": "abfbe70e-df41-45bb-80d4-32f8867c8d30",
                    "equipmentType": "busbar",
                    "mrid": "0bbff057-3078-41cb-b610-3699b30a2c02",
                    "name": "Equipment 1"
                },
                {
                    "areaCode": "10YDE-RWENET---I",
                    "description": "Sample equipment description 2",
                    "equipmentMrid": "76bcad39-575f-4374-8d7b-ce45ad9bd246",
                    "equipmentType": "gen",
                    "mrid": "8c27898d-ff11-4f0f-b76e-5df54f0494e8",
                    "name": "Equipment 2"
                },
                {
                    "areaCode": "10YDE-RWENET---I",
                    "description": "Sample equipment description 3",
                    "equipmentMrid": "e91cf1e9-63d2-400e-9ee9-b30dc0aaa84d",
                    "equipmentType": "line",
                    "mrid": "d751c061-a50a-4c95-9d5d-df8ab8898338",
                    "name": "Equipment 3"
                }
            ],
            "groupCode": "3dc6bbdb-0461-433f-8e44-274f7fd1de85"
        }
    ],
    "contingencyList": [
        {
            "contingencyCondition": null,
            "contingencyType": "outOfRange",
            "description": "Sample contingency description 1",
            "equipmentOperatorCode": "e3ccedbf-3cbf-4038-b942-921ca903bf2c",
            "groupCode": "2e44864a-5fae-45e9-998c-ebc1f1b85080",
            "mrid": "008f8b84-7ba4-4c5a-aed8-7d048fcfa787",
            "mustStudy": false,
            "name": "Contingency 1",
            "probability": 0.89
        },
        {
            "contingencyCondition": null,
            "contingencyType": "exceptional",
            "description": "Sample contingency description 2",
            "equipmentOperatorCode": "f6fda68e-4bd8-4d7e-816a-e6d61bc2b645",
            "groupCode": "3dc6bbdb-0461-433f-8e44-274f7fd1de85",
            "mrid": "57373b30-9a86-4b1b-9899-802862fa00f4",
            "mustStudy": true,
            "name": "Contingency 2",
            "probability": null
        }
    ],
    "contingencyListId": "bdc94db3-696e-431f-a037-6d6baf0b81d4",
    "documentId": "5bb7417d-84f0-458d-8e67-0a805666e9e1",
    "gridModelId": "34281feb-d07a-44c1-8d9f-3258a63df15a",
    "ownerCode": "10XDE-RWENET---W",
    "ownerRole": "Grid Manager",
    "timeHorizon": "dayAhead",
    "timeInterval": {
        "from": "2024-01-04T00:00:00",
        "to": "2024-01-04T01:00:00"
    },
    "version": 2
}