{
    "businessTimestamp": "2024-01-03T00:30:00",
    "cdsId": "b06cbc44-a184-43ca-909d-3ec6da8bc6b0",
    "comoDocumentType": "INTERNAL_CO_FLAT_LIST",
    "comoDocumentVersion": "R24Q4V1_0",
    "contingencyGroupList": [
        {
            "equipmentList": [
                {
                    "areaCode": "10YSK-SEPS-----K",
                    "description": "Sample equipment description 1",
                    "equipmentMrid": "73b836de-f224-4e19-9169-05e3d33641ab",
                    "equipmentType": "staticVarCompensator",
                    "mrid": "b9695f4b-5cf0-49fe-a834-337392bf6ec8",
                    "name": "Equipment 1"
                }
            ],
            "groupCode": "87e25f39-8df7-4adb-8269-6b4499be6029"
        },
        {
            "equipmentList": [
                {
                    "areaCode": "10YSK-SEPS-----K",
                    "description": "Sample equipment description 1",
                    "equipmentMrid": "3076ad36-7d15-4e76-9022-b56cdd14afe5",
                    "equipmentType": "shuntCompensator",
                    "mrid": "a8facb93-3522-4cec-b70e-9a1bb89b2a37",
                    "name": "Equipment 1"
                },
                {
                    "areaCode": "10YSK-SEPS-----K",
                    "description": "Sample equipment description 2",
                    "equipmentMrid": "74f23943-7ad7-49c6-a61b-ed0b3d3c50e2",
                    "equipmentType": "gen",
                    "mrid": "e5d4d0e5-b826-48b5-8e71-4b677906ccb1",
                    "name": "Equipment 2"
                },
                {
                    "areaCode": "10YSK-SEPS-----K",
                    "description": "Sample equipment description 3",
                    "equipmentMrid": "b0852d51-ee01-40c9-a8f6-f5936c001635",
                    "equipmentType": "busbar",
                    "mrid": "127cb0fa-1fe5-4b3e-a6c1-441d9ce7d087",
                    "name": "Equipment 3"
                }
            ],
            "groupCode": "454973a7-04db-467a-a9ce-2d5db44b648f"
        }
    ],
    "contingencyList": [
        {
            "contingencyCondition": null,
            "contingencyType": "outOfRange",
            "description": null,
            "equipmentOperatorCode": "01ee11d7-7a67-4cf3-910f-17862a728f19",
            "groupCode": "87e25f39-8df7-4adb-8269-6b4499be6029",
            "mrid": "61bd318f-1990-4987-83bb-228de5cd1429",
            "mustStudy": true,
            "name": "Contingency 1",
            "probability": 48.85
        },
        {
            "contingencyCondition": null,
            "contingencyType": "ordinary",
            "description": null,
            "equipmentOperatorCode": "ab711a13-f82c-4cd1-a8ab-3553632b92b7",
            "groupCode": "454973a7-04db-467a-a9ce-2d5db44b648f",
            "mrid": "cf81443b-8dc7-4c4d-8fa3-1deda81c2924",
            "mustStudy": false,
            "name": null,
            "probability": null
        }
    ],
    "contingencyListId": "afe7842e-8f19-4a8f-a7b9-f5b612d685d0",
    "documentId": "8a2b376c-21b5-4b7a-99fa-baecf16f7189",
    "gridModelId": "aa5cbcd2-70cd-498b-ba85-65b6bac0d5d8",
    "ownerCode": "10XSK-SEPS-GRIDB",
    "ownerRole": "System Operator",
    "timeHorizon": "dayAhead",
    "timeInterval": {
        "from": "2024-01-03T00:00:00",
        "to": "2024-01-03T01:00:00"
    },
    "version": 10
}