{
    "businessTimestamp": "2024-01-02T00:30:00",
    "cdsId": "97fb8782-d78c-495a-ac81-8c51b767468d",
    "comoDocumentType": "INTERNAL_CO_FLAT_LIST",
    "comoDocumentVersion": "R24Q4V1_0",
    "contingencyGroupList": [
        {
            "equipmentList": [
                {
                    "areaCode": "10Y1001C--00083S",
                    "description": "Sample equipment description 1",
                    "equipmentMrid": "96c8b166-9dd5-461b-aa2f-c9a384927737",
                    "equipmentType": "gen",
                    "mrid": "7b7c4e82-5602-464a-81f0-3c2e3d260542",
                    "name": "Equipment 1"
                }
            ],
            "groupCode": "70daed0c-da4a-4a44-990a-4e676a3722f4"
        },
        {
            "equipmentList": [
                {
                    "areaCode": "10Y1001C--00083S",
                    "description": "Sample equipment description 1",
                    "equipmentMrid": "40881e09-a0da-459b-8182-81abac9ec7b5",
                    "equipmentType": "line",
                    "mrid": "a2570295-48ee-422f-bab3-485790173a71",
                    "name": "Equipment 1"
                },
                {
                    "areaCode": "10Y1001C--00083S",
                    "description": "Sample equipment description 2",
                    "equipmentMrid": "ccb50ef5-ed93-417d-ae03-3a6ab85a24b5",
                    "equipmentType": "busbar",
                    "mrid": "7fb20bd2-1d29-481f-9802-dccb29f49dbf",
                    "name": "Equipment 2"
                },
                {
                    "areaCode": "10Y1001C--00083S",
                    "description": "Sample equipment description 3",
                    "equipmentMrid": "844a73ce-86f2-4a3d-93af-0d0f6f6f480e",
                    "equipmentType": "gen",
                    "mrid": "a5f5b3d3-dfd0-4eba-bc67-36f1ce0530e0",
                    "name": "Equipment 3"
                }
            ],
            "groupCode": "df8bda3a-f319-4d60-b44f-f8d6167b7e2e"
        }
    ],
    "contingencyList": [
        {
            "contingencyCondition": "design",
            "contingencyType": "exceptional",
            "description": "Sample contingency description 1",
            "equipmentOperatorCode": "5fd45b6a-1204-429f-b2fa-1b3f8e08d995",
            "groupCode": "70daed0c-da4a-4a44-990a-4e676a3722f4",
            "mrid": "8f53bc1c-ce84-44ed-9be0-9d45c6b5b027",
            "mustStudy": false,
            "name": null,
            "probability": null
        },
        {
            "contingencyCondition": null,
            "contingencyType": "ordinary",
            "description": "Sample contingency description 2",
            "equipmentOperatorCode": "86b6d741-b33d-4df3-ae2e-2d219d25be50",
            "groupCode": "df8bda3a-f319-4d60-b44f-f8d6167b7e2e",
            "mrid": "d860f0f6-e76d-4f80-83c4-9b78241acdbc",
            "mustStudy": false,
            "name": "Contingency 2",
            "probability": null
        }
    ],
    "contingencyListId": "e462ba0d-052c-46b6-9089-10f7cfa684f1",
    "documentId": "0ffaf350-d69f-4cf8-9033-3dba811a439d",
    "gridModelId": "a90b4876-2a22-4bb2-bf18-5bbf387fc4f4",
    "ownerCode": "10XFR-RTE------Q",
    "ownerRole": "Network Engineer",
    "timeHorizon": "dayAhead",
    "timeInterval": {
        "from": "2024-01-02T00:00:00",
        "to": "2024-01-02T01:00:00"
    },
    "version": 9
}