{
    "businessTimestamp": "2024-01-01T00:30:00",
    "cdsId": "c32b2dcf-cf53-46a2-b224-fc75c1ab530c",
    "comoDocumentType": "INTERNAL_CO_FLAT_LIST",
    "comoDocumentVersion": "R24Q4V1_0",
    "contingencyGroupList": [
        {
            "equipmentList": [
                {
                    "areaCode": "10YSI-ELES-----O",
                    "description": "Sample equipment description 1",
                    "equipmentMrid": "26a9c1fc-3bd2-4974-ac69-1f15b18563a1",
                    "equipmentType": "line",
                    "mrid": "640acfd5-b7d5-4d09-9d77-b1b1d014d15f",
                    "name": "Equipment 1"
                },
                {
                    "areaCode": "10YSI-ELES-----O",
                    "description": "Sample equipment description 2",
                    "equipmentMrid": "009779c2-ce6d-48c1-b5c7-d31ba2154f98",
                    "equipmentType": "staticVarCompensator",
                    "mrid": "bb01524b-c8df-4520-91a5-ff9721c85f4f",
                    "name": "Equipment 2"
                }
            ],
            "groupCode": "8032ee00-88dc-443d-bf79-94ee73e8d06a"
        },
        {
            "equipmentList": [
                {
                    "areaCode": "10YSI-ELES-----O",
                    "description": "Sample equipment description 1",
                    "equipmentMrid": "ef83a6df-6224-4d65-9cb4-80b4c19ab1cd",
                    "equipmentType": "load",
                    "mrid": "7114c921-ce79-4ebf-9bac-2351c88f6035",
                    "name": "Equipment 1"
                },
                {
                    "areaCode": "10YSI-ELES-----O",
                    "description": "Sample equipment description 2",
                    "equipmentMrid": "f23c3215-0958-475e-ab38-7fadf14fe982",
                    "equipmentType": "shuntCompensator",
                    "mrid": "59e2a349-de34-4c8a-a5d3-3f91980fab31",
                    "name": "Equipment 2"
                }
            ],
            "groupCode": "1fbe92c7-0482-470b-bef3-49064bb97922"
        }
    ],
    "contingencyList": [
        {
            "contingencyCondition": "malfunction",
            "contingencyType": "outOfRange",
            "description": null,
            "equipmentOperatorCode": "be28982c-bba4-4576-8d15-cbbefaad4d4f",
            "groupCode": "8032ee00-88dc-443d-bf79-94ee73e8d06a",
            "mrid": "1c1f5e6d-06dd-4612-b974-481641435415",
            "mustStudy": true,
            "name": "Contingency 1",
            "probability": null
        },
        {
            "contingencyCondition": "malfunction",
            "contingencyType": "outOfRange",
            "description": "Sample contingency description 2",
            "equipmentOperatorCode": "8ef3f834-1004-4e1a-ac0e-e15c2ae9bd87",
            "groupCode": "1fbe92c7-0482-470b-bef3-49064bb97922",
            "mrid": "1cd49485-6bc0-487f-8e34-8214859a959b",
            "mustStudy": false,
            "name": "Contingency 2",
            "probability": 63.66
        }
    ],
    "contingencyListId": "ab3621f8-78fc-4a28-a498-c0716df4c331",
    "documentId": "58528b0b-88c7-413b-bc3f-f42990811f6d",
    "gridModelId": "5e6823ce-7e86-480e-9052-ec10576d0e34",
    "ownerCode": "10XSI-ELES-----1",
    "ownerRole": "Network Engineer",
    "timeHorizon": "dayAhead",
    "timeInterval": {
        "from": "2024-01-01T00:00:00",
        "to": "2024-01-01T01:00:00"
    },
    "version": 10
}