{
    "businessTimestamp": "2024-01-05T00:30:00",
    "cdsId": "35fafd40-188e-41a0-8af1-9686b34082fc",
    "comoDocumentType": "INTERNAL_CO_FLAT_LIST",
    "comoDocumentVersion": "R24Q4V1_0",
    "contingencyGroupList": [
        {
            "equipmentList": [
                {
                    "areaCode": "10YDOM-1010A0213",
                    "description": "Sample equipment description 1",
                    "equipmentMrid": "d01068cc-4508-462c-8bec-dc44575745ca",
                    "equipmentType": "line",
                    "mrid": "0f9bae2b-c0c8-4d61-a9c6-f258d43285c7",
                    "name": "Equipment 1"
                },
                {
                    "areaCode": "10YDOM-1010A0213",
                    "description": "Sample equipment description 2",
                    "equipmentMrid": "c79a5a12-471f-4481-8d48-b563a8bc48f6",
                    "equipmentType": "switch",
                    "mrid": "a2331648-3e38-4e90-98ef-6c50d2b6738d",
                    "name": "Equipment 2"
                },
                {
                    "areaCode": "10YDOM-1010A0213",
                    "description": "Sample equipment description 3",
                    "equipmentMrid": "8ea13b89-0541-4ae4-815e-0d0c78a2559d",
                    "equipmentType": "switch",
                    "mrid": "d1bddfba-1fc9-4b20-bf9e-699fbc81e629",
                    "name": "Equipment 3"
                }
            ],
            "groupCode": "1603edfb-b81b-4a5f-b0c4-8272545a7582"
        },
        {
            "equipmentList": [
                {
                    "areaCode": "10YDOM-1010A0213",
                    "description": "Sample equipment description 1",
                    "equipmentMrid": "e11cf04f-bd95-4587-a962-416a6dee6bc1",
                    "equipmentType": "transformer",
                    "mrid": "782882dd-995c-407e-a1e5-970f8e16b4fd",
                    "name": "Equipment 1"
                },
                {
                    "areaCode": "10YDOM-1010A0213",
                    "description": "Sample equipment description 2",
                    "equipmentMrid": "07313207-815e-40fb-b557-6fba181285bf",
                    "equipmentType": "bus",
                    "mrid": "2adcb3a6-26da-4d68-a332-d64d5c8b723c",
                    "name": "Equipment 2"
                }
            ],
            "groupCode": "b88d2e76-f7a3-41e7-b9a9-cecc7e0e48fb"
        },
        {
            "equipmentList": [
                {
                    "areaCode": "10YDOM-1010A0213",
                    "description": "Sample equipment description 1",
                    "equipmentMrid": "4384e6c5-e003-4ead-859b-37409b5e34a8",
                    "equipmentType": "staticVarCompensator",
                    "mrid": "d17004d4-3bdd-4951-a18e-b6602ecf4333",
                    "name": "Equipment 1"
                },
                {
                    "areaCode": "10YDOM-1010A0213",
                    "description": "Sample equipment description 2",
                    "equipmentMrid": "bba8a558-9e05-4a4d-a398-d51e94ec13cc",
                    "equipmentType": "load",
                    "mrid": "6a608c9d-40c5-4e75-b612-a643bf4de552",
                    "name": "Equipment 2"
                }
            ],
            "groupCode": "3df68901-1156-45fd-b750-542513881cd8"
        }
    ],
    "contingencyList": [
        {
            "contingencyCondition": "geographicalLocation",
            "contingencyType": "exceptional",
            "description": "Sample contingency description 1",
            "equipmentOperatorCode": "6ac555e3-05a3-4777-85ff-97550f01721b",
            "groupCode": "1603edfb-b81b-4a5f-b0c4-8272545a7582",
            "mrid": "67a640f8-525c-4af4-92b5-659aa92517ff",
            "mustStudy": false,
            "name": "Contingency 1",
            "probability": 84.09
        },
        {
            "contingencyCondition": null,
            "contingencyType": "outOfRange",
            "description": null,
            "equipmentOperatorCode": "f810d113-eecc-4cdd-927a-99bac171a628",
            "groupCode": "b88d2e76-f7a3-41e7-b9a9-cecc7e0e48fb",
            "mrid": "3f5e2d6d-38a6-4e72-9ba1-4bb92f1b764b",
            "mustStudy": true,
            "name": null,
            "probability": 72.66
        },
        {
            "contingencyCondition": "geographicalLocation",
            "contingencyType": "outOfRange",
            "description": null,
            "equipmentOperatorCode": "fcb77db5-e279-4b2d-a850-92d31d456242",
            "groupCode": "3df68901-1156-45fd-b750-542513881cd8",
            "mrid": "4676e93c-3b87-450e-a409-a861266008a1",
            "mustStudy": false,
            "name": "Contingency 3",
            "probability": 48.22
        }
    ],
    "contingencyListId": "0edffa21-d176-4c43-a297-4ddaa2a6cfc1",
    "documentId": "ad789070-87a7-4d55-90b2-4d6304e73e13",
    "gridModelId": "48a441f5-aaa7-4abf-8a0b-36512a213267",
    "ownerCode": "10XDE-EON-NETZ-C",
    "ownerRole": "Grid Manager",
    "timeHorizon": "dayAhead",
    "timeInterval": {
        "from": "2024-01-05T00:00:00",
        "to": "2024-01-05T01:00:00"
    },
    "version": 8
}