{
    "businessTimestamp": "2024-01-06T00:30:00",
    "cdsId": "7910f8d8-9079-4ede-90ab-978adbc6cd72",
    "comoDocumentType": "INTERNAL_CO_FLAT_LIST",
    "comoDocumentVersion": "R24Q4V1_0",
    "contingencyGroupList": [
        {
            "equipmentList": [
                {
                    "areaCode": "10YDE-VE-------2",
                    "description": "Sample equipment description 1",
                    "equipmentMrid": "87cd392f-a57c-429d-8c5f-b97bf5cc7a48",
                    "equipmentType": "switch",
                    "mrid": "f3c5cd6a-27a6-434e-b297-34ebed3339a4",
                    "name": "Equipment 1"
                },
                {
                    "areaCode": "10YDE-VE-------2",
                    "description": "Sample equipment description 2",
                    "equipmentMrid": "c0e9db2d-fd96-4a15-a570-36d4bd45737c",
                    "equipmentType": "line",
                    "mrid": "cad6d4ae-a6de-4b6d-985a-243c9323ae94",
                    "name": "Equipment 2"
                }
            ],
            "groupCode": "1b906217-6413-44a0-9653-2e7f6c06b563"
        },
        {
            "equipmentList": [
                {
                    "areaCode": "10YDE-VE-------2",
                    "description": "Sample equipment description 1",
                    "equipmentMrid": "427e4450-d350-41d8-9243-5efa557d7402",
                    "equipmentType": "load",
                    "mrid": "b62a9c0e-c8c5-43b4-8d72-67c09fb6202d",
                    "name": "Equipment 1"
                },
                {
                    "areaCode": "10YDE-VE-------2",
                    "description": "Sample equipment description 2",
                    "equipmentMrid": "906ebc77-e8ed-43db-b635-54c9fc1ca47c",
                    "equipmentType": "busbar",
                    "mrid": "998267b0-9bee-4230-959d-b157c4c857cf",
                    "name": "Equipment 2"
                },
                {
                    "areaCode": "10YDE-VE-------2",
                    "description": "Sample equipment description 3",
                    "equipmentMrid": "1045ceb1-e6c0-432e-bf11-63a01867cc37",
                    "equipmentType": "load",
                    "mrid": "2809c929-3366-4a5b-806c-780e666d9ebd",
                    "name": "Equipment 3"
                }
            ],
            "groupCode": "3a6eb134-42c4-446c-8fc2-5518676b2b16"
        },
        {
            "equipmentList": [
                {
                    "areaCode": "10YDE-VE-------2",
                    "description": "Sample equipment description 1",
                    "equipmentMrid": "88cf1555-d2a8-499a-90ed-91318f1058a3",
                    "equipmentType": "line",
                    "mrid": "2a59ffe5-d201-411d-8748-3808309e2858",
                    "name": "Equipment 1"
                }
            ],
            "groupCode": "6e68f3a3-0355-4e31-bcff-014bb1c927b2"
        }
    ],
    "contingencyList": [
        {
            "contingencyCondition": null,
            "contingencyType": "exceptional",
            "description": "Sample contingency description 1",
            "equipmentOperatorCode": "7ffcea8c-9550-4c07-a7dd-788f926241d2",
            "groupCode": "1b906217-6413-44a0-9653-2e7f6c06b563",
            "mrid": "5c440f05-9851-4546-8cd8-2868203ea107",
            "mustStudy": true,
            "name": null,
            "probability": 76.15
        },
        {
            "contingencyCondition": "malfunction",
            "contingencyType": "ordinary",
            "description": "Sample contingency description 2",
            "equipmentOperatorCode": "82358a4f-3a9c-4cc6-936e-9488bc6987d7",
            "groupCode": "3a6eb134-42c4-446c-8fc2-5518676b2b16",
            "mrid": "c2942590-1b1d-48a7-aba2-323e0a00b19c",
            "mustStudy": true,
            "name": "Contingency 2",
            "probability": null
        },
        {
            "contingencyCondition": null,
            "contingencyType": "outOfRange",
            "description": null,
            "equipmentOperatorCode": "946de9e4-41d7-435a-901d-c46d9d708382",
            "groupCode": "6e68f3a3-0355-4e31-bcff-014bb1c927b2",
            "mrid": "20b68f0f-fdb6-48bb-8df6-79ca1889ec38",
            "mustStudy": true,
            "name": "Contingency 3",
            "probability": 99.67
        }
    ],
    "contingencyListId": "1c24a9fd-3d4e-4e71-aec8-cca2501d2426",
    "documentId": "a27f5f85-ed97-4096-9519-4bd02e77e2fe",
    "gridModelId": "052cd806-af65-46b1-9651-5bb12488ea2d",
    "ownerCode": "10YDE-VE-------2",
    "ownerRole": "Grid Manager",
    "timeHorizon": "dayAhead",
    "timeInterval": {
        "from": "2024-01-06T00:00:00",
        "to": "2024-01-06T01:00:00"
    },
    "version": 4
}