{
    "businessDay": "2024-10-31",
    "businessTimestamp": "2024-10-31T02:30:00Z",
    "comoDocumentType": "CS_SELECTED_XNEC_RESULT",
    "comoDocumentVersion": "R24Q4V1_0",
    "convertedXnecList": [
        {
            "id": "215dcd65a2acb1598d9ba9e3",
            "originalXnec1": {
                "assessedElementMrid": "6ba7f50007ef9f115bd80e44",
                "assessedElementName": "31c25cf22a15c59ff87e706c",
                "biddingZoneCode": "10Y1001C--000611",
                "conductingEquipmentMrid": "93ce9774fbe54cd093432f7e",
                "contingencyMrid": "16ddb6060664ebd775e500ad",
                "contingencyName": "84b4a4647d8e62c77b8e45b7",
                "fAfter": 62,
                "fBefore": 68,
                "fMax": 66,
                "hasCostlyRa": false,
                "iAfter": 81,
                "iBefore": 26,
                "iMax": 45,
                "id": "71b88198587a831a58c05c80",
                "raMrid": "4b062028afced0541420e546",
                "tsoCode": "CEPS",
                "xneMrid": "6ba7f50007ef9f115bd80e44",
                "xneName": "31c25cf22a15c59ff87e706c"
            },
            "originalXnec2": {
                "assessedElementMrid": "159f5d24eeedf3fe94ad283a",
                "assessedElementName": "67a1ae7f50ecdb4d764e459d",
                "biddingZoneCode": "10YAT-APG------L",
                "conductingEquipmentMrid": "f7560c305c4518fb7c54866f",
                "contingencyMrid": "16ddb6060664ebd775e500ad",
                "contingencyName": "84b4a4647d8e62c77b8e45b7",
                "fAfter": 62,
                "fBefore": 68,
                "fMax": 66,
                "hasCostlyRa": false,
                "iAfter": 81,
                "iBefore": 26,
                "iMax": 45,
                "id": "a509e0fec6f29974da68b3af",
                "raMrid": "4b062028afced0541420e546",
                "tsoCode": "APG",
                "xneMrid": "159f5d24eeedf3fe94ad283a",
                "xneName": "67a1ae7f50ecdb4d764e459d"
            }
        }
    ],
    "crosaProcessType": "f8cf2e4ae01e09cc6335ea8d",
    "crosaVersion": 1,
    "csProcessVersion": 2,
    "id": "84937e263c88f32284079379",
    "timeHorizon": "dayAhead",
    "xnecSelectionInputId": "cf33f811894694987f303875"
}