{
    "businessDay": "2024-06-08",
    "businessTimestamp": "2024-06-08T02:30:00Z",
    "comoDocumentType": "CS_SELECTED_XNEC_RESULT",
    "comoDocumentVersion": "R24Q4V1_0",
    "convertedXnecList": [
        {
            "id": "3c8ecb7911648114fe29db6f",
            "originalXnec1": {
                "assessedElementMrid": "10c5924c5a0ef58be818a4c7",
                "assessedElementName": "123137c7152c0a4ca79f29d5",
                "biddingZoneCode": "10Y1001A1001A71M",
                "conductingEquipmentMrid": "af8e557cfb12818a8267a28c",
                "contingencyMrid": "87f3605b221f855d2e6965c5",
                "contingencyName": "312064fda66dc89d510a5405",
                "fAfter": 70,
                "fBefore": 76,
                "fMax": 74,
                "hasCostlyRa": false,
                "iAfter": 3,
                "iBefore": 28,
                "iMax": 91,
                "id": "181ac959fd0c4877b0f5ef52",
                "raMrid": "204069ba9d2b18e7787471af",
                "tsoCode": "Transelectrica",
                "xneMrid": "10c5924c5a0ef58be818a4c7",
                "xneName": "123137c7152c0a4ca79f29d5"
            },
            "originalXnec2": {
                "assessedElementMrid": "2cec6f4bd5b56324b403b5d1",
                "assessedElementName": "c80f361c48813beaee13ed68",
                "biddingZoneCode": "43YLRI--------04",
                "conductingEquipmentMrid": "c3dcac0fe426008484030751",
                "contingencyMrid": "87f3605b221f855d2e6965c5",
                "contingencyName": "312064fda66dc89d510a5405",
                "fAfter": 70,
                "fBefore": 76,
                "fMax": 74,
                "hasCostlyRa": false,
                "iAfter": 3,
                "iBefore": 28,
                "iMax": 91,
                "id": "10eb41120122395ab5d5bc18",
                "raMrid": "204069ba9d2b18e7787471af",
                "tsoCode": "APG",
                "xneMrid": "2cec6f4bd5b56324b403b5d1",
                "xneName": "c80f361c48813beaee13ed68"
            }
        }
    ],
    "crosaProcessType": "1d2ab84f8c04cbe8470f50cb",
    "crosaVersion": 1,
    "csProcessVersion": 5,
    "id": "633ca96cf7dcd4eb661dd74c",
    "timeHorizon": "dayAhead",
    "xnecSelectionInputId": "a242917e74852c746c970779"
}