{
    "businessDay": "2024-05-06",
    "businessTimestamp": "2024-05-06T02:30:00Z",
    "comoDocumentType": "CS_SELECTED_XNEC_RESULT",
    "comoDocumentVersion": "R24Q4V1_0",
    "convertedXnecList": [
        {
            "id": "d638b673ff4690de47454f95",
            "originalXnec1": {
                "assessedElementMrid": "0994c877920503c7c37de144",
                "assessedElementName": "411ecbabbf59bbae63298f7e",
                "biddingZoneCode": "10YSK-SEPS-----K",
                "conductingEquipmentMrid": "75d9be7d0e531f64bb981689",
                "contingencyMrid": "1e27ed4b0e6624cafe942415",
                "contingencyName": "3283b59d7c28a89117652d5f",
                "fAfter": 65,
                "fBefore": 71,
                "fMax": 69,
                "hasCostlyRa": true,
                "iAfter": 55,
                "iBefore": 64,
                "iMax": 92,
                "id": "92f6c1e21ea4d8ba6945f111",
                "raMrid": "5bd6517d57a1d9074327ee45",
                "tsoCode": "MAVIR",
                "xneMrid": "0994c877920503c7c37de144",
                "xneName": "411ecbabbf59bbae63298f7e"
            },
            "originalXnec2": {
                "assessedElementMrid": "1c46e66ad58d0ad1e935f292",
                "assessedElementName": "c8fa16514242823041716e69",
                "biddingZoneCode": "10Y1001A1001A68B",
                "conductingEquipmentMrid": "c3fd3a01a03862de4bdc2e58",
                "contingencyMrid": "1e27ed4b0e6624cafe942415",
                "contingencyName": "3283b59d7c28a89117652d5f",
                "fAfter": 65,
                "fBefore": 71,
                "fMax": 69,
                "hasCostlyRa": true,
                "iAfter": 55,
                "iBefore": 64,
                "iMax": 92,
                "id": "ceb86bd10e400dc22b478b2a",
                "raMrid": "5bd6517d57a1d9074327ee45",
                "tsoCode": "APG",
                "xneMrid": "1c46e66ad58d0ad1e935f292",
                "xneName": "c8fa16514242823041716e69"
            }
        }
    ],
    "crosaProcessType": "93ecf6f575bc5f3439e612d4",
    "crosaVersion": 1,
    "csProcessVersion": 3,
    "id": "22f7b57912aacfc76af143c7",
    "timeHorizon": "dayAhead",
    "xnecSelectionInputId": "278ef55f3d2df102f23e24b5"
}