{
    "businessDay": "2024-07-11",
    "businessTimestamp": "2024-07-11T02:30:00Z",
    "comoDocumentType": "CS_SELECTED_XNEC_RESULT",
    "comoDocumentVersion": "R24Q4V1_0",
    "convertedXnecList": [
        {
            "id": "bde9b6091ec36e3da066b5c1",
            "originalXnec1": {
                "assessedElementMrid": "6cd5d462e62f3545711506b3",
                "assessedElementName": "1131a5778cde0884a58f1628",
                "biddingZoneCode": "10YFI-1--------U",
                "conductingEquipmentMrid": "34de7d6b999145c817b32ec7",
                "contingencyMrid": "5709040e72f87682967b822c",
                "contingencyName": "4992a99f541c50f5061d41a8",
                "fAfter": 51,
                "fBefore": 57,
                "fMax": 55,
                "hasCostlyRa": true,
                "iAfter": 44,
                "iBefore": 72,
                "iMax": 48,
                "id": "45a9010803968cdd467c013b",
                "raMrid": "5c2f460b9d0a43ae44f0d8ca",
                "tsoCode": "APG",
                "xneMrid": "6cd5d462e62f3545711506b3",
                "xneName": "1131a5778cde0884a58f1628"
            },
            "originalXnec2": {
                "assessedElementMrid": "21e1a6c34d7aea4e736406a4",
                "assessedElementName": "3c7486bff738316994d04b65",
                "biddingZoneCode": "10YCA-BULGARIA-R",
                "conductingEquipmentMrid": "91a32717965f913c21df98fb",
                "contingencyMrid": "5709040e72f87682967b822c",
                "contingencyName": "4992a99f541c50f5061d41a8",
                "fAfter": 51,
                "fBefore": 57,
                "fMax": 55,
                "hasCostlyRa": true,
                "iAfter": 44,
                "iBefore": 72,
                "iMax": 48,
                "id": "5c95ec33551bed41427f0403",
                "raMrid": "5c2f460b9d0a43ae44f0d8ca",
                "tsoCode": "MAVIR",
                "xneMrid": "21e1a6c34d7aea4e736406a4",
                "xneName": "3c7486bff738316994d04b65"
            }
        }
    ],
    "crosaProcessType": "b8802b1c1a7dcb2fe4028ca3",
    "crosaVersion": 1,
    "csProcessVersion": 3,
    "id": "d8de5431618e2d82d5f3fd8e",
    "timeHorizon": "dayAhead",
    "xnecSelectionInputId": "3e9fe100d61222c5b78dd240"
}