{
    "businessDay": "2024-09-14",
    "businessTimestamp": "2024-09-14T02:30:00Z",
    "comoDocumentType": "CS_SELECTED_XNEC_RESULT",
    "comoDocumentVersion": "R24Q4V1_0",
    "convertedXnecList": [
        {
            "id": "f8734c5afe0090a032d6999e",
            "originalXnec1": {
                "assessedElementMrid": "e18e330e521b461eaeb6f386",
                "assessedElementName": "42b93f632ee132acf9d7fb50",
                "biddingZoneCode": "10YGR-HTSO-----Y",
                "conductingEquipmentMrid": "b8c9f0cda0a311e81c182df3",
                "contingencyMrid": "535d6834a95584ddf3626da2",
                "contingencyName": "295bd6ec818fbd3db5f8d393",
                "fAfter": 54,
                "fBefore": 60,
                "fMax": 58,
                "hasCostlyRa": false,
                "iAfter": 3,
                "iBefore": 37,
                "iMax": 82,
                "id": "bbdaa3b8a26dd6d1ad0c8822",
                "raMrid": "0de54062e00490f45de47c72",
                "tsoCode": "MAVIR",
                "xneMrid": "e18e330e521b461eaeb6f386",
                "xneName": "42b93f632ee132acf9d7fb50"
            },
            "originalXnec2": {
                "assessedElementMrid": "0a1b2fc068f8441813002b38",
                "assessedElementName": "0e964cc5b4569805935c61f8",
                "biddingZoneCode": "10YCA-BULGARIA-R",
                "conductingEquipmentMrid": "3562878b80d5908858ae2809",
                "contingencyMrid": "535d6834a95584ddf3626da2",
                "contingencyName": "295bd6ec818fbd3db5f8d393",
                "fAfter": 54,
                "fBefore": 60,
                "fMax": 58,
                "hasCostlyRa": false,
                "iAfter": 3,
                "iBefore": 37,
                "iMax": 82,
                "id": "0f87f9ab710fbd957fdc530e",
                "raMrid": "0de54062e00490f45de47c72",
                "tsoCode": "MAVIR",
                "xneMrid": "0a1b2fc068f8441813002b38",
                "xneName": "0e964cc5b4569805935c61f8"
            }
        }
    ],
    "crosaProcessType": "b68a2706ce5f5ded970ff707",
    "crosaVersion": 1,
    "csProcessVersion": 3,
    "id": "511eaf8864e63c66d745c9fd",
    "timeHorizon": "dayAhead",
    "xnecSelectionInputId": "dce637a72295767eb8c0553f"
}