{
    "businessDay": "2024-07-27",
    "businessTimestamp": "2024-07-27T02:30:00Z",
    "comoDocumentType": "CS_SELECTED_XNEC_RESULT",
    "comoDocumentVersion": "R24Q4V1_0",
    "convertedXnecList": [
        {
            "id": "893381a06b814e8526e9133c",
            "originalXnec1": {
                "assessedElementMrid": "5f8df7271aa0934498c68504",
                "assessedElementName": "a48fe3b78799178254453c03",
                "biddingZoneCode": "10Y1001A1001A80L",
                "conductingEquipmentMrid": "0f468bddad54e0ab14666787",
                "contingencyMrid": "482fc36586722676e0267b00",
                "contingencyName": "36cc842587078cbf49d0384c",
                "fAfter": 82,
                "fBefore": 88,
                "fMax": 86,
                "hasCostlyRa": true,
                "iAfter": 46,
                "iBefore": 37,
                "iMax": 72,
                "id": "3cfdec94139438ef524ac5ac",
                "raMrid": "79891d2c00eafcdab6f0e28b",
                "tsoCode": "APG",
                "xneMrid": "5f8df7271aa0934498c68504",
                "xneName": "a48fe3b78799178254453c03"
            },
            "originalXnec2": {
                "assessedElementMrid": "a3e49c14adac803545b6ff78",
                "assessedElementName": "1268b7b473aec32c04d33818",
                "biddingZoneCode": "10YPT-REN------W",
                "conductingEquipmentMrid": "11522f6982ad0964b4f662fd",
                "contingencyMrid": "482fc36586722676e0267b00",
                "contingencyName": "36cc842587078cbf49d0384c",
                "fAfter": 82,
                "fBefore": 88,
                "fMax": 86,
                "hasCostlyRa": true,
                "iAfter": 46,
                "iBefore": 37,
                "iMax": 72,
                "id": "f0345d6c620bf84927e7a56e",
                "raMrid": "79891d2c00eafcdab6f0e28b",
                "tsoCode": "CEPS",
                "xneMrid": "a3e49c14adac803545b6ff78",
                "xneName": "1268b7b473aec32c04d33818"
            }
        }
    ],
    "crosaProcessType": "45ac4e6bcd2abb16977cc4ee",
    "crosaVersion": 1,
    "csProcessVersion": 2,
    "id": "6bcf2a914e713b2b0f42242e",
    "timeHorizon": "dayAhead",
    "xnecSelectionInputId": "a2dab7c23d3e916f6d27cb30"
}