{
    "businessDay": "2024-06-19",
    "businessTimestamp": "2024-06-19T02:30:00Z",
    "comoDocumentType": "CS_SELECTED_XNEC_RESULT",
    "comoDocumentVersion": "R24Q4V1_0",
    "convertedXnecList": [
        {
            "id": "cb172e52111bc99bd51d1027",
            "originalXnec1": {
                "assessedElementMrid": "fed7b202035846cc32176b6a",
                "assessedElementName": "fc9ce2cb4db13c31fc470b60",
                "biddingZoneCode": "10YSK-SEPS-----K",
                "conductingEquipmentMrid": "41675afb97f1d70e860fdf1a",
                "contingencyMrid": "4149e806a2352584f5026120",
                "contingencyName": "b429569994109132803f676e",
                "fAfter": 31,
                "fBefore": 37,
                "fMax": 35,
                "hasCostlyRa": true,
                "iAfter": 71,
                "iBefore": 54,
                "iMax": 52,
                "id": "595c3fafeda82e0c5b4917b0",
                "raMrid": "ab848bc9e8f8cfeeb7a11ac0",
                "tsoCode": "PSE",
                "xneMrid": "fed7b202035846cc32176b6a",
                "xneName": "fc9ce2cb4db13c31fc470b60"
            },
            "originalXnec2": {
                "assessedElementMrid": "fec24482737f24028510a971",
                "assessedElementName": "1e21c5656ff1fddb68f09db5",
                "biddingZoneCode": "10Y1001A1001A885",
                "conductingEquipmentMrid": "45fbc84d8d1de9fd8dbc2263",
                "contingencyMrid": "4149e806a2352584f5026120",
                "contingencyName": "b429569994109132803f676e",
                "fAfter": 31,
                "fBefore": 37,
                "fMax": 35,
                "hasCostlyRa": true,
                "iAfter": 71,
                "iBefore": 54,
                "iMax": 52,
                "id": "9822e5d5c5b5b239d5275bf4",
                "raMrid": "ab848bc9e8f8cfeeb7a11ac0",
                "tsoCode": "CEPS",
                "xneMrid": "fec24482737f24028510a971",
                "xneName": "1e21c5656ff1fddb68f09db5"
            }
        }
    ],
    "crosaProcessType": "1c79b23024e27a57a9da0d06",
    "crosaVersion": 1,
    "csProcessVersion": 3,
    "id": "790eb2e4e348e2221f8e182c",
    "timeHorizon": "dayAhead",
    "xnecSelectionInputId": "5c46214a2c17a320ff6ef4e4"
}