{
    "businessDay": "2024-06-05",
    "businessTimestamp": "2024-06-05T02:30:00Z",
    "comoDocumentType": "CS_SELECTED_XNEC_RESULT",
    "comoDocumentVersion": "R24Q4V1_0",
    "convertedXnecList": [
        {
            "id": "eedd470c887ebfebd94f86e3",
            "originalXnec1": {
                "assessedElementMrid": "c466dc97043327b808cb417c",
                "assessedElementName": "6b1d3cb1a8dde7dccf2bd9d4",
                "biddingZoneCode": "10Y1001C--00002H",
                "conductingEquipmentMrid": "04801890638928f6b629ff2f",
                "contingencyMrid": "eb4beb970962e6da30f3e43b",
                "contingencyName": "972b8269002ea792cddb7429",
                "fAfter": 50,
                "fBefore": 56,
                "fMax": 54,
                "hasCostlyRa": false,
                "iAfter": 56,
                "iBefore": 95,
                "iMax": 55,
                "id": "9673768c027c32f2ddf8c975",
                "raMrid": "160c4e680bfcdd6d9984e35c",
                "tsoCode": "10XDE-RWENET---W",
                "xneMrid": "c466dc97043327b808cb417c",
                "xneName": "6b1d3cb1a8dde7dccf2bd9d4"
            },
            "originalXnec2": {
                "assessedElementMrid": "0b23a52f531855ee1d1f6275",
                "assessedElementName": "79109a5251606095bd04daa7",
                "biddingZoneCode": "10Y1001C--00153X",
                "conductingEquipmentMrid": "960b8f3d16be7bc44bbfd6d4",
                "contingencyMrid": "eb4beb970962e6da30f3e43b",
                "contingencyName": "972b8269002ea792cddb7429",
                "fAfter": 50,
                "fBefore": 56,
                "fMax": 54,
                "hasCostlyRa": false,
                "iAfter": 56,
                "iBefore": 95,
                "iMax": 55,
                "id": "85d7a204d1ed56bf7472e5b4",
                "raMrid": "160c4e680bfcdd6d9984e35c",
                "tsoCode": "10XPL-TSO------P",
                "xneMrid": "0b23a52f531855ee1d1f6275",
                "xneName": "79109a5251606095bd04daa7"
            }
        }
    ],
    "crosaProcessType": "3808533b4e840c3d85938a9d",
    "crosaVersion": 1,
    "csProcessVersion": 2,
    "id": "a078593f419e12b0a6f1f03a",
    "timeHorizon": "dayAhead",
    "xnecSelectionInputId": "c350f8cf1f063c419087f9c4"
}