{
    "businessDay": "2024-09-13",
    "businessTimestamp": "2024-09-13T01:30:00Z",
    "comoDocumentType": "CS_SELECTED_XNEC_RESULT",
    "comoDocumentVersion": "R24Q4V1_0",
    "convertedXnecList": [
        {
            "id": "396e5160acb7f30f78d914dc",
            "originalXnec1": {
                "assessedElementMrid": "09b8bb58d87e700afe1c5cc6",
                "assessedElementName": "ba10065cab8925bcc84dd84a",
                "biddingZoneCode": "10YCB-CZECH-REP5",
                "conductingEquipmentMrid": "9e2e58fd3d081df114642698",
                "contingencyMrid": "ae598e9b5bf8799af6087c3e",
                "contingencyName": "9a835ce0c6df1493c7f3231a",
                "fAfter": 76,
                "fBefore": 82,
                "fMax": 80,
                "hasCostlyRa": false,
                "iAfter": 81,
                "iBefore": 9,
                "iMax": 99,
                "id": "a7557e3a7340014c67783eae",
                "raMrid": "030f4cd31248bb7de85d4fa5",
                "tsoCode": "10XCZ-CEPS-GRIDE",
                "xneMrid": "09b8bb58d87e700afe1c5cc6",
                "xneName": "ba10065cab8925bcc84dd84a"
            },
            "originalXnec2": {
                "assessedElementMrid": "4438c32b694f3deec756329d",
                "assessedElementName": "134422715d2f750ff7b26f0c",
                "biddingZoneCode": " 10Y1001C--00010I",
                "conductingEquipmentMrid": "3c0ea481dfb13015b13ba804",
                "contingencyMrid": "ae598e9b5bf8799af6087c3e",
                "contingencyName": "9a835ce0c6df1493c7f3231a",
                "fAfter": 76,
                "fBefore": 82,
                "fMax": 80,
                "hasCostlyRa": false,
                "iAfter": 81,
                "iBefore": 9,
                "iMax": 99,
                "id": "71378308675823d2cb4ff4e5",
                "raMrid": "030f4cd31248bb7de85d4fa5",
                "tsoCode": "10XDE-VE-TRANSMK",
                "xneMrid": "4438c32b694f3deec756329d",
                "xneName": "134422715d2f750ff7b26f0c"
            }
        }
    ],
    "crosaProcessType": "cfa424cc9d974f77da881e59",
    "crosaVersion": 1,
    "csProcessVersion": 1,
    "id": "0ba3e42a460198092c29e51f",
    "timeHorizon": "dayAhead",
    "xnecSelectionInputId": "91a98b57ed2413e34b6d5a50"
}