{
    "businessDay": "2024-11-27",
    "businessTimestamp": "2024-11-27T01:30:00Z",
    "comoDocumentType": "CS_SELECTED_XNEC_RESULT",
    "comoDocumentVersion": "R24Q4V1_0",
    "convertedXnecList": [
        {
            "id": "21900e85c67baaa4b17b21cb",
            "originalXnec1": {
                "assessedElementMrid": "15a0246b52ae73250a5c1b66",
                "assessedElementName": "ad89af7179cbb5a79046392a",
                "biddingZoneCode": "10YCB-BE-------T",
                "conductingEquipmentMrid": "8e7aa3903fa059f243c01335",
                "contingencyMrid": "6d3f9d2e7f33c7d13b252939",
                "contingencyName": "579ef435bace2d8b38eb745e",
                "fAfter": 82,
                "fBefore": 88,
                "fMax": 86,
                "hasCostlyRa": false,
                "iAfter": 59,
                "iBefore": 69,
                "iMax": 14,
                "id": "0b40a0bf704fe49a6c6ee956",
                "raMrid": "48a48d2bec278f0318b2f8a6",
                "tsoCode": "10X1001A1001A094",
                "xneMrid": "15a0246b52ae73250a5c1b66",
                "xneName": "ad89af7179cbb5a79046392a"
            },
            "originalXnec2": {
                "assessedElementMrid": "898837a0d2ebfd0d154f8a26",
                "assessedElementName": "eaff61b14cbd66f68874f107",
                "biddingZoneCode": "10Y1001C--00083S",
                "conductingEquipmentMrid": "7f41fd93b15b08b58f86f089",
                "contingencyMrid": "6d3f9d2e7f33c7d13b252939",
                "contingencyName": "579ef435bace2d8b38eb745e",
                "fAfter": 82,
                "fBefore": 88,
                "fMax": 86,
                "hasCostlyRa": false,
                "iAfter": 59,
                "iBefore": 69,
                "iMax": 14,
                "id": "294dd1f384bcece44a77e393",
                "raMrid": "48a48d2bec278f0318b2f8a6",
                "tsoCode": "10XFR-RTE------Q",
                "xneMrid": "898837a0d2ebfd0d154f8a26",
                "xneName": "eaff61b14cbd66f68874f107"
            }
        }
    ],
    "crosaProcessType": "ba9572c41b4f6de6880c5a6d",
    "crosaVersion": 1,
    "csProcessVersion": 1,
    "id": "faabc3191a403435ed4b0cde",
    "timeHorizon": "dayAhead",
    "xnecSelectionInputId": "fff3f9fc394793bec9fa558a"
}