{
    "businessDay": "2024-04-15",
    "businessTimestamp": "2024-04-15T02:30:00Z",
    "comoDocumentType": "CS_SELECTED_XNEC_RESULT",
    "comoDocumentVersion": "R24Q4V1_0",
    "convertedXnecList": [
        {
            "id": "94e618c3a23e7da1322d1ebf",
            "originalXnec1": {
                "assessedElementMrid": "2b5bb151fd1183047986e57f",
                "assessedElementName": "6e091383c26e4fa3ec66e1df",
                "biddingZoneCode": "10Y1001C--00083S",
                "conductingEquipmentMrid": "b0c86040846d9f5cbe3fe5e0",
                "contingencyMrid": "d4d8621ec75d401d1c2a8731",
                "contingencyName": "c59d19da36120fb80eec2c32",
                "fAfter": 15,
                "fBefore": 21,
                "fMax": 19,
                "hasCostlyRa": true,
                "iAfter": 79,
                "iBefore": 13,
                "iMax": 44,
                "id": "897923945e5c66bc479ad3dc",
                "raMrid": "b5e8a8fc9eb37ad960b1422b",
                "tsoCode": "10XFR-RTE------Q",
                "xneMrid": "2b5bb151fd1183047986e57f",
                "xneName": "6e091383c26e4fa3ec66e1df"
            },
            "originalXnec2": {
                "assessedElementMrid": "5c8e85a082283ee9f0f87be9",
                "assessedElementName": "9d46b1a3e1eb784f6242269f",
                "biddingZoneCode": "10Y1001C--00002H",
                "conductingEquipmentMrid": "e94389413897092f46f27f51",
                "contingencyMrid": "d4d8621ec75d401d1c2a8731",
                "contingencyName": "c59d19da36120fb80eec2c32",
                "fAfter": 15,
                "fBefore": 21,
                "fMax": 19,
                "hasCostlyRa": true,
                "iAfter": 79,
                "iBefore": 13,
                "iMax": 44,
                "id": "7427074a74d84a32b42ec7f9",
                "raMrid": "b5e8a8fc9eb37ad960b1422b",
                "tsoCode": "10XDE-RWENET---W",
                "xneMrid": "5c8e85a082283ee9f0f87be9",
                "xneName": "9d46b1a3e1eb784f6242269f"
            }
        }
    ],
    "crosaProcessType": "d6aaeff8e9a64b1f6684e87d",
    "crosaVersion": 1,
    "csProcessVersion": 5,
    "id": "1081bbf7226d0048a56f5e4d",
    "timeHorizon": "dayAhead",
    "xnecSelectionInputId": "6d64394e6538bdda1e2c0f50"
}