{
    "businessDay": "2024-02-14",
    "businessTimestamp": "2024-02-14T01:30:00Z",
    "comoDocumentType": "CS_SELECTED_XNEC_RESULT",
    "comoDocumentVersion": "R24Q4V1_0",
    "convertedXnecList": [
        {
            "id": "092a49bb0de5e6bb52d4c003",
            "originalXnec1": {
                "assessedElementMrid": "f3ae4bf286e152b0a3512bc9",
                "assessedElementName": "d15aa33613228a811c8b6b7b",
                "biddingZoneCode": "10Y1001C--000069",
                "conductingEquipmentMrid": "0c5dd92f94637851cbce7957",
                "contingencyMrid": "e4dd2de58cc55cd86a847bd1",
                "contingencyName": "7038321a665fa37f72fddb22",
                "fAfter": 21,
                "fBefore": 27,
                "fMax": 25,
                "hasCostlyRa": false,
                "iAfter": 98,
                "iBefore": 27,
                "iMax": 4,
                "id": "83320daeb36072cd45117b1c",
                "raMrid": "539d6f608760de6d958498b7",
                "tsoCode": "10XDE-ENBW--TNGX",
                "xneMrid": "f3ae4bf286e152b0a3512bc9",
                "xneName": "d15aa33613228a811c8b6b7b"
            },
            "originalXnec2": {
                "assessedElementMrid": "c9659099b4ace30d1ce3767b",
                "assessedElementName": "e7e4dba7934f1cd2713efbf7",
                "biddingZoneCode": "10YCB-CZECH-REP5",
                "conductingEquipmentMrid": "283b2a89ec81dc9a8b6292a1",
                "contingencyMrid": "e4dd2de58cc55cd86a847bd1",
                "contingencyName": "7038321a665fa37f72fddb22",
                "fAfter": 21,
                "fBefore": 27,
                "fMax": 25,
                "hasCostlyRa": false,
                "iAfter": 98,
                "iBefore": 27,
                "iMax": 4,
                "id": "253f9441f35fa4da15b477eb",
                "raMrid": "539d6f608760de6d958498b7",
                "tsoCode": "10XCZ-CEPS-GRIDE",
                "xneMrid": "c9659099b4ace30d1ce3767b",
                "xneName": "e7e4dba7934f1cd2713efbf7"
            }
        }
    ],
    "crosaProcessType": "1307b18248eb938e843b8e99",
    "crosaVersion": 1,
    "csProcessVersion": 5,
    "id": "e3a84716941093c14e179e1f",
    "timeHorizon": "dayAhead",
    "xnecSelectionInputId": "45ea041c3caafe3d1f5aabf1"
}