{
    "businessDay": "2025-01-23",
    "businessTimestamp": "2025-01-23T02:30:00Z",
    "comoDocumentType": "CS_SELECTED_XNEC_RESULT",
    "comoDocumentVersion": "R24Q4V1_0",
    "convertedXnecList": [
        {
            "id": "f88b58263016e9bbd0b2b2f2",
            "originalXnec1": {
                "assessedElementMrid": "479acf7873d3da4506d7e960",
                "assessedElementName": "615cb098bddf55575958a264",
                "biddingZoneCode": " 10Y1001C--00010I",
                "conductingEquipmentMrid": "23a3dea4037e550f09ea7613",
                "contingencyMrid": "e796e97038557564f52177d0",
                "contingencyName": "34fd2babdf51e9dd6f96d0bf",
                "fAfter": 18,
                "fBefore": 24,
                "fMax": 22,
                "hasCostlyRa": false,
                "iAfter": 50,
                "iBefore": 7,
                "iMax": 37,
                "id": "d5a0d403603cf92b87d48b36",
                "raMrid": "236141971f73f37a8fc35aff",
                "tsoCode": "10XDE-VE-TRANSMK",
                "xneMrid": "479acf7873d3da4506d7e960",
                "xneName": "615cb098bddf55575958a264"
            },
            "originalXnec2": {
                "assessedElementMrid": "edc94605acb864c6ebf0a1c5",
                "assessedElementName": "b9596577d73494aaa2b77473",
                "biddingZoneCode": "10Y1001C--000069",
                "conductingEquipmentMrid": "a4386f0e07e938237b9205f5",
                "contingencyMrid": "e796e97038557564f52177d0",
                "contingencyName": "34fd2babdf51e9dd6f96d0bf",
                "fAfter": 18,
                "fBefore": 24,
                "fMax": 22,
                "hasCostlyRa": false,
                "iAfter": 50,
                "iBefore": 7,
                "iMax": 37,
                "id": "cf6fa72d9bad54f1be524f60",
                "raMrid": "236141971f73f37a8fc35aff",
                "tsoCode": "10XDE-ENBW--TNGX",
                "xneMrid": "edc94605acb864c6ebf0a1c5",
                "xneName": "b9596577d73494aaa2b77473"
            }
        }
    ],
    "crosaProcessType": "9ce50c18badb60b67ff604d9",
    "crosaVersion": 1,
    "csProcessVersion": 5,
    "id": "8f55db22454a6e3bc23c178b",
    "timeHorizon": "dayAhead",
    "xnecSelectionInputId": "61fdfc8d63d360b9c69904ba"
}