{
    "businessDay": "2024-06-29",
    "businessTimestamp": "2024-06-29T01:30:00Z",
    "comoDocumentType": "CS_SELECTED_XNEC_RESULT",
    "comoDocumentVersion": "R24Q4V1_0",
    "convertedXnecList": [
        {
            "id": "decff1a14ef983ab2576eb91",
            "originalXnec1": {
                "assessedElementMrid": "0706e3cb2341f98fa8e6f4ca",
                "assessedElementName": "08064f4cde1c1edcf13e55ee",
                "biddingZoneCode": "10YCB-BE-------T",
                "conductingEquipmentMrid": "f782cbcac8d4748e528246d8",
                "contingencyMrid": "5beeeef51d8c4d651866953c",
                "contingencyName": "b5fc6a7278c829c45d7b9d9b",
                "fAfter": 32,
                "fBefore": 38,
                "fMax": 36,
                "hasCostlyRa": false,
                "iAfter": 45,
                "iBefore": 12,
                "iMax": 84,
                "id": "5bdb7a2b9aa1265176204755",
                "raMrid": "729a26da55281f180991b098",
                "tsoCode": "10X1001A1001A094",
                "xneMrid": "0706e3cb2341f98fa8e6f4ca",
                "xneName": "08064f4cde1c1edcf13e55ee"
            },
            "originalXnec2": {
                "assessedElementMrid": "2895e8b8a998c2846bd740b5",
                "assessedElementName": "ba93f294dda36e5697b11f0e",
                "biddingZoneCode": "10Y1001C--000069",
                "conductingEquipmentMrid": "9ddded6ba8d6b043d9eb74d7",
                "contingencyMrid": "5beeeef51d8c4d651866953c",
                "contingencyName": "b5fc6a7278c829c45d7b9d9b",
                "fAfter": 32,
                "fBefore": 38,
                "fMax": 36,
                "hasCostlyRa": false,
                "iAfter": 45,
                "iBefore": 12,
                "iMax": 84,
                "id": "0882d16be6f77768c78f42fc",
                "raMrid": "729a26da55281f180991b098",
                "tsoCode": "10XDE-ENBW--TNGX",
                "xneMrid": "2895e8b8a998c2846bd740b5",
                "xneName": "ba93f294dda36e5697b11f0e"
            }
        }
    ],
    "crosaProcessType": "1695d5a484c861f6a53c582b",
    "crosaVersion": 1,
    "csProcessVersion": 2,
    "id": "7f29ef1477493cdb0bb355b0",
    "timeHorizon": "dayAhead",
    "xnecSelectionInputId": "6b71734da159f39a2746e704"
}