{
    "businessDay": "2024-09-05",
    "businessTimestamp": "2024-09-05T02:30:00Z",
    "comoDocumentType": "CS_SELECTED_XNEC_RESULT",
    "comoDocumentVersion": "R24Q4V1_0",
    "convertedXnecList": [
        {
            "id": "bdb04044189cbe16f224b5c3",
            "originalXnec1": {
                "assessedElementMrid": "04d7c4c000c4b08b2d9f9172",
                "assessedElementName": "67b2b9d328482f71526d00e9",
                "biddingZoneCode": "10YHR-HEP------M",
                "conductingEquipmentMrid": "efe236943c3ba0c6a26764fc",
                "contingencyMrid": "7d1698585f2c78972ec0bc96",
                "contingencyName": "67ef156cea8938c9e855eeca",
                "fAfter": 93,
                "fBefore": 99,
                "fMax": 97,
                "hasCostlyRa": true,
                "iAfter": 46,
                "iBefore": 89,
                "iMax": 95,
                "id": "d120518fefaa4cf956417538",
                "raMrid": "bf00429a839063452f3dfd52",
                "tsoCode": "10XHR-HEP-OPS--A",
                "xneMrid": "04d7c4c000c4b08b2d9f9172",
                "xneName": "67b2b9d328482f71526d00e9"
            },
            "originalXnec2": {
                "assessedElementMrid": "f90afb1c5982a357b9cd6b4b",
                "assessedElementName": "b79cb3f50c2780203a6276fa",
                "biddingZoneCode": "10YNL----------L",
                "conductingEquipmentMrid": "883f0cd9738618b71a3810bf",
                "contingencyMrid": "7d1698585f2c78972ec0bc96",
                "contingencyName": "67ef156cea8938c9e855eeca",
                "fAfter": 93,
                "fBefore": 99,
                "fMax": 97,
                "hasCostlyRa": true,
                "iAfter": 46,
                "iBefore": 89,
                "iMax": 95,
                "id": "23b0f6259f3a47f8edbbd9ce",
                "raMrid": "bf00429a839063452f3dfd52",
                "tsoCode": "10X1001A1001A361",
                "xneMrid": "f90afb1c5982a357b9cd6b4b",
                "xneName": "b79cb3f50c2780203a6276fa"
            }
        }
    ],
    "crosaProcessType": "952a490af60af43fe6d4155c",
    "crosaVersion": 1,
    "csProcessVersion": 1,
    "id": "688c675e03152f9c1612c8d9",
    "timeHorizon": "dayAhead",
    "xnecSelectionInputId": "806fddec06b0b9f62f9b8026"
}