{
    "businessTimestamp": "2025-01-04T00:30:00",
    "documentId": "04d24175-586d-4b08-9b20-806a4067f378",
    "ownerCode": "10XSI-ELES-----1",
    "ownerRole": "Grid Manager",
    "timeHorizon": "dayAhead",
    "cdsId": "af1b1ff5-b150-44f9-a952-1c85bd583f32",
    "comoDocumentType": "INTERNAL_RA_FLAT_LIST",
    "comoDocumentVersion": "R24Q4V1_0",
    "gridModelId": "2b314abb-908c-4948-9db4-4ee2530bb90f",
    "remedialActionListId": "8139eebe-2ac1-4212-bfeb-070342e902ab",
    "timeInterval": {
        "from": "2025-01-04T00:00:00",
        "to": "2025-01-04T01:00:00"
    },
    "version": 1,
    "remedialActionGroupList": [
        {
            "description": "Sample description 1",
            "maxRegulatingDown": 6.58,
            "maxRegulatingUp": 71.67,
            "mrid": "bfa31bc7-dffc-416d-bb4d-f55b6a149a14",
            "name": "Sample name 1",
            "remedialActionDependencyList": [
                {
                    "enabled": false,
                    "kind": "exclusive",
                    "mrid": "451a114e-342c-4084-83fd-a4f3da2c7dd4",
                    "remedialActionMrid": "b0da9fe7-a7ce-407c-929c-07fd186c250f"
                },
                {
                    "enabled": true,
                    "kind": "restrictive",
                    "mrid": "158404cd-f8e6-40d1-aac3-2c9f2ebe8e7b",
                    "remedialActionMrid": "00ede843-7191-486a-ab6c-ccf01ef9930f"
                }
            ]
        }
    ],
    "gridStateAlterationRemedialActionList": [
        {
            "available": true,
            "description": "Sample description",
            "gridStateAlterationList": [
                {
                    "actionType": "tapPositionAction",
                    "description": "Sample description 1",
                    "enabled": true,
                    "maximumPerDay": 23,
                    "minimumActivation": 41.87,
                    "mrid": "c184ac71-8f5e-404e-b9c6-e3b62a1425fb",
                    "name": "Sample name 1",
                    "powerSystemResourceMrid": "e82b193f-0c06-442f-b465-19a1a5f18692",
                    "propertyReference": "e1aececd-8210-4ebf-9a0b-87a04a306670",
                    "rangeConstraintList": [
                        {
                            "description": "Sample description 1",
                            "direction": "down",
                            "mrid": "cb44bc03-943c-43ba-af54-fed4148cad03",
                            "name": "Sample name 1",
                            "propertyRangeType": "intertemporal",
                            "propertyReference": "a6db7c13-224a-4c96-b491-d56dcd597894",
                            "value": 15.58,
                            "valueKind": "incrementalPercentage"
                        },
                        {
                            "description": "Sample description 2",
                            "direction": "up",
                            "mrid": "0b8855e0-0a02-4771-a4b9-478d58cf7318",
                            "name": "Sample name 2",
                            "propertyRangeType": "intertemporal",
                            "propertyReference": "a7fa3234-23b2-432f-8954-f33d6cf8d8c1",
                            "value": 31.8,
                            "valueKind": "incrementalPercentage"
                        },
                        {
                            "description": "Sample description 3",
                            "direction": "down",
                            "mrid": "ca0a5871-8e51-4ec8-82df-a2e76cb22456",
                            "name": "Sample name 3",
                            "propertyRangeType": "intertemporal",
                            "propertyReference": "2b5ee9eb-c390-4ce4-9ec3-2d994d8e2938",
                            "value": 83.71,
                            "valueKind": "incrementalPercentage"
                        }
                    ],
                    "timePerStage": 46.21
                },
                {
                    "actionType": "powerElectronicsConnectionAction",
                    "description": "Sample description 2",
                    "enabled": false,
                    "maximumPerDay": 2,
                    "minimumActivation": 62.9,
                    "mrid": "99eadf80-44fb-4d91-b496-f075627a4532",
                    "name": "Sample name 2",
                    "powerSystemResourceMrid": "11e58c3f-1118-435e-ab48-7ba3dac0bbb4",
                    "propertyReference": "0c157ea6-499b-4065-9527-a680d64c31c5",
                    "rangeConstraintList": [
                        {
                            "description": "Sample description 1",
                            "direction": "up",
                            "mrid": "559b2991-47b0-4b2a-bb42-f35f8790b310",
                            "name": "Sample name 1",
                            "propertyRangeType": "static",
                            "propertyReference": "f19e222b-97b4-4533-bcf1-a47f43660112",
                            "value": 54.79,
                            "valueKind": "incrementalPercentage"
                        },
                        {
                            "description": "Sample description 2",
                            "direction": "upAndDown",
                            "mrid": "b3ace0a8-d425-488f-bf97-ff9870bc7995",
                            "name": "Sample name 2",
                            "propertyRangeType": "intertemporal",
                            "propertyReference": "15a5a1d3-fca5-4787-b130-e483383f6017",
                            "value": 79.48,
                            "valueKind": "incrementalPercentage"
                        },
                        {
                            "description": "Sample description 3",
                            "direction": "upAndDown",
                            "mrid": "ad7feb60-c66e-4a00-9987-5cf00f1789ad",
                            "name": "Sample name 3",
                            "propertyRangeType": "static",
                            "propertyReference": "086b46de-aa0e-465a-8554-2b713f07ef42",
                            "value": 39.28,
                            "valueKind": "absolute"
                        }
                    ],
                    "timePerStage": 53.06
                }
            ],
            "impactThresholdMargin": 22.53,
            "isCrossBorderRelevant": false,
            "isManual": false,
            "kind": "preventive",
            "mrid": "b0da9fe7-a7ce-407c-929c-07fd186c250f",
            "name": "Sample name",
            "penaltyFactor": 65.59,
            "regionCode": "58c47cd7-2889-4803-9cbe-54f1773be0b5",
            "systemOperatorCode": "b910e777-b9bf-4192-ae8a-7c2ea55ae922",
            "timeToImplement": 44.39
        },
        {
            "available": true,
            "description": "Sample description",
            "gridStateAlterationList": [
                {
                    "actionType": "acdcConverterAction",
                    "description": "Sample description 1",
                    "enabled": false,
                    "maximumPerDay": 2,
                    "minimumActivation": 65.75,
                    "mrid": "c1b60bd3-55ec-4c29-96b6-472af1cb7ea9",
                    "name": "Sample name 1",
                    "powerSystemResourceMrid": "743739e2-ce50-45c8-a2fb-7a2bebf08ffb",
                    "propertyReference": "9f5aa16a-fdbf-4637-b737-32b088a0b57c",
                    "rangeConstraintList": [
                        {
                            "description": "Sample description 1",
                            "direction": "up",
                            "mrid": "e9d89586-50ed-4530-a0d3-c306cd0dfc49",
                            "name": "Sample name 1",
                            "propertyRangeType": "intertemporal",
                            "propertyReference": "b58a37c3-afbc-4f13-8bbc-45f345bc3993",
                            "value": 18.47,
                            "valueKind": "absolute"
                        },
                        {
                            "description": "Sample description 2",
                            "direction": "down",
                            "mrid": "65dfa85b-0970-4856-b6ee-906dbe4d7681",
                            "name": "Sample name 2",
                            "propertyRangeType": "static",
                            "propertyReference": "3eda619e-1b2d-4765-968a-59c1aa24ee00",
                            "value": 45.86,
                            "valueKind": "incremental"
                        },
                        {
                            "description": "Sample description 3",
                            "direction": "up",
                            "mrid": "4e359493-84e7-4c88-9405-7811a0be1096",
                            "name": "Sample name 3",
                            "propertyRangeType": "intertemporal",
                            "propertyReference": "8d07242a-bd68-4cc3-bf8b-e8cf410bcf17",
                            "value": 10.44,
                            "valueKind": "incrementalPercentage"
                        }
                    ],
                    "timePerStage": 45.4
                }
            ],
            "impactThresholdMargin": 49.36,
            "isCrossBorderRelevant": true,
            "isManual": true,
            "kind": "preventive",
            "mrid": "00ede843-7191-486a-ab6c-ccf01ef9930f",
            "name": "Sample name",
            "penaltyFactor": 63.43,
            "regionCode": "c701fbd8-c719-4011-b35a-04e1acd18378",
            "systemOperatorCode": "c4fe84c3-9413-42a9-ab9a-c7256021e8b4",
            "timeToImplement": 5.79
        }
    ],
    "powerRemedialActionList": [
        {
            "available": true,
            "biddingZoneCode": "81d7fc99-fa33-41e2-852d-b4a3a22eaaf4",
            "description": "Sample description 1",
            "glskStrategy": "proportionalForGenerator",
            "impactThresholdMargin": 10.71,
            "isCrossBorderRelevant": false,
            "isManual": true,
            "kind": "curative",
            "maxEconomicP": 58.17,
            "maxRegulatingDown": 36.77,
            "maxRegulatingUp": 73.56,
            "minEconomicP": 65.41,
            "mrid": "71010313-b7dc-47ff-91a5-fb472ac6aa18",
            "name": "Sample name 1",
            "penaltyFactor": 91.07,
            "powerRemedialActionType": "redispatch",
            "regionCode": "c396e01c-7a89-4040-a11e-8404e0613e5d",
            "shiftMethod": "shared",
            "systemOperatorCode": "2fd7a9d4-cea1-4ab2-be96-e3cf728b3477",
            "timeToImplement": 64.33
        },
        {
            "available": true,
            "biddingZoneCode": "15e665dd-fd55-4d65-b3fd-18598ff5bcf4",
            "description": "Sample description 2",
            "glskStrategy": "loadFlat",
            "impactThresholdMargin": 7.33,
            "isCrossBorderRelevant": false,
            "isManual": false,
            "kind": "preventive",
            "maxEconomicP": 95.39,
            "maxRegulatingDown": 2.96,
            "maxRegulatingUp": 70.3,
            "minEconomicP": 2.86,
            "mrid": "f2c1cfc3-ced2-4b27-98ee-1f4146560e4d",
            "name": "Sample name 2",
            "penaltyFactor": 91.75,
            "powerRemedialActionType": "redispatch",
            "regionCode": "cfc75f9c-7d2a-489a-89fa-184335c4ceee",
            "shiftMethod": "priority",
            "systemOperatorCode": "29f8ec2b-5e2b-428d-912c-10935c49c60a",
            "timeToImplement": 90.87
        }
    ],
    "contingencyWithRemedialActionList": [
        {
            "combinationConstraintKind": "considered",
            "contingencyMrid": "a1bdd0b0-b7bd-44f6-92ef-aa0e5a5e3c3c",
            "enabled": false,
            "mrid": "863dbe24-95fb-4ead-923d-3bb0f0825061",
            "remedialActionMrid": "75a58fa9-8459-4262-a389-ad9a076b0e5d"
        }
    ],
    "powerBidScheduleList": [
        {
            "currency": "EUR",
            "description": "Sample description 1",
            "direction": "down",
            "glskBidActionDistributionList": [
                {
                    "description": "Sample description 1",
                    "energyBlockOrderMrid": "09d1b3b3-c172-441a-a947-8b7a999122e8",
                    "energyConsumerMrid": "23db1de1-2d81-4853-952e-68f40006d811",
                    "energyGroupMrid": "aa456ec4-d144-435e-80c8-91973f52f971",
                    "generatingUnitMrid": "a615c224-40d5-40a7-8a4e-57118c9cc3e5",
                    "glskScheduleMrid": "e1b498c9-b45c-40fc-8d57-e82bc9649ca5",
                    "hydroPumpMrid": "a2b7ded9-d961-40eb-89e5-a0489fba7b2b",
                    "mrid": "c59f347f-d63e-4abe-a0be-993ab0d66b54",
                    "name": "Sample name 1",
                    "participationFactor": 68.91,
                    "powerElectronicsUnitMrid": "67900504-a75e-4ca5-a204-5c96a7f58079",
                    "scheduleResourceMrid": "d33bdf20-014d-4df4-ae5a-96e9990acd0c"
                }
            ],
            "interpolationKind": "none",
            "isOffer": true,
            "leadTime": 44.74,
            "maximumUpTime": 77.35,
            "minimumActivationP": 18.09,
            "minimumOffTime": 18.01,
            "minimumUpTime": 10.89,
            "mrid": "ec1f214b-d066-4cdc-994b-746a69c3c732",
            "name": "Sample name 1",
            "p": 31.32,
            "powerBidDependencyList": [
                {
                    "delay": 97.81,
                    "dependentPowerGridScheduleMrid": "9b9e18f9-ed86-4fcd-9892-356112240fb5",
                    "kind": "restrictive",
                    "mrid": "a0c8ab6c-96b8-4a5e-a37d-cbac8144d5bd"
                }
            ],
            "powerRemedialActionMrid": "0fed715f-9687-4d44-801b-5546d459ae7b",
            "price": 91.56,
            "priority": 3,
            "reservePrice": 7.32,
            "shutdownCost": 46.32,
            "startUpCost": 70.07,
            "stepIncrementP": 24.4,
            "totalMaximumEnergy": 73.19,
            "totalMinimumEnergy": 72.24
        },
        {
            "currency": "USD",
            "description": "Sample description 2",
            "direction": "down",
            "glskBidActionDistributionList": [
                {
                    "description": "Sample description 1",
                    "energyBlockOrderMrid": "55ae5cfa-1d3b-4ba7-ac66-63d690b19825",
                    "energyConsumerMrid": "980f7a8c-2899-415b-9f41-0e838059c9bb",
                    "energyGroupMrid": "6b97c666-0017-412e-8430-4e33bbf528fc",
                    "generatingUnitMrid": "6cf13730-e61a-45d2-9bf7-3ec2bfa41226",
                    "glskScheduleMrid": "4b67525c-47c7-4e98-962a-8a2c5b595b6e",
                    "hydroPumpMrid": "31bab9f3-546e-4d49-9cab-13d5880c6bbc",
                    "mrid": "0558c8ac-163c-4880-91fd-254c3979c162",
                    "name": "Sample name 1",
                    "participationFactor": 23.38,
                    "powerElectronicsUnitMrid": "e09b45d8-5adc-45ee-81eb-69e3017d5a7f",
                    "scheduleResourceMrid": "13cf3e2b-cae4-4648-9378-1cfd2d5486f3"
                },
                {
                    "description": "Sample description 2",
                    "energyBlockOrderMrid": "a1487296-1ed1-45cf-b49d-c35151da2df0",
                    "energyConsumerMrid": "b10dd587-ac5d-47e0-93b9-4949bbfbe8e8",
                    "energyGroupMrid": "4fd05d5d-d2e0-43a6-ba4a-3286ac8a329d",
                    "generatingUnitMrid": "88fa00aa-d7f5-42c1-80c5-2163527cf5d2",
                    "glskScheduleMrid": "3f3c215e-1294-42e4-bb44-d0b96924ba96",
                    "hydroPumpMrid": "be96c959-5d3f-44a9-a5fd-a4f0448780b9",
                    "mrid": "a904e57f-1a00-4bdd-945f-09ac9e53c609",
                    "name": "Sample name 2",
                    "participationFactor": 33.9,
                    "powerElectronicsUnitMrid": "0fcb9b10-fd50-490b-ba8a-425e3ca115a6",
                    "scheduleResourceMrid": "3ece34f5-dd8d-44f0-8eea-1c15ac7986ad"
                }
            ],
            "interpolationKind": "next",
            "isOffer": false,
            "leadTime": 83.28,
            "maximumUpTime": 98.78,
            "minimumActivationP": 70.95,
            "minimumOffTime": 22.9,
            "minimumUpTime": 44.32,
            "mrid": "0f18164a-2304-4a12-9622-c81eb3b8b37f",
            "name": "Sample name 2",
            "p": 67.07,
            "powerBidDependencyList": [
                {
                    "delay": 29.09,
                    "dependentPowerGridScheduleMrid": "18bc598b-e630-408c-815d-5ab2b09a6b9a",
                    "kind": "inclusive",
                    "mrid": "cbce02c1-dbf0-4e11-aee0-3c5a4506ffe6"
                },
                {
                    "delay": 90.37,
                    "dependentPowerGridScheduleMrid": "bbb0997b-ef1d-4b96-b700-49792fe18dbe",
                    "kind": "exclusive",
                    "mrid": "03e90ade-2490-4509-9ee7-a4eaf639b174"
                }
            ],
            "powerRemedialActionMrid": "5c3c3070-20f8-456e-85c7-3a3e59a00cc6",
            "price": 86.25,
            "priority": 7,
            "reservePrice": 88.26,
            "shutdownCost": 86.07,
            "startUpCost": 1.09,
            "stepIncrementP": 8.05,
            "totalMaximumEnergy": 9.04,
            "totalMinimumEnergy": 63.79
        },
        {
            "currency": "EUR",
            "description": "Sample description 3",
            "direction": "upAndDown",
            "glskBidActionDistributionList": [
                {
                    "description": "Sample description 1",
                    "energyBlockOrderMrid": "3a35fd01-eb0f-428f-b55e-7f71db01d440",
                    "energyConsumerMrid": "b378d0ef-8c16-4691-b4ee-442e7e15e3d1",
                    "energyGroupMrid": "93d41577-002a-4fcb-a699-b59391d131bd",
                    "generatingUnitMrid": "2691910a-e5bb-4797-8c4c-c409c8d7282f",
                    "glskScheduleMrid": "015d5f6d-8af9-4fea-88b8-146aaf9ead15",
                    "hydroPumpMrid": "8c59671f-0016-4cba-b49d-8fb8cd34c49d",
                    "mrid": "8a05d11d-8087-4829-8a83-45ea09916c55",
                    "name": "Sample name 1",
                    "participationFactor": 87.71,
                    "powerElectronicsUnitMrid": "a3b30d21-d508-4508-bf07-6f0d94bc90cb",
                    "scheduleResourceMrid": "8c3c6b5a-4da0-408b-8503-3af42280cbb8"
                },
                {
                    "description": "Sample description 2",
                    "energyBlockOrderMrid": "c7567da6-c6ee-417f-857b-994022201ffe",
                    "energyConsumerMrid": "40ce8e74-2fa8-492f-82cd-eb69dfa7be5d",
                    "energyGroupMrid": "bd214726-73e2-4907-b856-2013dbb205cc",
                    "generatingUnitMrid": "6c816d53-99c0-4f9a-a18f-64f7073d3bb0",
                    "glskScheduleMrid": "8c71dfc2-eab9-41fb-9291-2937fdc542f1",
                    "hydroPumpMrid": "c599aa31-ae7f-4865-8907-113228c17449",
                    "mrid": "676bb20a-5faa-4954-b229-6bf9d08e987d",
                    "name": "Sample name 2",
                    "participationFactor": 12.37,
                    "powerElectronicsUnitMrid": "1a0e0523-b31c-4a9d-a732-01b40f759d7f",
                    "scheduleResourceMrid": "86f102bd-195f-4035-bde5-16dde564ae18"
                },
                {
                    "description": "Sample description 3",
                    "energyBlockOrderMrid": "d61148b9-c77d-47bc-83c0-d9d3caadfd2c",
                    "energyConsumerMrid": "6bf2184b-184e-4b34-b0f0-7573d7518747",
                    "energyGroupMrid": "a054f122-d82e-4e6e-90fa-2d77ad853d05",
                    "generatingUnitMrid": "6de1d4c5-8bff-4550-9971-b2f9128aa99f",
                    "glskScheduleMrid": "e3b87c40-3d2e-459b-aaae-0a09534aa0f0",
                    "hydroPumpMrid": "a7369a73-2b5c-48f6-9348-530b6bef283c",
                    "mrid": "7c949497-cf7a-4b71-8e06-6199646f26a0",
                    "name": "Sample name 3",
                    "participationFactor": 64.68,
                    "powerElectronicsUnitMrid": "c9e4efa1-b49c-4ce6-8320-50ca299838e4",
                    "scheduleResourceMrid": "315f0ff6-a25d-4975-8994-0ae893b84df5"
                }
            ],
            "interpolationKind": "next",
            "isOffer": true,
            "leadTime": 92.47,
            "maximumUpTime": 16.22,
            "minimumActivationP": 22.81,
            "minimumOffTime": 4.42,
            "minimumUpTime": 73.68,
            "mrid": "ca1642ec-282b-4f26-8ab0-0261d39232b6",
            "name": "Sample name 3",
            "p": 82.12,
            "powerBidDependencyList": [
                {
                    "delay": 81.08,
                    "dependentPowerGridScheduleMrid": "d09cab62-8f68-4e26-b8f8-607feb106709",
                    "kind": "inclusive",
                    "mrid": "4d4580b7-7999-49f1-835a-bb44954a3ed4"
                },
                {
                    "delay": 0.38,
                    "dependentPowerGridScheduleMrid": "7e1e48a0-43ae-4548-a765-e7ed0bd9a665",
                    "kind": "exclusive",
                    "mrid": "e90fa4d0-423b-4b83-ba5b-473707811935"
                }
            ],
            "powerRemedialActionMrid": "5a352869-cd4e-4453-84b9-35c0545d5884",
            "price": 31.99,
            "priority": 5,
            "reservePrice": 13.73,
            "shutdownCost": 17.6,
            "startUpCost": 95.21,
            "stepIncrementP": 31.93,
            "totalMaximumEnergy": 44.53,
            "totalMinimumEnergy": 59.62
        }
    ],
    "powerShiftKeyDistributionList": [
        {
            "description": "Sample description 1",
            "mrid": "5f237ab5-790c-445a-8c6a-3f9c6da6a69b",
            "name": "Sample name 1",
            "powerBidScheduleMrid": "ce1ad825-5703-472c-b092-f4f66370d678",
            "resourceMrid": "fb823c83-3430-4a51-8082-96b575973681"
        },
        {
            "description": "Sample description 2",
            "mrid": "1d7fa0fa-2c97-4f46-9dd8-fc5b18d3618b",
            "name": "Sample name 2",
            "powerBidScheduleMrid": "46a1731e-8ec8-44b6-a201-240f943c4dea",
            "resourceMrid": "c29aa9b7-75f9-47a1-9e93-013af67bf2ba"
        },
        {
            "description": "Sample description 3",
            "mrid": "faf7027a-5e28-427a-b31e-7f21e0bfc078",
            "name": "Sample name 3",
            "powerBidScheduleMrid": "049a5208-f10d-42b1-9a95-fca1c71cbfc9",
            "resourceMrid": "c788552a-bf67-4278-ae5a-82ebd61da831"
        }
    ],
    "powerShiftKeyList": [
        {
            "areaCode": "10YSI-ELES-----O",
            "blockType": "generatorsRemainingCapacity",
            "energyGroupMrid": "e3c9eb67-dbc6-4f59-9cab-f4351e041379",
            "resourceMrid": "26617440-6af1-4902-8381-96ad38460481",
            "resourceType": "powerElectronicsUnit",
            "value": {
                "activePowerMax": null,
                "activePowerMin": null,
                "blockOrder": 6,
                "participationFactor": 24.91,
                "shiftDirection": "down"
            }
        },
        {
            "areaCode": "10YSI-ELES-----O",
            "blockType": "explicitDistribution",
            "energyGroupMrid": "647b03fc-8690-41a8-b74c-b78b28781046",
            "resourceMrid": "d69331ea-5e54-425f-8f1b-c53ae293cf03",
            "resourceType": "powerElectronicsUnit",
            "value": {
                "activePowerMax": 179.7,
                "activePowerMin": 88.07,
                "blockOrder": 3,
                "participationFactor": 7.83,
                "shiftDirection": "upAndDown"
            }
        },
        {
            "areaCode": "10YSI-ELES-----O",
            "blockType": "storageFlat",
            "energyGroupMrid": "2e5e0c57-b34a-458f-b95c-ce9f45ee89a1",
            "resourceMrid": "2d541305-c02b-4e6e-9aa0-40e43b05cf65",
            "resourceType": "energyGroup",
            "value": {
                "activePowerMax": 177.43,
                "activePowerMin": 97.55,
                "blockOrder": 6,
                "participationFactor": 76.07,
                "shiftDirection": "down"
            }
        }
    ]
}