{
    "businessTimestamp": "2025-01-05T00:30:00",
    "documentId": "e8a205e2-fb3d-441f-adf9-5ee11e37c6d6",
    "ownerCode": "10YDE-VE-------2",
    "ownerRole": "Grid Manager",
    "timeHorizon": "dayAhead",
    "cdsId": "6e1c4f42-be1f-4db8-9e96-2357e194be7f",
    "comoDocumentType": "INTERNAL_RA_FLAT_LIST",
    "comoDocumentVersion": "R24Q4V1_0",
    "gridModelId": "cd7ca5c4-9719-4492-91e8-459a0779ef46",
    "remedialActionListId": "df3f9e7d-13bf-4083-8599-3312daa185d5",
    "timeInterval": {
        "from": "2025-01-05T00:00:00",
        "to": "2025-01-05T01:00:00"
    },
    "version": 1,
    "remedialActionGroupList": [
        {
            "description": "Sample description 1",
            "maxRegulatingDown": 73.52,
            "maxRegulatingUp": 72.73,
            "mrid": "8f9dd19d-61c8-4a85-821d-876e98dd63e3",
            "name": "Sample name 1",
            "remedialActionDependencyList": [
                {
                    "enabled": true,
                    "kind": "inclusive",
                    "mrid": "add0d00c-f463-4e19-ad42-5956103371b3",
                    "remedialActionMrid": "dd9edef3-3b09-4f64-9b24-b530e5826595"
                },
                {
                    "enabled": false,
                    "kind": "inclusive",
                    "mrid": "29d6612f-05d6-4899-9223-d7c28d3baaf4",
                    "remedialActionMrid": "8add5e6b-0776-48e2-ad5d-060e7cbb4c72"
                }
            ]
        }
    ],
    "gridStateAlterationRemedialActionList": [
        {
            "available": true,
            "description": "Sample description",
            "gridStateAlterationList": [
                {
                    "actionType": "controlFunctionBlockAction",
                    "description": "Sample description 1",
                    "enabled": false,
                    "maximumPerDay": 5,
                    "minimumActivation": 46.51,
                    "mrid": "55eb76c3-c95b-47ed-8326-ca70ce7a74d8",
                    "name": "Sample name 1",
                    "powerSystemResourceMrid": "8799c8f3-aff2-4a77-9a4b-579c61661635",
                    "propertyReference": "6e0c2757-1998-4441-a556-328b99dc4f50",
                    "rangeConstraintList": [
                        {
                            "description": "Sample description 1",
                            "direction": "upAndDown",
                            "mrid": "cda9fbfe-e56e-46bf-9801-56f3e89b5e00",
                            "name": "Sample name 1",
                            "propertyRangeType": "static",
                            "propertyReference": "9a10eff4-2fe7-443e-9049-22575859c374",
                            "value": 69.69,
                            "valueKind": "incremental"
                        }
                    ],
                    "timePerStage": 17.29
                },
                {
                    "actionType": "acdcConverterAction",
                    "description": "Sample description 2",
                    "enabled": true,
                    "maximumPerDay": 19,
                    "minimumActivation": 25.12,
                    "mrid": "897f6618-3c3c-4cdb-8810-ce1faa9c81bd",
                    "name": "Sample name 2",
                    "powerSystemResourceMrid": "f96a4419-47db-4a76-9f26-503e8fef7920",
                    "propertyReference": "26b31bd2-ec79-41e0-ab71-aa2a06fc244d",
                    "rangeConstraintList": [
                        {
                            "description": "Sample description 1",
                            "direction": "up",
                            "mrid": "641298d3-519a-40f2-b72f-f72626cd7792",
                            "name": "Sample name 1",
                            "propertyRangeType": "static",
                            "propertyReference": "a9cc1a25-4342-441f-8a12-ea5b8d1f7146",
                            "value": 1.36,
                            "valueKind": "incrementalPercentage"
                        },
                        {
                            "description": "Sample description 2",
                            "direction": "upAndDown",
                            "mrid": "2395c4cf-21a8-418f-b76f-9a8ba0552556",
                            "name": "Sample name 2",
                            "propertyRangeType": "static",
                            "propertyReference": "83b866c4-6fd1-4f60-9c05-8046129591da",
                            "value": 86.19,
                            "valueKind": "incrementalPercentage"
                        }
                    ],
                    "timePerStage": 14.09
                },
                {
                    "actionType": "batteryUnitAction",
                    "description": "Sample description 3",
                    "enabled": false,
                    "maximumPerDay": 13,
                    "minimumActivation": 42.63,
                    "mrid": "d46243dc-8b8a-4cef-b326-87d13fcfb3c0",
                    "name": "Sample name 3",
                    "powerSystemResourceMrid": "71759f57-5979-45f3-90ec-cf1878de9878",
                    "propertyReference": "1d32b013-930e-4939-a802-33076bcec5fc",
                    "rangeConstraintList": [
                        {
                            "description": "Sample description 1",
                            "direction": "up",
                            "mrid": "32522039-6888-4ba4-becf-6763f2d62dee",
                            "name": "Sample name 1",
                            "propertyRangeType": "intertemporal",
                            "propertyReference": "35a713bb-e004-4f22-a6a6-120a3c20f365",
                            "value": 14.81,
                            "valueKind": "absolute"
                        },
                        {
                            "description": "Sample description 2",
                            "direction": "up",
                            "mrid": "71229d15-32cc-4ebb-b938-81b7f2dfc543",
                            "name": "Sample name 2",
                            "propertyRangeType": "intertemporal",
                            "propertyReference": "fee49c57-90be-4378-be47-d400de891326",
                            "value": 75.59,
                            "valueKind": "incremental"
                        },
                        {
                            "description": "Sample description 3",
                            "direction": "none",
                            "mrid": "99016feb-b563-4602-b7d3-55edf1960c03",
                            "name": "Sample name 3",
                            "propertyRangeType": "static",
                            "propertyReference": "6ea24d4a-f1aa-4b34-9408-577512e3e2f7",
                            "value": 59.07,
                            "valueKind": "absolute"
                        }
                    ],
                    "timePerStage": 45.47
                }
            ],
            "impactThresholdMargin": 10.25,
            "isCrossBorderRelevant": false,
            "isManual": false,
            "kind": "preventive",
            "mrid": "dd9edef3-3b09-4f64-9b24-b530e5826595",
            "name": "Sample name",
            "penaltyFactor": 83.13,
            "regionCode": "790f9c94-574b-4283-9013-7688658996c2",
            "systemOperatorCode": "cfba20d3-8ebc-41d9-9e67-23b13494e215",
            "timeToImplement": 3.21
        },
        {
            "available": false,
            "description": "Sample description",
            "gridStateAlterationList": [
                {
                    "actionType": "controlFunctionBlockAction",
                    "description": "Sample description 1",
                    "enabled": true,
                    "maximumPerDay": 20,
                    "minimumActivation": 93.98,
                    "mrid": "bf8d4286-cdee-468a-92f0-d090b0eb332a",
                    "name": "Sample name 1",
                    "powerSystemResourceMrid": "5ab433ac-c46d-4748-bed2-215b3a5b8db2",
                    "propertyReference": "54ed7e17-1475-433c-bd56-2b32a403ef7b",
                    "rangeConstraintList": [
                        {
                            "description": "Sample description 1",
                            "direction": "down",
                            "mrid": "e36a8e3a-ca26-45a2-a89d-c71a7ffe05e2",
                            "name": "Sample name 1",
                            "propertyRangeType": "static",
                            "propertyReference": "5193f883-8596-4d98-a15f-8528de04e287",
                            "value": 76.78,
                            "valueKind": "incrementalPercentage"
                        },
                        {
                            "description": "Sample description 2",
                            "direction": "up",
                            "mrid": "6621a1ae-8d3b-484d-9563-3125be77cc49",
                            "name": "Sample name 2",
                            "propertyRangeType": "static",
                            "propertyReference": "b20e9cb9-b4f2-42b1-8f0a-349c1de2daa0",
                            "value": 96.84,
                            "valueKind": "absolute"
                        },
                        {
                            "description": "Sample description 3",
                            "direction": "up",
                            "mrid": "720e4b99-4989-4ff7-96b4-9d81f7ed598e",
                            "name": "Sample name 3",
                            "propertyRangeType": "intertemporal",
                            "propertyReference": "29f7e60e-06e5-4952-8cea-8b23cebd593b",
                            "value": 97.94,
                            "valueKind": "absolute"
                        }
                    ],
                    "timePerStage": 55.42
                }
            ],
            "impactThresholdMargin": 56.76,
            "isCrossBorderRelevant": true,
            "isManual": true,
            "kind": "curative",
            "mrid": "8add5e6b-0776-48e2-ad5d-060e7cbb4c72",
            "name": "Sample name",
            "penaltyFactor": 1.79,
            "regionCode": "9e3a8a1b-2c29-4cd9-9168-65bd41458ad5",
            "systemOperatorCode": "098118cb-d3c0-4fa9-991a-b5d02a82dd28",
            "timeToImplement": 88.05
        }
    ],
    "powerRemedialActionList": [
        {
            "available": true,
            "biddingZoneCode": "47456f81-d9a7-47fe-bec9-9863e0b867ab",
            "description": "Sample description 1",
            "glskStrategy": "generatorPmax",
            "impactThresholdMargin": 90.23,
            "isCrossBorderRelevant": false,
            "isManual": true,
            "kind": "curative",
            "maxEconomicP": 50.09,
            "maxRegulatingDown": 67.07,
            "maxRegulatingUp": 49.08,
            "minEconomicP": 26.55,
            "mrid": "76d64e0e-fad0-4424-bbeb-f8b0c54d5bc1",
            "name": "Sample name 1",
            "penaltyFactor": 92.69,
            "powerRemedialActionType": "countertrade",
            "regionCode": "0bfb90e4-a298-4fc7-aab7-e9a6dafe7cfa",
            "shiftMethod": "priority",
            "systemOperatorCode": "c13ccea5-42b6-4f9f-9059-b9116d63d5ba",
            "timeToImplement": 29.36
        },
        {
            "available": true,
            "biddingZoneCode": "399d3a83-7556-4645-bf3c-e55d753c6c48",
            "description": "Sample description 2",
            "glskStrategy": "proportionalForLoad",
            "impactThresholdMargin": 51.29,
            "isCrossBorderRelevant": false,
            "isManual": true,
            "kind": "curative",
            "maxEconomicP": 89.37,
            "maxRegulatingDown": 26.85,
            "maxRegulatingUp": 12.41,
            "minEconomicP": 13.35,
            "mrid": "38b4133c-9b3d-4d20-b76a-285fe5437cb7",
            "name": "Sample name 2",
            "penaltyFactor": 16.37,
            "powerRemedialActionType": "countertrade",
            "regionCode": "37c70031-b435-4771-b90a-6032384a5bca",
            "shiftMethod": "shared",
            "systemOperatorCode": "4ce9d238-986a-4810-a9b2-c4a5abbcf671",
            "timeToImplement": 17.27
        },
        {
            "available": false,
            "biddingZoneCode": "5c8a24be-8445-4fa3-a64f-9c2ebb21dd75",
            "description": "Sample description 3",
            "glskStrategy": "explicitSchedule",
            "impactThresholdMargin": 7.61,
            "isCrossBorderRelevant": false,
            "isManual": false,
            "kind": "preventive",
            "maxEconomicP": 92.27,
            "maxRegulatingDown": 11.22,
            "maxRegulatingUp": 76.69,
            "minEconomicP": 12.95,
            "mrid": "28efc642-0727-4737-958c-5de79ea3f907",
            "name": "Sample name 3",
            "penaltyFactor": 81.05,
            "powerRemedialActionType": "countertrade",
            "regionCode": "16ffd7ab-fb24-430b-bf67-5579611345e0",
            "shiftMethod": "shared",
            "systemOperatorCode": "e6b2dde9-2191-4ba6-9451-65c220e2cec8",
            "timeToImplement": 19.63
        }
    ],
    "contingencyWithRemedialActionList": [
        {
            "combinationConstraintKind": "included",
            "contingencyMrid": "eea78744-ed60-4cbc-81ca-5caa456ffcda",
            "enabled": false,
            "mrid": "f50c23e0-5170-4fd0-9108-f20d24c71009",
            "remedialActionMrid": "b3495f67-aade-4685-a7c1-60206fe8740b"
        }
    ],
    "powerBidScheduleList": [
        {
            "currency": "USD",
            "description": "Sample description 1",
            "direction": "down",
            "glskBidActionDistributionList": [
                {
                    "description": "Sample description 1",
                    "energyBlockOrderMrid": "ced827b1-71ff-45b3-ad45-f6dfb2274952",
                    "energyConsumerMrid": "20fccb7e-d117-458c-a247-82be9aec02a7",
                    "energyGroupMrid": "a326c81f-a111-41a7-8183-0537552a4230",
                    "generatingUnitMrid": "c97160e6-186f-4107-9f1c-0c4d85a7a253",
                    "glskScheduleMrid": "045f4380-ec2d-45a9-9708-9ec42f295739",
                    "hydroPumpMrid": "67c77e8d-2a97-45b7-b1a1-76b47b770fa2",
                    "mrid": "00f95100-6875-4ff6-ba07-b6ce3b708a5c",
                    "name": "Sample name 1",
                    "participationFactor": 64.3,
                    "powerElectronicsUnitMrid": "feb2da3b-6cad-4ea2-9f28-d7da91728151",
                    "scheduleResourceMrid": "227a324b-8123-4235-b0cb-51308873ce4f"
                },
                {
                    "description": "Sample description 2",
                    "energyBlockOrderMrid": "0ae7bdd5-c07a-477c-b109-3c77fedfed30",
                    "energyConsumerMrid": "e89e19c3-879e-4cd9-abde-e188349d446a",
                    "energyGroupMrid": "3972eeea-10b2-4759-b735-2b4ee9a8fd4b",
                    "generatingUnitMrid": "2f37c36b-8baa-410c-9ace-60fc4f782f89",
                    "glskScheduleMrid": "3addf49b-e231-4723-9bf1-eca9bf26384b",
                    "hydroPumpMrid": "5243e8e7-4fd2-44dd-8246-279e5eb05b78",
                    "mrid": "f027895b-5cd7-4345-a535-6abbca64eb8b",
                    "name": "Sample name 2",
                    "participationFactor": 52.44,
                    "powerElectronicsUnitMrid": "d780568c-9f46-4aa2-8a2f-62d4868a2fc6",
                    "scheduleResourceMrid": "0e3287b9-4b18-4b42-8b18-7ee8398df5d5"
                },
                {
                    "description": "Sample description 3",
                    "energyBlockOrderMrid": "1aaa555e-f784-468e-b0bc-73d383485a21",
                    "energyConsumerMrid": "c2dcb7bb-fbae-4809-bb96-ea41c90695a6",
                    "energyGroupMrid": "6e423f41-d637-4473-8584-e33051984e1b",
                    "generatingUnitMrid": "76c6da88-d16b-4e20-8e8b-24f5e77a5b8f",
                    "glskScheduleMrid": "037bfbff-ec1b-4e9b-b580-81346c591d03",
                    "hydroPumpMrid": "0d254195-4f55-4450-b9d7-d7b5409b25b2",
                    "mrid": "7fad981f-f2d0-4adb-9276-edd55338eeb6",
                    "name": "Sample name 3",
                    "participationFactor": 28.16,
                    "powerElectronicsUnitMrid": "a86c28a7-4a93-48bd-b4b9-1156dea4f443",
                    "scheduleResourceMrid": "e66ea3af-0ef4-473c-af15-539274535e99"
                }
            ],
            "interpolationKind": "linear",
            "isOffer": false,
            "leadTime": 39.88,
            "maximumUpTime": 51.58,
            "minimumActivationP": 69.8,
            "minimumOffTime": 31.48,
            "minimumUpTime": 23.27,
            "mrid": "82d1d768-91fd-4e56-8d56-b07d6ab8686f",
            "name": "Sample name 1",
            "p": 49.51,
            "powerBidDependencyList": [
                {
                    "delay": 52.27,
                    "dependentPowerGridScheduleMrid": "520bcfd3-7119-4e06-be85-4e6d8f117179",
                    "kind": "exclusive",
                    "mrid": "daaaf358-2fde-4f92-84e7-80d455489789"
                }
            ],
            "powerRemedialActionMrid": "1cf75750-cc36-41af-ba1e-9cdaa0227703",
            "price": 82.93,
            "priority": 2,
            "reservePrice": 17.32,
            "shutdownCost": 2.36,
            "startUpCost": 9.1,
            "stepIncrementP": 0.36,
            "totalMaximumEnergy": 67.53,
            "totalMinimumEnergy": 78.92
        }
    ],
    "powerShiftKeyDistributionList": [
        {
            "description": "Sample description 1",
            "mrid": "023c6353-ecd2-43f7-bad1-3868b706fa93",
            "name": "Sample name 1",
            "powerBidScheduleMrid": "0f7df14f-8bb5-4547-a47c-a4a82724d9d6",
            "resourceMrid": "0b56160e-2958-4e48-b628-93f40928861c"
        },
        {
            "description": "Sample description 2",
            "mrid": "e50feeb0-c167-4d38-a003-6531b9f2ab38",
            "name": "Sample name 2",
            "powerBidScheduleMrid": "55accac3-2815-4790-ae2a-a5c3b04a8649",
            "resourceMrid": "585390a3-0f51-4896-849a-c7bcf1c9c111"
        }
    ],
    "powerShiftKeyList": [
        {
            "areaCode": "10Y1001A1001A82H",
            "blockType": "generatorsPriority",
            "energyGroupMrid": "6f8b9a29-7099-4c79-8bdf-476bfc4a51c4",
            "resourceMrid": "7fe47950-386b-43ea-93c3-792831665a50",
            "resourceType": "generatingUnit",
            "value": {
                "activePowerMax": 161.6,
                "activePowerMin": 41.53,
                "blockOrder": 1,
                "participationFactor": 6.62,
                "shiftDirection": "up"
            }
        },
        {
            "areaCode": "10Y1001A1001A82H",
            "blockType": "storageFlat",
            "energyGroupMrid": "7580e2c6-2c9d-47a8-b030-3b5c386a3e69",
            "resourceMrid": "f5dcbd1a-0a68-4d85-b676-33614aa974ab",
            "resourceType": "generatingUnit",
            "value": {
                "activePowerMax": 197.85,
                "activePowerMin": 9.34,
                "blockOrder": 4,
                "participationFactor": 19.06,
                "shiftDirection": "upAndDown"
            }
        },
        {
            "areaCode": "10Y1001A1001A82H",
            "blockType": "explicitDistribution",
            "energyGroupMrid": "75f2a199-bb9f-4763-b235-f79a7a89ecb9",
            "resourceMrid": "1da0b386-d2a7-4f35-842c-c8df5b5bfbfb",
            "resourceType": "powerElectronicsUnit",
            "value": {
                "activePowerMax": 72.18,
                "activePowerMin": 29.25,
                "blockOrder": 2,
                "participationFactor": 25.81,
                "shiftDirection": "down"
            }
        }
    ]
}