{
    "businessTimestamp": "2025-01-07T00:30:00",
    "documentId": "63d6e5ff-0eba-4e80-8c67-555f8cc03673",
    "ownerCode": "10X1001A1001A329",
    "ownerRole": "System Operator",
    "timeHorizon": "dayAhead",
    "cdsId": "20fce8f0-73ae-4952-8c50-7d2fd86d9c23",
    "comoDocumentType": "INTERNAL_RA_FLAT_LIST",
    "comoDocumentVersion": "R24Q4V1_0",
    "gridModelId": "12237662-25c3-4f7a-ba63-bfa45ad4e7bd",
    "remedialActionListId": "4187b88c-34bb-4123-915a-8aff30206983",
    "timeInterval": {
        "from": "2025-01-07T00:00:00",
        "to": "2025-01-07T01:00:00"
    },
    "version": 1,
    "remedialActionGroupList": [
        {
            "description": "Sample description 1",
            "maxRegulatingDown": 38.64,
            "maxRegulatingUp": 42.5,
            "mrid": "fc072be5-a3b8-46bd-b26c-4994893de978",
            "name": "Sample name 1",
            "remedialActionDependencyList": [
                {
                    "enabled": false,
                    "kind": "none",
                    "mrid": "a07039c2-b825-4671-bff6-60746ddef17a",
                    "remedialActionMrid": "96433540-27a4-4f79-9c94-af148ca669e3"
                },
                {
                    "enabled": false,
                    "kind": "inclusive",
                    "mrid": "40125cd4-503f-4ce0-85d2-cc37df593086",
                    "remedialActionMrid": "f9932a26-c874-44e0-838c-45e40e58f3d2"
                },
                {
                    "enabled": true,
                    "kind": "none",
                    "mrid": "195018af-5f1a-4053-a035-8c03831e4343",
                    "remedialActionMrid": "2864efbc-ed09-492f-bab2-3642900cb357"
                }
            ]
        }
    ],
    "gridStateAlterationRemedialActionList": [
        {
            "available": false,
            "description": "Sample description",
            "gridStateAlterationList": [
                {
                    "actionType": "equipmentControllerAction",
                    "description": "Sample description 1",
                    "enabled": false,
                    "maximumPerDay": 22,
                    "minimumActivation": 33.83,
                    "mrid": "e4745303-3536-4e2c-be08-b93928d3f2a7",
                    "name": "Sample name 1",
                    "powerSystemResourceMrid": "f40e4bb5-d797-4f62-b94c-bae033179096",
                    "propertyReference": "63ddf567-ba4c-473f-b486-c9e7a2774bf7",
                    "rangeConstraintList": [
                        {
                            "description": "Sample description 1",
                            "direction": "upAndDown",
                            "mrid": "79747498-4acd-4002-8b7c-4221b88dc93e",
                            "name": "Sample name 1",
                            "propertyRangeType": "static",
                            "propertyReference": "adaa4960-c874-4bf7-ad63-0c500f2f6e9e",
                            "value": 98.05,
                            "valueKind": "incremental"
                        },
                        {
                            "description": "Sample description 2",
                            "direction": "up",
                            "mrid": "4701290f-a6b7-4c54-a904-efa0a8542f89",
                            "name": "Sample name 2",
                            "propertyRangeType": "intertemporal",
                            "propertyReference": "4ac51b35-1b7a-464e-8443-3c76927ffcd6",
                            "value": 72.23,
                            "valueKind": "incremental"
                        }
                    ],
                    "timePerStage": 97.97
                },
                {
                    "actionType": "biddingZoneAction",
                    "description": "Sample description 2",
                    "enabled": true,
                    "maximumPerDay": 21,
                    "minimumActivation": 57.83,
                    "mrid": "b3a08d65-5136-42bd-8cdb-e63cc8c51b15",
                    "name": "Sample name 2",
                    "powerSystemResourceMrid": "3eddc3b8-514d-4647-b17d-22be4a2e9006",
                    "propertyReference": "47451397-6549-46d4-9cce-4bae95547eb3",
                    "rangeConstraintList": [
                        {
                            "description": "Sample description 1",
                            "direction": "upAndDown",
                            "mrid": "f6c2c799-8860-4e7d-9cc0-9bf216f095d6",
                            "name": "Sample name 1",
                            "propertyRangeType": "intertemporal",
                            "propertyReference": "d4bdf389-036a-44fd-91b1-2da8f5475b89",
                            "value": 12.97,
                            "valueKind": "incremental"
                        },
                        {
                            "description": "Sample description 2",
                            "direction": "up",
                            "mrid": "21d726c6-cf22-4cec-a276-1940c7a68887",
                            "name": "Sample name 2",
                            "propertyRangeType": "intertemporal",
                            "propertyReference": "522777c2-f425-42b0-a252-9ae97d638af9",
                            "value": 67.68,
                            "valueKind": "incrementalPercentage"
                        }
                    ],
                    "timePerStage": 69.97
                }
            ],
            "impactThresholdMargin": 50.46,
            "isCrossBorderRelevant": true,
            "isManual": true,
            "kind": "preventive",
            "mrid": "96433540-27a4-4f79-9c94-af148ca669e3",
            "name": "Sample name",
            "penaltyFactor": 61.94,
            "regionCode": "858fc074-c69a-4ed6-937e-cadaf4252a9c",
            "systemOperatorCode": "ec6826d6-f9ac-43cf-8758-53419b5aa5d7",
            "timeToImplement": 0.72
        },
        {
            "available": false,
            "description": "Sample description",
            "gridStateAlterationList": [
                {
                    "actionType": "biddingZoneAction",
                    "description": "Sample description 1",
                    "enabled": true,
                    "maximumPerDay": 9,
                    "minimumActivation": 47.31,
                    "mrid": "d0e0b45e-000f-4ed4-8cdd-abb2af45bbad",
                    "name": "Sample name 1",
                    "powerSystemResourceMrid": "a4706ca3-b450-4d49-9aaf-3e72211f7914",
                    "propertyReference": "3269c1f7-fed4-4f9a-ac60-f7ce527c5e98",
                    "rangeConstraintList": [
                        {
                            "description": "Sample description 1",
                            "direction": "down",
                            "mrid": "b74488b1-354c-4359-a9f7-d473adaa17b9",
                            "name": "Sample name 1",
                            "propertyRangeType": "intertemporal",
                            "propertyReference": "da4cec37-079b-4601-b17e-f9965b1225ac",
                            "value": 46.85,
                            "valueKind": "incremental"
                        },
                        {
                            "description": "Sample description 2",
                            "direction": "up",
                            "mrid": "037c1fc5-1c2d-493b-8669-c7ccdc357509",
                            "name": "Sample name 2",
                            "propertyRangeType": "static",
                            "propertyReference": "091d3302-478e-40ea-8be6-8bead0ccf7ea",
                            "value": 23.12,
                            "valueKind": "absolute"
                        }
                    ],
                    "timePerStage": 7.45
                },
                {
                    "actionType": "shuntCompensatorAction",
                    "description": "Sample description 2",
                    "enabled": true,
                    "maximumPerDay": 11,
                    "minimumActivation": 74.23,
                    "mrid": "0c137dcf-9686-41c4-b630-5aa817d69f39",
                    "name": "Sample name 2",
                    "powerSystemResourceMrid": "0a0c0641-3c33-4562-9e5a-182c393d08ba",
                    "propertyReference": "cf525b23-eb82-4df1-bc0c-0574983b746c",
                    "rangeConstraintList": [
                        {
                            "description": "Sample description 1",
                            "direction": "none",
                            "mrid": "37edc261-431c-4138-ad0a-a12c5e6bedb2",
                            "name": "Sample name 1",
                            "propertyRangeType": "static",
                            "propertyReference": "405e6acb-1a03-45e8-be71-bb6ae0b24c58",
                            "value": 75.31,
                            "valueKind": "incrementalPercentage"
                        },
                        {
                            "description": "Sample description 2",
                            "direction": "down",
                            "mrid": "7c91c464-66a4-4790-9c77-7ea038cf1417",
                            "name": "Sample name 2",
                            "propertyRangeType": "intertemporal",
                            "propertyReference": "83b12f15-b4ef-4ea5-b24a-30ecbb87679d",
                            "value": 37.6,
                            "valueKind": "incrementalPercentage"
                        }
                    ],
                    "timePerStage": 92.62
                },
                {
                    "actionType": "equipmentControllerAction",
                    "description": "Sample description 3",
                    "enabled": true,
                    "maximumPerDay": 18,
                    "minimumActivation": 34.11,
                    "mrid": "802e2311-84ca-4f31-8c7e-632139f75a0e",
                    "name": "Sample name 3",
                    "powerSystemResourceMrid": "f8b2f1ec-63dd-4b31-a705-519b782e1000",
                    "propertyReference": "b61c96d6-3973-4b76-bc77-cbd8ca67252c",
                    "rangeConstraintList": [
                        {
                            "description": "Sample description 1",
                            "direction": "none",
                            "mrid": "7bd18a2d-fabf-4843-86bf-cad249a575a9",
                            "name": "Sample name 1",
                            "propertyRangeType": "static",
                            "propertyReference": "9f8669f2-d85a-46ab-89ed-179f2c14649a",
                            "value": 78.35,
                            "valueKind": "incremental"
                        },
                        {
                            "description": "Sample description 2",
                            "direction": "down",
                            "mrid": "170ce199-4f59-4714-a310-5bcb26ba0ce3",
                            "name": "Sample name 2",
                            "propertyRangeType": "intertemporal",
                            "propertyReference": "b9a8b1f3-c9c4-4b55-bb40-f389756e19e1",
                            "value": 52.37,
                            "valueKind": "incrementalPercentage"
                        },
                        {
                            "description": "Sample description 3",
                            "direction": "up",
                            "mrid": "75751341-d0c9-4b77-8b1b-6c5d4a9416c6",
                            "name": "Sample name 3",
                            "propertyRangeType": "static",
                            "propertyReference": "9447a1b5-a7c8-4f80-9f16-acc566fcb4f7",
                            "value": 54.19,
                            "valueKind": "absolute"
                        }
                    ],
                    "timePerStage": 83.36
                }
            ],
            "impactThresholdMargin": 6.24,
            "isCrossBorderRelevant": true,
            "isManual": false,
            "kind": "preventive",
            "mrid": "f9932a26-c874-44e0-838c-45e40e58f3d2",
            "name": "Sample name",
            "penaltyFactor": 73.74,
            "regionCode": "e9bb0203-557f-4382-b0fa-8a2c652a7582",
            "systemOperatorCode": "e7708c56-7c96-4bf9-b75f-a1a32d4b91a8",
            "timeToImplement": 80.93
        },
        {
            "available": true,
            "description": "Sample description",
            "gridStateAlterationList": [
                {
                    "actionType": "externalNetworkInjectionAction",
                    "description": "Sample description 1",
                    "enabled": false,
                    "maximumPerDay": 19,
                    "minimumActivation": 88.89,
                    "mrid": "77bb2f7c-7630-44c0-a401-f1580db6e26d",
                    "name": "Sample name 1",
                    "powerSystemResourceMrid": "bfb786b0-c740-4919-a7d2-a319d0f42a02",
                    "propertyReference": "dd188f28-d44c-4df4-b527-96d7512eb9e5",
                    "rangeConstraintList": [
                        {
                            "description": "Sample description 1",
                            "direction": "upAndDown",
                            "mrid": "0cd78e6d-284e-4050-9622-6282143df441",
                            "name": "Sample name 1",
                            "propertyRangeType": "static",
                            "propertyReference": "7c53f296-e2ff-4232-a4a3-8eaa193d2afb",
                            "value": 39.78,
                            "valueKind": "incrementalPercentage"
                        }
                    ],
                    "timePerStage": 92.82
                }
            ],
            "impactThresholdMargin": 42.26,
            "isCrossBorderRelevant": false,
            "isManual": true,
            "kind": "curative",
            "mrid": "2864efbc-ed09-492f-bab2-3642900cb357",
            "name": "Sample name",
            "penaltyFactor": 42.81,
            "regionCode": "242550ef-7362-4a57-9e20-6d30901c8b49",
            "systemOperatorCode": "d6cadc66-0a6d-4608-ab76-7a12082af58c",
            "timeToImplement": 78.3
        }
    ],
    "powerRemedialActionList": [
        {
            "available": true,
            "biddingZoneCode": "ad11f0cd-517e-42e9-a5f1-d7750972f6fa",
            "description": "Sample description 1",
            "glskStrategy": "proportionalForLoad",
            "impactThresholdMargin": 29.61,
            "isCrossBorderRelevant": false,
            "isManual": false,
            "kind": "preventive",
            "maxEconomicP": 38.37,
            "maxRegulatingDown": 52.04,
            "maxRegulatingUp": 14.78,
            "minEconomicP": 60.28,
            "mrid": "b0744fa9-04fd-4ac1-90f7-fa628303ec94",
            "name": "Sample name 1",
            "penaltyFactor": 35.0,
            "powerRemedialActionType": "countertrade",
            "regionCode": "b86bbc43-0959-4d17-9304-d71012f6b07e",
            "shiftMethod": "priority",
            "systemOperatorCode": "1ec3ef5a-f49e-4da3-a4cd-7c62e69dde32",
            "timeToImplement": 66.87
        },
        {
            "available": false,
            "biddingZoneCode": "f3876f9e-5248-4586-8867-f142691af937",
            "description": "Sample description 2",
            "glskStrategy": "generatorPmax",
            "impactThresholdMargin": 14.86,
            "isCrossBorderRelevant": false,
            "isManual": true,
            "kind": "preventive",
            "maxEconomicP": 70.91,
            "maxRegulatingDown": 76.15,
            "maxRegulatingUp": 97.87,
            "minEconomicP": 20.41,
            "mrid": "acac4233-38ef-4f34-81f6-1fb39b5245fd",
            "name": "Sample name 2",
            "penaltyFactor": 33.55,
            "powerRemedialActionType": "redispatch",
            "regionCode": "7db942dd-f5e6-45ef-bf3f-a34d15a113cb",
            "shiftMethod": "shared",
            "systemOperatorCode": "b83154b2-e977-4d5e-bc61-5a46e173f62c",
            "timeToImplement": 18.27
        }
    ],
    "contingencyWithRemedialActionList": [
        {
            "combinationConstraintKind": "excluded",
            "contingencyMrid": "f3e519db-9c4b-4875-a379-7d7f1a83c6d7",
            "enabled": true,
            "mrid": "4f27b944-765f-4aef-aa7d-54c0dc703b6f",
            "remedialActionMrid": "8a2b19a8-0811-4200-b8a3-cb44dc78831c"
        },
        {
            "combinationConstraintKind": "included",
            "contingencyMrid": "4c50d855-abf1-4ac6-a105-9115447ecc37",
            "enabled": false,
            "mrid": "ea684cfa-05b7-491e-9093-12174e5fa15b",
            "remedialActionMrid": "b7008dc1-832f-4b47-a1af-910ed1020732"
        }
    ],
    "powerBidScheduleList": [
        {
            "currency": "GBP",
            "description": "Sample description 1",
            "direction": "none",
            "glskBidActionDistributionList": [
                {
                    "description": "Sample description 1",
                    "energyBlockOrderMrid": "13092c7c-2d8e-475a-be4b-b73b7ec4f3da",
                    "energyConsumerMrid": "500f57ed-456b-4724-b7fe-e5febbfc3287",
                    "energyGroupMrid": "622e0b71-9538-485e-a4d3-c1fae12befda",
                    "generatingUnitMrid": "d6a138bd-492e-480b-a92c-76600042b796",
                    "glskScheduleMrid": "a9ddf375-90ef-4384-94c9-f5f3433ea219",
                    "hydroPumpMrid": "b3f4ebdc-a4eb-45ef-897c-6105a41a7d29",
                    "mrid": "6203a97e-a336-4f4a-92a0-0a9e504f69da",
                    "name": "Sample name 1",
                    "participationFactor": 67.63,
                    "powerElectronicsUnitMrid": "7d8f3ec3-457a-4d09-8488-e7e99ec8af8b",
                    "scheduleResourceMrid": "18f8b533-b15c-403f-bb14-6a2f75e13b9f"
                },
                {
                    "description": "Sample description 2",
                    "energyBlockOrderMrid": "22246841-245f-48c6-9529-54e706a0e618",
                    "energyConsumerMrid": "f34a0ad9-ca7a-466c-bc2f-859e16ad3f48",
                    "energyGroupMrid": "7bd9dca4-f6de-4995-8862-9a54da475a57",
                    "generatingUnitMrid": "4e2fbe37-bd04-491a-94b6-78aedd8690b7",
                    "glskScheduleMrid": "6490a6ac-e870-498c-8dcb-971ec1875fee",
                    "hydroPumpMrid": "15c565cf-cd35-4d3c-ba7c-bd9780c37deb",
                    "mrid": "0b26504f-7eda-4e1a-a3db-75906d7d79f3",
                    "name": "Sample name 2",
                    "participationFactor": 65.23,
                    "powerElectronicsUnitMrid": "3878c2a3-69b7-487a-8ca9-99341e0b4138",
                    "scheduleResourceMrid": "42c97148-f484-4036-9e78-4d4f954b795b"
                }
            ],
            "interpolationKind": "next",
            "isOffer": false,
            "leadTime": 51.41,
            "maximumUpTime": 82.34,
            "minimumActivationP": 48.95,
            "minimumOffTime": 81.22,
            "minimumUpTime": 97.0,
            "mrid": "6f9d812d-5ab0-4592-bc47-1146e366139e",
            "name": "Sample name 1",
            "p": 31.92,
            "powerBidDependencyList": [
                {
                    "delay": 31.93,
                    "dependentPowerGridScheduleMrid": "6b243f8b-f5d4-4808-aa42-3c7055e3a8e5",
                    "kind": "exclusive",
                    "mrid": "faf134dd-8b0d-4628-9122-9003a3ad70e8"
                },
                {
                    "delay": 84.25,
                    "dependentPowerGridScheduleMrid": "9dd876b2-fb72-408d-a6a1-71c768bfaa8a",
                    "kind": "exclusive",
                    "mrid": "d575e073-9e7e-4f50-b44c-0409420df740"
                }
            ],
            "powerRemedialActionMrid": "aa36cbaf-4c44-405b-ab4d-e4d42f071105",
            "price": 70.88,
            "priority": 3,
            "reservePrice": 72.94,
            "shutdownCost": 96.51,
            "startUpCost": 20.66,
            "stepIncrementP": 19.02,
            "totalMaximumEnergy": 57.05,
            "totalMinimumEnergy": 58.08
        },
        {
            "currency": "GBP",
            "description": "Sample description 2",
            "direction": "down",
            "glskBidActionDistributionList": [
                {
                    "description": "Sample description 1",
                    "energyBlockOrderMrid": "b5f0389a-3d89-403f-ae3f-5492d0dd5e7a",
                    "energyConsumerMrid": "aa52941f-151a-41f1-ba3c-60a195f2f536",
                    "energyGroupMrid": "c9a95ebe-faa6-42c9-8cd1-6baf09a5304f",
                    "generatingUnitMrid": "def6490b-60ed-4020-a2d0-cee5253b1087",
                    "glskScheduleMrid": "3f618075-e8ce-4ca0-90a5-4e9b20797caf",
                    "hydroPumpMrid": "3b99ef38-c21b-4e7a-9764-cb7bb0d01efe",
                    "mrid": "5bc20be9-15b5-4c0a-83e7-dcfbe631d416",
                    "name": "Sample name 1",
                    "participationFactor": 90.32,
                    "powerElectronicsUnitMrid": "aa980a1a-033f-4f1c-a5fc-636d944cae8c",
                    "scheduleResourceMrid": "a458bc21-331e-4337-95d6-43a37a3e0bc8"
                },
                {
                    "description": "Sample description 2",
                    "energyBlockOrderMrid": "d97f75f3-8a5f-4bb3-8e51-de77454edff7",
                    "energyConsumerMrid": "19b72187-cc25-474c-8557-559f8c602907",
                    "energyGroupMrid": "af52b921-8c29-4980-8df1-df8fe3958a50",
                    "generatingUnitMrid": "7902be1b-7035-4015-a486-7151c7a2b559",
                    "glskScheduleMrid": "062b4434-d495-4861-8b69-527d7f79997e",
                    "hydroPumpMrid": "06416f05-745e-476f-8074-31b492ca6cb3",
                    "mrid": "1338da6e-65ad-4f3e-ab2d-7a7762827c5b",
                    "name": "Sample name 2",
                    "participationFactor": 39.45,
                    "powerElectronicsUnitMrid": "139aa34b-ad39-4ea0-9977-8309ac871b4a",
                    "scheduleResourceMrid": "f49c00db-72de-4f03-99f7-66f8be087a05"
                },
                {
                    "description": "Sample description 3",
                    "energyBlockOrderMrid": "133be312-350c-4e4a-bfd9-514d33416443",
                    "energyConsumerMrid": "eb449282-f3f8-4664-a600-d17deacec3ce",
                    "energyGroupMrid": "c881442e-e725-495c-abdd-911709288f69",
                    "generatingUnitMrid": "497a463c-c74e-4f1a-90d6-891f4ef502c1",
                    "glskScheduleMrid": "0aef2250-7aa3-436d-8a7f-900a11c97519",
                    "hydroPumpMrid": "5eaada86-5d80-4612-851c-0e75de029618",
                    "mrid": "3506cc15-e00d-44c5-b759-f0d436abedd9",
                    "name": "Sample name 3",
                    "participationFactor": 19.57,
                    "powerElectronicsUnitMrid": "4da16589-0b55-40ca-a846-720547e8ece2",
                    "scheduleResourceMrid": "f572d626-eb6e-41ae-aadb-2fac61fd6421"
                }
            ],
            "interpolationKind": "none",
            "isOffer": false,
            "leadTime": 61.95,
            "maximumUpTime": 91.47,
            "minimumActivationP": 5.72,
            "minimumOffTime": 27.28,
            "minimumUpTime": 52.64,
            "mrid": "42990bd5-2a45-4835-baf7-1a0f267dd9c8",
            "name": "Sample name 2",
            "p": 80.51,
            "powerBidDependencyList": [
                {
                    "delay": 32.59,
                    "dependentPowerGridScheduleMrid": "f57070b6-47c2-41d1-8c99-a0421268ebcf",
                    "kind": "restrictive",
                    "mrid": "6abf3246-a3da-4ad9-9e16-0525694718bf"
                },
                {
                    "delay": 95.23,
                    "dependentPowerGridScheduleMrid": "1d678dd0-a356-4468-80c7-36b2d17b674f",
                    "kind": "exclusive",
                    "mrid": "966bab32-f6f6-4c5f-ade0-bed428f9f47c"
                },
                {
                    "delay": 64.99,
                    "dependentPowerGridScheduleMrid": "f43c12a2-44da-4ab2-b888-df932c1e431b",
                    "kind": "restrictive",
                    "mrid": "aee2e61c-0481-4236-a72e-c8c5080b12a4"
                }
            ],
            "powerRemedialActionMrid": "3b4740d7-fc15-42f3-9a45-69f8a08141eb",
            "price": 51.26,
            "priority": 3,
            "reservePrice": 41.58,
            "shutdownCost": 96.41,
            "startUpCost": 73.19,
            "stepIncrementP": 56.72,
            "totalMaximumEnergy": 36.73,
            "totalMinimumEnergy": 53.33
        },
        {
            "currency": "USD",
            "description": "Sample description 3",
            "direction": "down",
            "glskBidActionDistributionList": [
                {
                    "description": "Sample description 1",
                    "energyBlockOrderMrid": "eb038f0f-8de0-4158-a97d-d047aa8b72bf",
                    "energyConsumerMrid": "5cd4a476-017b-40f5-bf63-4d58802a4181",
                    "energyGroupMrid": "c6e17958-2647-4dbb-adac-c66b669790d9",
                    "generatingUnitMrid": "9e641d06-d18e-4bff-bee6-2228722cfb1d",
                    "glskScheduleMrid": "a57ad9ed-14a3-45b5-8f8e-7df529142324",
                    "hydroPumpMrid": "b725a945-f5b4-492c-9833-f80bcbe053a7",
                    "mrid": "aaeb7456-4cc5-4ff7-b990-4b894709ecbe",
                    "name": "Sample name 1",
                    "participationFactor": 12.3,
                    "powerElectronicsUnitMrid": "ffc0d1fa-151c-4d32-977b-9868e466efdc",
                    "scheduleResourceMrid": "4ce7c664-1324-460d-a46e-93fb9922efdb"
                },
                {
                    "description": "Sample description 2",
                    "energyBlockOrderMrid": "1e217de5-635f-4325-a676-e7de6ab4dbdf",
                    "energyConsumerMrid": "ea7f6de9-ae1e-494f-81d9-ab1d251da03f",
                    "energyGroupMrid": "77d21e35-98bb-4810-9061-dcc59de02cfa",
                    "generatingUnitMrid": "9fab380a-fece-4967-9bf5-1cafe0371629",
                    "glskScheduleMrid": "68555726-5a01-41a9-8058-e295321e3c84",
                    "hydroPumpMrid": "e8c82eed-81bf-4ad4-9e51-19d36dc2ae00",
                    "mrid": "24710fb4-0aa5-4be0-b496-efb9168c639b",
                    "name": "Sample name 2",
                    "participationFactor": 26.21,
                    "powerElectronicsUnitMrid": "305bdeeb-2161-4408-9111-8f8c8f92d6cb",
                    "scheduleResourceMrid": "903ce224-62fb-44ee-9fc0-3294fdf1cf53"
                }
            ],
            "interpolationKind": "linear",
            "isOffer": true,
            "leadTime": 81.41,
            "maximumUpTime": 7.44,
            "minimumActivationP": 28.3,
            "minimumOffTime": 42.88,
            "minimumUpTime": 6.26,
            "mrid": "0ace23b3-f603-4ddc-a3e4-d814455796a8",
            "name": "Sample name 3",
            "p": 94.71,
            "powerBidDependencyList": [
                {
                    "delay": 2.91,
                    "dependentPowerGridScheduleMrid": "451079d5-4ee4-4b1f-aa22-f0f05bbb3f21",
                    "kind": "inclusive",
                    "mrid": "2218b28b-1368-408c-b254-dd810a30f8eb"
                },
                {
                    "delay": 92.22,
                    "dependentPowerGridScheduleMrid": "b839834e-0372-4e2f-82ff-be2c853b68c8",
                    "kind": "restrictive",
                    "mrid": "87cdbd7e-7baf-4e7d-aeae-5719ec8e0f64"
                }
            ],
            "powerRemedialActionMrid": "a84876e4-b6f4-4bc6-a186-ca0e464d500c",
            "price": 18.53,
            "priority": 10,
            "reservePrice": 1.33,
            "shutdownCost": 92.85,
            "startUpCost": 89.82,
            "stepIncrementP": 48.26,
            "totalMaximumEnergy": 84.75,
            "totalMinimumEnergy": 14.9
        }
    ],
    "powerShiftKeyDistributionList": [
        {
            "description": "Sample description 1",
            "mrid": "4276d13f-9933-45a2-90a7-ee0cf98a6564",
            "name": "Sample name 1",
            "powerBidScheduleMrid": "a7a0ae2f-86a9-4016-8d2a-72d0f4a71821",
            "resourceMrid": "f7cda48a-05d1-4284-a5e9-deaf21e5f811"
        },
        {
            "description": "Sample description 2",
            "mrid": "91b1a59b-4003-46fc-b079-aa161dfd15e2",
            "name": "Sample name 2",
            "powerBidScheduleMrid": "9352bf46-b69a-4fd9-96f9-7d5902e208f5",
            "resourceMrid": "ff1edbfd-e609-42cc-8290-ad65bec87419"
        },
        {
            "description": "Sample description 3",
            "mrid": "33776aaa-eba1-43c6-b7ca-f1faf16b209d",
            "name": "Sample name 3",
            "powerBidScheduleMrid": "aa4f4079-238e-4d56-b329-a581efd39a45",
            "resourceMrid": "abcc1ed5-f989-4092-a583-d1125266c382"
        }
    ],
    "powerShiftKeyList": [
        {
            "areaCode": "10YHU-MAVIR----U",
            "blockType": "explicitDistribution",
            "energyGroupMrid": "12dea474-139c-4a53-a3fd-844e540806b3",
            "resourceMrid": "bd3615c8-0c3e-45aa-acfd-9bb288538b5f",
            "resourceType": "generatingUnit",
            "value": {
                "activePowerMax": 183.86,
                "activePowerMin": 51.33,
                "blockOrder": 10,
                "participationFactor": 76.44,
                "shiftDirection": "up"
            }
        },
        {
            "areaCode": "10YHU-MAVIR----U",
            "blockType": "storageFlat",
            "energyGroupMrid": "e2f4e991-e1bf-4afd-94ba-07f7a9a27c94",
            "resourceMrid": "5e7e53dd-a532-4d9b-8dc2-31ed010dbdc8",
            "resourceType": "powerElectronicsUnit",
            "value": {
                "activePowerMax": 163.18,
                "activePowerMin": 81.93,
                "blockOrder": 2,
                "participationFactor": 20.41,
                "shiftDirection": "up"
            }
        },
        {
            "areaCode": "10YHU-MAVIR----U",
            "blockType": "generatorsRemainingCapacity",
            "energyGroupMrid": "7f44b94c-9083-4369-b6a2-920769021d8c",
            "resourceMrid": "9b8d0d26-3944-4277-92a0-12ce2b0c67ec",
            "resourceType": "powerElectronicsUnit",
            "value": {
                "activePowerMax": 122.25,
                "activePowerMin": 0.34,
                "blockOrder": 1,
                "participationFactor": 40.02,
                "shiftDirection": "up"
            }
        }
    ]
}