{
    "businessTimestamp": "2025-01-09T00:30:00",
    "documentId": "429d688c-4f68-43ea-95b5-776d231c1da3",
    "ownerCode": "10XDE-RWENET---W",
    "ownerRole": "Grid Manager",
    "timeHorizon": "dayAhead",
    "cdsId": "44e38fc1-8f14-408e-ad2a-56253c5b88d8",
    "comoDocumentType": "INTERNAL_RA_FLAT_LIST",
    "comoDocumentVersion": "R24Q4V1_0",
    "gridModelId": "fd27f4e1-39ba-472f-a42c-cee9c0e763eb",
    "remedialActionListId": "be6cc601-3594-406c-a3fa-b5a08db6d768",
    "timeInterval": {
        "from": "2025-01-09T00:00:00",
        "to": "2025-01-09T01:00:00"
    },
    "version": 1,
    "remedialActionGroupList": [
        {
            "description": "Sample description 1",
            "maxRegulatingDown": 90.18,
            "maxRegulatingUp": 66.57,
            "mrid": "0cb1564a-8e36-4df2-a7b7-6ed85701aa20",
            "name": "Sample name 1",
            "remedialActionDependencyList": [
                {
                    "enabled": false,
                    "kind": "inclusive",
                    "mrid": "81e7bb2e-26e9-4d64-8668-9fc5df2d9cfd",
                    "remedialActionMrid": "9ce27bc5-59aa-496f-baea-f1ca9f8be5fe"
                }
            ]
        }
    ],
    "gridStateAlterationRemedialActionList": [
        {
            "available": false,
            "description": "Sample description",
            "gridStateAlterationList": [
                {
                    "actionType": "energySourceAction",
                    "description": "Sample description 1",
                    "enabled": false,
                    "maximumPerDay": 18,
                    "minimumActivation": 25.41,
                    "mrid": "931a78a9-44c7-4051-b0f4-91e17d2328db",
                    "name": "Sample name 1",
                    "powerSystemResourceMrid": "beca0775-7363-4217-b76f-46583590c421",
                    "propertyReference": "2642fe9f-64f0-4238-a87a-5764fddc5a31",
                    "rangeConstraintList": [
                        {
                            "description": "Sample description 1",
                            "direction": "down",
                            "mrid": "071cad4b-0e6e-4bc5-9831-677f9085debc",
                            "name": "Sample name 1",
                            "propertyRangeType": "static",
                            "propertyReference": "4e9b1b0c-a465-49f6-b0b5-ef3eeb650f08",
                            "value": 65.52,
                            "valueKind": "incremental"
                        },
                        {
                            "description": "Sample description 2",
                            "direction": "up",
                            "mrid": "7f5269c2-8b4e-4ac4-b188-3260e8465102",
                            "name": "Sample name 2",
                            "propertyRangeType": "intertemporal",
                            "propertyReference": "47a2901e-d740-4236-a373-b33f15176dde",
                            "value": 66.86,
                            "valueKind": "incrementalPercentage"
                        }
                    ],
                    "timePerStage": 10.19
                },
                {
                    "actionType": "tapPositionAction",
                    "description": "Sample description 2",
                    "enabled": true,
                    "maximumPerDay": 22,
                    "minimumActivation": 30.21,
                    "mrid": "73133402-06e1-4750-bc66-0bd515c6e242",
                    "name": "Sample name 2",
                    "powerSystemResourceMrid": "85964b90-391f-4472-a2e9-08a1691613d7",
                    "propertyReference": "9563e45c-7f3f-4510-a779-0ae5afa68e97",
                    "rangeConstraintList": [
                        {
                            "description": "Sample description 1",
                            "direction": "upAndDown",
                            "mrid": "6fcfd174-783e-4af5-b5e8-8936f350d374",
                            "name": "Sample name 1",
                            "propertyRangeType": "static",
                            "propertyReference": "ef953916-00ec-4e17-9389-f877a6591b81",
                            "value": 85.7,
                            "valueKind": "incrementalPercentage"
                        },
                        {
                            "description": "Sample description 2",
                            "direction": "up",
                            "mrid": "26fd9eba-c060-4064-9610-4e5980036d03",
                            "name": "Sample name 2",
                            "propertyRangeType": "static",
                            "propertyReference": "1bc990f7-3703-4275-8fa8-d2cfef598026",
                            "value": 83.49,
                            "valueKind": "absolute"
                        },
                        {
                            "description": "Sample description 3",
                            "direction": "up",
                            "mrid": "7f901aff-2d3c-4396-80c2-bdc0990ce307",
                            "name": "Sample name 3",
                            "propertyRangeType": "intertemporal",
                            "propertyReference": "0fea50bb-97b5-4205-a4a2-b12357db66d7",
                            "value": 7.56,
                            "valueKind": "incremental"
                        }
                    ],
                    "timePerStage": 75.61
                }
            ],
            "impactThresholdMargin": 3.19,
            "isCrossBorderRelevant": false,
            "isManual": true,
            "kind": "preventive",
            "mrid": "9ce27bc5-59aa-496f-baea-f1ca9f8be5fe",
            "name": "Sample name",
            "penaltyFactor": 32.67,
            "regionCode": "a48055ab-c982-4d1b-88be-196d5b12dd9b",
            "systemOperatorCode": "e1a850f9-9979-4849-bf24-cda0d8e9fe08",
            "timeToImplement": 42.35
        }
    ],
    "powerRemedialActionList": [
        {
            "available": true,
            "biddingZoneCode": "ef790e5a-ec07-457a-ae89-6322f5382ad1",
            "description": "Sample description 1",
            "glskStrategy": "explicitSchedule",
            "impactThresholdMargin": 72.08,
            "isCrossBorderRelevant": true,
            "isManual": true,
            "kind": "preventive",
            "maxEconomicP": 31.83,
            "maxRegulatingDown": 86.57,
            "maxRegulatingUp": 36.72,
            "minEconomicP": 43.54,
            "mrid": "5d41a193-7e0f-4ec2-b690-c2f07e727d32",
            "name": "Sample name 1",
            "penaltyFactor": 66.32,
            "powerRemedialActionType": "redispatch",
            "regionCode": "fe2e2ec2-bcd8-48ba-bb80-bf22d3366e20",
            "shiftMethod": "shared",
            "systemOperatorCode": "6ad9b5f0-4e3a-458a-a30c-6f6f3bf02035",
            "timeToImplement": 3.27
        },
        {
            "available": true,
            "biddingZoneCode": "abfa7120-ccf1-4cb8-a79c-0c181d7ca4a5",
            "description": "Sample description 2",
            "glskStrategy": "generatorPmax",
            "impactThresholdMargin": 60.53,
            "isCrossBorderRelevant": true,
            "isManual": false,
            "kind": "preventive",
            "maxEconomicP": 61.55,
            "maxRegulatingDown": 44.81,
            "maxRegulatingUp": 36.49,
            "minEconomicP": 42.69,
            "mrid": "713afeee-8803-468c-8733-ce9e65c5f2e5",
            "name": "Sample name 2",
            "penaltyFactor": 71.84,
            "powerRemedialActionType": "redispatch",
            "regionCode": "3147d792-20ab-4ede-bb31-2b29334dac64",
            "shiftMethod": "shared",
            "systemOperatorCode": "18e1e235-f567-46b5-8c04-16ae7450a205",
            "timeToImplement": 96.63
        },
        {
            "available": true,
            "biddingZoneCode": "f7b04d5e-a31a-4d25-be51-341669d60c3c",
            "description": "Sample description 3",
            "glskStrategy": "generatorPmax",
            "impactThresholdMargin": 67.94,
            "isCrossBorderRelevant": true,
            "isManual": true,
            "kind": "preventive",
            "maxEconomicP": 28.3,
            "maxRegulatingDown": 1.51,
            "maxRegulatingUp": 34.99,
            "minEconomicP": 99.6,
            "mrid": "566c8628-6685-4b20-a41a-7e3f1a4fb59c",
            "name": "Sample name 3",
            "penaltyFactor": 55.3,
            "powerRemedialActionType": "redispatch",
            "regionCode": "d2b5e2bc-a30d-4c06-8bf0-8d565b79c5b3",
            "shiftMethod": "shared",
            "systemOperatorCode": "c48995f2-64ca-49db-8b5e-060eb49e028f",
            "timeToImplement": 55.74
        }
    ],
    "contingencyWithRemedialActionList": [
        {
            "combinationConstraintKind": "excluded",
            "contingencyMrid": "2fb9ac66-b02d-4684-b2af-ebbe857c2451",
            "enabled": true,
            "mrid": "5bdb9d70-ae7d-498b-b99e-ecfa4660b129",
            "remedialActionMrid": "2618d83a-babd-4c61-ad5b-16acb3669ab6"
        },
        {
            "combinationConstraintKind": "considered",
            "contingencyMrid": "bcfad9e3-e628-44a6-be29-263465725734",
            "enabled": false,
            "mrid": "31633733-ebd3-4002-9c86-f17e1cdd29e2",
            "remedialActionMrid": "99e45685-7440-4b2a-80e1-6c63b426297b"
        }
    ],
    "powerBidScheduleList": [
        {
            "currency": "GBP",
            "description": "Sample description 1",
            "direction": "none",
            "glskBidActionDistributionList": [
                {
                    "description": "Sample description 1",
                    "energyBlockOrderMrid": "fed30c23-55f2-42eb-afd8-d1ded444d1dc",
                    "energyConsumerMrid": "10c3e4d1-31e1-4763-a0e2-191fe180860b",
                    "energyGroupMrid": "52837a59-c9c5-448d-8759-06d0076dde30",
                    "generatingUnitMrid": "68df47fc-49f8-4408-920a-c53861505ec1",
                    "glskScheduleMrid": "92b99013-e00f-4d2f-977a-1d159b462aee",
                    "hydroPumpMrid": "845f0cea-f721-46f1-827b-e977654e47de",
                    "mrid": "26eeb2f9-a8b0-4d34-8e17-158ae13ffb85",
                    "name": "Sample name 1",
                    "participationFactor": 26.78,
                    "powerElectronicsUnitMrid": "0f2d81e8-d505-4d65-b762-a7ee95a89191",
                    "scheduleResourceMrid": "13ce1929-8284-47bc-b58f-2252bb7f23d6"
                }
            ],
            "interpolationKind": "none",
            "isOffer": false,
            "leadTime": 32.05,
            "maximumUpTime": 97.51,
            "minimumActivationP": 30.48,
            "minimumOffTime": 40.09,
            "minimumUpTime": 50.84,
            "mrid": "5875a5be-b43a-4915-b00d-e1d2e81d1bca",
            "name": "Sample name 1",
            "p": 57.83,
            "powerBidDependencyList": [
                {
                    "delay": 72.17,
                    "dependentPowerGridScheduleMrid": "74f17aeb-a8e3-4757-aed7-cc02118b5305",
                    "kind": "inclusive",
                    "mrid": "50fb8acb-c430-4338-b785-ad27ae42d3d0"
                },
                {
                    "delay": 92.21,
                    "dependentPowerGridScheduleMrid": "74a1baaf-7b5d-4e22-a4bf-e0aaf6abed83",
                    "kind": "inclusive",
                    "mrid": "615f65a8-f9b5-4658-9c01-40182d314d7a"
                },
                {
                    "delay": 91.98,
                    "dependentPowerGridScheduleMrid": "b2240a6b-d2bc-4bf3-9e2a-099de8713765",
                    "kind": "inclusive",
                    "mrid": "b02db891-8dc3-42ed-aea8-c40d5fb16ecd"
                }
            ],
            "powerRemedialActionMrid": "b33074bc-bcb8-4947-8e5b-6a8b7f60b784",
            "price": 84.6,
            "priority": 6,
            "reservePrice": 58.8,
            "shutdownCost": 31.23,
            "startUpCost": 61.92,
            "stepIncrementP": 3.55,
            "totalMaximumEnergy": 88.42,
            "totalMinimumEnergy": 8.87
        }
    ],
    "powerShiftKeyDistributionList": [
        {
            "description": "Sample description 1",
            "mrid": "ae6437d4-d1d7-4765-8a27-9bbfb292c915",
            "name": "Sample name 1",
            "powerBidScheduleMrid": "501a1aa9-3c92-44f1-931d-2862434a9126",
            "resourceMrid": "3b5d5500-c703-4028-94e2-a6d22e31eaf3"
        }
    ],
    "powerShiftKeyList": [
        {
            "areaCode": "10Y1001A1001A82H",
            "blockType": "generatorsPmin",
            "energyGroupMrid": "e58e0bbe-da5c-4264-96ea-c0da369f2b72",
            "resourceMrid": "ed4b5451-01e0-46a7-a8b2-3bc0fd13ca87",
            "resourceType": "hydroPump",
            "value": {
                "activePowerMax": null,
                "activePowerMin": null,
                "blockOrder": 3,
                "participationFactor": 73.52,
                "shiftDirection": "up"
            }
        },
        {
            "areaCode": "10Y1001A1001A82H",
            "blockType": "explicitDistribution",
            "energyGroupMrid": "8819b9b9-293b-42d0-aaf7-789686ebe5d2",
            "resourceMrid": "cb00841d-ab43-405a-a19e-eb3cf689a457",
            "resourceType": "energyGroup",
            "value": {
                "activePowerMax": null,
                "activePowerMin": null,
                "blockOrder": 2,
                "participationFactor": 8.71,
                "shiftDirection": "upAndDown"
            }
        },
        {
            "areaCode": "10Y1001A1001A82H",
            "blockType": "generatorsFlat",
            "energyGroupMrid": "22320b98-2eb2-4272-b090-9b9baadf5e55",
            "resourceMrid": "41f7650b-b0e2-47ba-abc3-54c734f181d2",
            "resourceType": "generatingUnit",
            "value": {
                "activePowerMax": 58.06,
                "activePowerMin": 48.87,
                "blockOrder": 6,
                "participationFactor": 75.86,
                "shiftDirection": "down"
            }
        }
    ]
}