{
    "businessTimestamp": "2025-01-08T00:30:00",
    "documentId": "2f851d29-9bc1-4875-adb6-3627520e0570",
    "ownerCode": "10XHR-HEP-OPS--A",
    "ownerRole": "System Operator",
    "timeHorizon": "dayAhead",
    "cdsId": "72cc713d-2e86-4265-a2db-3fedc81a0036",
    "comoDocumentType": "INTERNAL_RA_FLAT_LIST",
    "comoDocumentVersion": "R24Q4V1_0",
    "gridModelId": "4b86cd06-b21d-4a66-8912-4a5f29a56aa9",
    "remedialActionListId": "1d3e7484-3369-4971-a738-737c9a312b19",
    "timeInterval": {
        "from": "2025-01-08T00:00:00",
        "to": "2025-01-08T01:00:00"
    },
    "version": 1,
    "remedialActionGroupList": [
        {
            "description": "Sample description 1",
            "maxRegulatingDown": 18.33,
            "maxRegulatingUp": 97.17,
            "mrid": "b9ac5a75-a0c9-467e-ad97-0f1ab2c0ebbd",
            "name": "Sample name 1",
            "remedialActionDependencyList": [
                {
                    "enabled": false,
                    "kind": "exclusive",
                    "mrid": "4cfa104b-76ed-4354-91d3-e4f928883092",
                    "remedialActionMrid": "01c3cf84-c001-45ff-8842-a9f8f2ccbb59"
                },
                {
                    "enabled": true,
                    "kind": "exclusive",
                    "mrid": "dbeda7da-0b72-4607-9602-7b02ea9649fa",
                    "remedialActionMrid": "1f98d53e-24f1-4adf-9513-c4a50137c067"
                },
                {
                    "enabled": true,
                    "kind": "restrictive",
                    "mrid": "b8787984-58dd-4405-8993-bd515890d2fb",
                    "remedialActionMrid": "49270a2a-c167-48b6-8664-12549b1fc935"
                }
            ]
        }
    ],
    "gridStateAlterationRemedialActionList": [
        {
            "available": true,
            "description": "Sample description",
            "gridStateAlterationList": [
                {
                    "actionType": "shuntCompensatorAction",
                    "description": "Sample description 1",
                    "enabled": true,
                    "maximumPerDay": 12,
                    "minimumActivation": 56.48,
                    "mrid": "db2d9af1-11ff-4964-afdf-cf30ead9adb4",
                    "name": "Sample name 1",
                    "powerSystemResourceMrid": "a2cc434b-563f-4680-98a2-5e9cb11fa7d2",
                    "propertyReference": "a8a7f94e-1293-47ab-8be6-f46ca4c05431",
                    "rangeConstraintList": [
                        {
                            "description": "Sample description 1",
                            "direction": "down",
                            "mrid": "45ac07a3-ef18-4b23-b2f2-c6bf34a13e1f",
                            "name": "Sample name 1",
                            "propertyRangeType": "static",
                            "propertyReference": "29183d65-40a1-4adc-b073-cb197de87c2e",
                            "value": 64.09,
                            "valueKind": "absolute"
                        },
                        {
                            "description": "Sample description 2",
                            "direction": "none",
                            "mrid": "00696086-377d-4786-9e2b-5773b1d4f045",
                            "name": "Sample name 2",
                            "propertyRangeType": "static",
                            "propertyReference": "08c7e58c-185c-4abd-a67a-5d7945519d58",
                            "value": 7.85,
                            "valueKind": "absolute"
                        },
                        {
                            "description": "Sample description 3",
                            "direction": "down",
                            "mrid": "09c6a3b3-2690-4660-a3d4-92b477ebd2cc",
                            "name": "Sample name 3",
                            "propertyRangeType": "static",
                            "propertyReference": "46688021-0f92-446d-bdd1-c031270df2a1",
                            "value": 31.52,
                            "valueKind": "absolute"
                        }
                    ],
                    "timePerStage": 80.02
                }
            ],
            "impactThresholdMargin": 17.8,
            "isCrossBorderRelevant": true,
            "isManual": true,
            "kind": "curative",
            "mrid": "01c3cf84-c001-45ff-8842-a9f8f2ccbb59",
            "name": "Sample name",
            "penaltyFactor": 21.6,
            "regionCode": "d22bcc65-0895-420d-ac2c-08b2fa2736a5",
            "systemOperatorCode": "bd38db39-70af-409c-ac2f-6d75f92bd8d0",
            "timeToImplement": 71.01
        },
        {
            "available": false,
            "description": "Sample description",
            "gridStateAlterationList": [
                {
                    "actionType": "acdcConverterAction",
                    "description": "Sample description 1",
                    "enabled": false,
                    "maximumPerDay": 8,
                    "minimumActivation": 36.43,
                    "mrid": "238ff4f2-f26b-4618-bba8-eaf258121824",
                    "name": "Sample name 1",
                    "powerSystemResourceMrid": "4ba87b6c-a2dd-48b1-8b62-bcdca663d9dc",
                    "propertyReference": "a46c280e-279f-4a92-b5d6-083c78a64e55",
                    "rangeConstraintList": [
                        {
                            "description": "Sample description 1",
                            "direction": "down",
                            "mrid": "58636a60-c9b1-4c98-99a9-24c2d4cda947",
                            "name": "Sample name 1",
                            "propertyRangeType": "intertemporal",
                            "propertyReference": "19e3e0d9-74d5-4ab4-9b54-35da328e288d",
                            "value": 97.95,
                            "valueKind": "incrementalPercentage"
                        }
                    ],
                    "timePerStage": 22.29
                },
                {
                    "actionType": "batteryUnitAction",
                    "description": "Sample description 2",
                    "enabled": true,
                    "maximumPerDay": 6,
                    "minimumActivation": 85.22,
                    "mrid": "ffb02497-dd74-4a14-875e-60d4ea8a00eb",
                    "name": "Sample name 2",
                    "powerSystemResourceMrid": "ebea0162-075c-46a4-97d9-95bf2432e59d",
                    "propertyReference": "c51f41d3-e8ea-45aa-bf7c-2441908c8150",
                    "rangeConstraintList": [
                        {
                            "description": "Sample description 1",
                            "direction": "down",
                            "mrid": "f91d6159-9de1-45db-a559-6edbb2d57d4a",
                            "name": "Sample name 1",
                            "propertyRangeType": "intertemporal",
                            "propertyReference": "60348b49-c575-4877-8f1d-a4599d006eb6",
                            "value": 94.57,
                            "valueKind": "incremental"
                        }
                    ],
                    "timePerStage": 27.5
                },
                {
                    "actionType": "equipmentControllerAction",
                    "description": "Sample description 3",
                    "enabled": true,
                    "maximumPerDay": 12,
                    "minimumActivation": 47.85,
                    "mrid": "6270c683-7b39-43da-9c3c-da36c1f95985",
                    "name": "Sample name 3",
                    "powerSystemResourceMrid": "539df6e8-e248-4127-9ec3-b85ae14062a4",
                    "propertyReference": "942b91b7-8862-4333-a88f-f4947496dcdb",
                    "rangeConstraintList": [
                        {
                            "description": "Sample description 1",
                            "direction": "upAndDown",
                            "mrid": "e758d654-26fe-44a7-aa86-3fff8e263254",
                            "name": "Sample name 1",
                            "propertyRangeType": "static",
                            "propertyReference": "4812ab51-2904-4a9b-beb6-2a603ebfa21b",
                            "value": 10.17,
                            "valueKind": "incremental"
                        }
                    ],
                    "timePerStage": 39.57
                }
            ],
            "impactThresholdMargin": 50.26,
            "isCrossBorderRelevant": false,
            "isManual": false,
            "kind": "curative",
            "mrid": "1f98d53e-24f1-4adf-9513-c4a50137c067",
            "name": "Sample name",
            "penaltyFactor": 56.86,
            "regionCode": "2abfffa6-5ad5-43ae-bd51-81d68bb651b2",
            "systemOperatorCode": "c9be62cb-b6e4-46cf-83ca-9f66a0c71b9d",
            "timeToImplement": 64.36
        },
        {
            "available": true,
            "description": "Sample description",
            "gridStateAlterationList": [
                {
                    "actionType": "acdcConverterAction",
                    "description": "Sample description 1",
                    "enabled": false,
                    "maximumPerDay": 8,
                    "minimumActivation": 42.57,
                    "mrid": "9862f267-094b-496d-b88d-3df277aa819a",
                    "name": "Sample name 1",
                    "powerSystemResourceMrid": "2c9e6093-32a0-4636-a2c2-20aaab7ef4ed",
                    "propertyReference": "86dba86f-3b39-4302-9f88-c1b451623075",
                    "rangeConstraintList": [
                        {
                            "description": "Sample description 1",
                            "direction": "up",
                            "mrid": "c4ff8998-fc3b-49df-aece-4e77cc8f4665",
                            "name": "Sample name 1",
                            "propertyRangeType": "intertemporal",
                            "propertyReference": "653f980c-0d45-4f97-936d-57d056d0dbc3",
                            "value": 73.16,
                            "valueKind": "incremental"
                        }
                    ],
                    "timePerStage": 56.05
                },
                {
                    "actionType": "acdcConverterAction",
                    "description": "Sample description 2",
                    "enabled": true,
                    "maximumPerDay": 9,
                    "minimumActivation": 73.11,
                    "mrid": "0a7b3e45-d301-4809-9695-543866f1e948",
                    "name": "Sample name 2",
                    "powerSystemResourceMrid": "88601ac3-668b-4358-969a-716f3dfdaecf",
                    "propertyReference": "0063688a-9b07-48a1-91e5-00166f1dc95a",
                    "rangeConstraintList": [
                        {
                            "description": "Sample description 1",
                            "direction": "none",
                            "mrid": "deea7bc2-584d-4561-8670-989ec3c56ba9",
                            "name": "Sample name 1",
                            "propertyRangeType": "intertemporal",
                            "propertyReference": "dbbbc782-2659-401d-85a5-85ffc66e07c1",
                            "value": 18.75,
                            "valueKind": "incrementalPercentage"
                        },
                        {
                            "description": "Sample description 2",
                            "direction": "down",
                            "mrid": "50e7e76f-59fc-4111-ad30-4a835aec9bc8",
                            "name": "Sample name 2",
                            "propertyRangeType": "intertemporal",
                            "propertyReference": "82413457-dda0-47c5-8eb9-6f6c100aa6ae",
                            "value": 18.16,
                            "valueKind": "absolute"
                        },
                        {
                            "description": "Sample description 3",
                            "direction": "upAndDown",
                            "mrid": "c4f1011d-7069-47ce-87e1-65bdc9a69c92",
                            "name": "Sample name 3",
                            "propertyRangeType": "intertemporal",
                            "propertyReference": "dbaf7584-5f54-4238-92f3-0c8c5382ff4f",
                            "value": 93.55,
                            "valueKind": "incrementalPercentage"
                        }
                    ],
                    "timePerStage": 74.18
                }
            ],
            "impactThresholdMargin": 38.44,
            "isCrossBorderRelevant": true,
            "isManual": true,
            "kind": "curative",
            "mrid": "49270a2a-c167-48b6-8664-12549b1fc935",
            "name": "Sample name",
            "penaltyFactor": 73.3,
            "regionCode": "2e6944a1-43b8-4ace-8879-4507309e4ca4",
            "systemOperatorCode": "e885ee9d-dba4-454b-882b-ece3de54bed5",
            "timeToImplement": 64.4
        }
    ],
    "powerRemedialActionList": [
        {
            "available": false,
            "biddingZoneCode": "c7a64566-856d-4301-9e87-ce557bf70fa2",
            "description": "Sample description 1",
            "glskStrategy": "proportionalForRemainingCapacity",
            "impactThresholdMargin": 11.79,
            "isCrossBorderRelevant": true,
            "isManual": false,
            "kind": "preventive",
            "maxEconomicP": 87.18,
            "maxRegulatingDown": 37.57,
            "maxRegulatingUp": 51.17,
            "minEconomicP": 79.23,
            "mrid": "d63f2bfb-ec36-4a71-b3e2-61f8f56949c3",
            "name": "Sample name 1",
            "penaltyFactor": 33.68,
            "powerRemedialActionType": "redispatch",
            "regionCode": "a98a8d97-7e2e-4539-ae2a-9cc523142b8b",
            "shiftMethod": "shared",
            "systemOperatorCode": "5670259e-78e3-4dec-b677-f749f37008d5",
            "timeToImplement": 13.25
        },
        {
            "available": true,
            "biddingZoneCode": "d05c5fee-d6c6-44bd-b2db-acaad14f8e57",
            "description": "Sample description 2",
            "glskStrategy": "generatorFlat",
            "impactThresholdMargin": 74.43,
            "isCrossBorderRelevant": false,
            "isManual": true,
            "kind": "preventive",
            "maxEconomicP": 56.69,
            "maxRegulatingDown": 89.81,
            "maxRegulatingUp": 92.98,
            "minEconomicP": 72.96,
            "mrid": "b809f4ad-9252-4032-a422-8a93acfb8f79",
            "name": "Sample name 2",
            "penaltyFactor": 2.7,
            "powerRemedialActionType": "countertrade",
            "regionCode": "3623fef8-11b4-4b6e-8a6f-75b48f9af198",
            "shiftMethod": "priority",
            "systemOperatorCode": "07cae313-cdea-478c-a14b-1e18427d5524",
            "timeToImplement": 74.07
        },
        {
            "available": false,
            "biddingZoneCode": "967263e7-f36b-43f8-8eba-41c7c78ec4cb",
            "description": "Sample description 3",
            "glskStrategy": "proportionalForRemainingCapacity",
            "impactThresholdMargin": 23.76,
            "isCrossBorderRelevant": true,
            "isManual": true,
            "kind": "curative",
            "maxEconomicP": 91.89,
            "maxRegulatingDown": 44.89,
            "maxRegulatingUp": 45.09,
            "minEconomicP": 77.68,
            "mrid": "89847257-118a-4b7b-ad44-0695933f697c",
            "name": "Sample name 3",
            "penaltyFactor": 96.4,
            "powerRemedialActionType": "countertrade",
            "regionCode": "b507d30e-8a99-4f0e-b552-c2739631ae1f",
            "shiftMethod": "shared",
            "systemOperatorCode": "90f54aff-f3b2-46f7-9d5c-b3723b3e0e65",
            "timeToImplement": 94.75
        }
    ],
    "contingencyWithRemedialActionList": [
        {
            "combinationConstraintKind": "excluded",
            "contingencyMrid": "699532c0-fb40-4acb-a798-2530dea460fa",
            "enabled": false,
            "mrid": "63a5adb2-7ebe-4598-b430-99d809753906",
            "remedialActionMrid": "bfd69341-8518-47e6-af7b-37ddebe6f751"
        },
        {
            "combinationConstraintKind": "considered",
            "contingencyMrid": "39d6be10-85ca-4d65-a17d-02098532b304",
            "enabled": false,
            "mrid": "d4693c90-477b-4543-b087-7640ce7f2a03",
            "remedialActionMrid": "f2245127-629a-4b4d-9831-98a5f3136c0f"
        }
    ],
    "powerBidScheduleList": [
        {
            "currency": "EUR",
            "description": "Sample description 1",
            "direction": "up",
            "glskBidActionDistributionList": [
                {
                    "description": "Sample description 1",
                    "energyBlockOrderMrid": "f0bc0236-c7a1-4432-95ae-57eccbb5d64a",
                    "energyConsumerMrid": "a513a058-5141-4dca-8d8d-d6fddaedbdee",
                    "energyGroupMrid": "00618624-dbf7-4f48-85c6-61e1318b131e",
                    "generatingUnitMrid": "a0bb6486-cf52-40c2-a7ca-3610713424f4",
                    "glskScheduleMrid": "572eae6b-f223-4ca1-8844-27dc396d6f5e",
                    "hydroPumpMrid": "340ec3d4-f8f7-4e7f-9eed-61d57129027f",
                    "mrid": "d0933e76-10cf-40e1-8c6c-b41d0ac7d168",
                    "name": "Sample name 1",
                    "participationFactor": 88.59,
                    "powerElectronicsUnitMrid": "0b0b4039-fd3c-42ff-ad08-8747ab95f4fc",
                    "scheduleResourceMrid": "30e51689-1bc8-4ba3-ab51-f464f2f6d448"
                },
                {
                    "description": "Sample description 2",
                    "energyBlockOrderMrid": "1214c94e-aab3-4716-97c5-5b1b341be61a",
                    "energyConsumerMrid": "403020aa-c1be-46a7-8df3-ad91d6180f9f",
                    "energyGroupMrid": "bf6be8a8-d172-45e7-9cbe-dd3c88be4a39",
                    "generatingUnitMrid": "f4b897d6-8a12-4b33-86c5-62a51b4ec31c",
                    "glskScheduleMrid": "32e6ccfd-499a-4a1e-bb45-8021dfbc0e6b",
                    "hydroPumpMrid": "3550ef29-9533-4485-bfe1-16c7dacb2c33",
                    "mrid": "09aa9802-24f8-47a2-b752-ae39e60ef5d9",
                    "name": "Sample name 2",
                    "participationFactor": 57.36,
                    "powerElectronicsUnitMrid": "a2881deb-2061-412a-bafa-564df92c08ef",
                    "scheduleResourceMrid": "462f58ee-5fdf-4ad6-839b-60bdbb2216d6"
                }
            ],
            "interpolationKind": "linear",
            "isOffer": true,
            "leadTime": 41.72,
            "maximumUpTime": 33.44,
            "minimumActivationP": 24.13,
            "minimumOffTime": 35.39,
            "minimumUpTime": 67.98,
            "mrid": "b07b574b-3d14-46e4-a906-da627a31b176",
            "name": "Sample name 1",
            "p": 40.31,
            "powerBidDependencyList": [
                {
                    "delay": 47.94,
                    "dependentPowerGridScheduleMrid": "3c83c2e6-ca13-429f-ab2d-5b6f236f1834",
                    "kind": "exclusive",
                    "mrid": "20ec98af-8270-48e7-b16a-d300ad0dc79f"
                },
                {
                    "delay": 12.6,
                    "dependentPowerGridScheduleMrid": "1100dd95-c340-4347-9548-39cae8b47ca3",
                    "kind": "restrictive",
                    "mrid": "0b02655e-30a4-4a79-a434-104d1f385002"
                }
            ],
            "powerRemedialActionMrid": "442c5fc5-c0ea-480e-8755-960b33acf9b8",
            "price": 50.51,
            "priority": 6,
            "reservePrice": 70.69,
            "shutdownCost": 0.08,
            "startUpCost": 82.91,
            "stepIncrementP": 50.49,
            "totalMaximumEnergy": 89.44,
            "totalMinimumEnergy": 80.38
        }
    ],
    "powerShiftKeyDistributionList": [
        {
            "description": "Sample description 1",
            "mrid": "18eeef8e-33f3-4f2a-aa9d-596b90d1609e",
            "name": "Sample name 1",
            "powerBidScheduleMrid": "cbf68c70-3f08-471f-92f0-8193bd20d860",
            "resourceMrid": "b07a236b-4872-4a6b-a96b-c2ae6a9db40f"
        }
    ],
    "powerShiftKeyList": [
        {
            "areaCode": "10YHR-HEP------M",
            "blockType": "generatorsPmax",
            "energyGroupMrid": "9d6918bb-fbe4-4337-ac1b-47810cb746a7",
            "resourceMrid": "bac68056-e43e-4fbf-86fb-b5f31d894528",
            "resourceType": "energyGroup",
            "value": {
                "activePowerMax": 177.72,
                "activePowerMin": 0.09,
                "blockOrder": 6,
                "participationFactor": 45.82,
                "shiftDirection": "up"
            }
        },
        {
            "areaCode": "10YHR-HEP------M",
            "blockType": "generatorsRemainingCapacity",
            "energyGroupMrid": "8ff81929-fc93-4a9e-a421-743b7734489b",
            "resourceMrid": "42b471ed-b64a-426f-bacd-af42d18baab7",
            "resourceType": "energyConsumer",
            "value": {
                "activePowerMax": null,
                "activePowerMin": null,
                "blockOrder": 7,
                "participationFactor": 35.48,
                "shiftDirection": "down"
            }
        },
        {
            "areaCode": "10YHR-HEP------M",
            "blockType": "explicitInstruction",
            "energyGroupMrid": "5e5bf979-8932-463f-bca6-13e8a45858dd",
            "resourceMrid": "0524bbad-b431-435b-a2c5-32c8f182ac06",
            "resourceType": "hydroPump",
            "value": {
                "activePowerMax": null,
                "activePowerMin": null,
                "blockOrder": 10,
                "participationFactor": 65.94,
                "shiftDirection": "down"
            }
        }
    ]
}