{
    "businessTimestamp": "2025-01-01T00:30:00",
    "documentId": "1a4b4494-e6e7-4361-8c00-61558e2fd8a4",
    "ownerCode": "10YDE-VE-------2",
    "ownerRole": "System Operator",
    "timeHorizon": "dayAhead",
    "cdsId": "cbd1e59e-0fb2-4a17-bd7a-e85a104de5d6",
    "comoDocumentType": "INTERNAL_RA_FLAT_LIST",
    "comoDocumentVersion": "R24Q4V1_0",
    "gridModelId": "052f6ab2-f4a4-4fd0-ac9a-50b5ba087e2f",
    "remedialActionListId": "4133ca37-9655-42d7-ae6d-f6eb5b72e5c3",
    "timeInterval": {
        "from": "2025-01-01T00:00:00",
        "to": "2025-01-01T01:00:00"
    },
    "version": 1,
    "remedialActionGroupList": [
        {
            "description": "Sample description 1",
            "maxRegulatingDown": 28.37,
            "maxRegulatingUp": 28.06,
            "mrid": "395a0b0d-5431-4060-ac56-5f46a71c87b0",
            "name": "Sample name 1",
            "remedialActionDependencyList": [
                {
                    "enabled": false,
                    "kind": "inclusive",
                    "mrid": "3d500ecb-68f1-4f20-aff8-b7aa7669fa52",
                    "remedialActionMrid": "7546c944-2c44-4e90-ba8e-2b55439958a2"
                },
                {
                    "enabled": true,
                    "kind": "none",
                    "mrid": "b8eb9817-1204-43e2-a5ae-f7bb9e0288f1",
                    "remedialActionMrid": "1927608a-5973-4ec4-b0fe-d142e9fe427f"
                },
                {
                    "enabled": false,
                    "kind": "inclusive",
                    "mrid": "ba991dee-ff49-4608-9c43-4b4cc4a3bf29",
                    "remedialActionMrid": "e143f435-6cde-4493-bb1e-705c06e3c9fb"
                }
            ]
        }
    ],
    "gridStateAlterationRemedialActionList": [
        {
            "available": true,
            "description": "Sample description",
            "gridStateAlterationList": [
                {
                    "actionType": "rotatingMachineAction",
                    "description": "Sample description 1",
                    "enabled": false,
                    "maximumPerDay": 20,
                    "minimumActivation": 0.58,
                    "mrid": "005e214d-6991-49ed-bd6b-04820a8ee5ec",
                    "name": "Sample name 1",
                    "powerSystemResourceMrid": "fca432a1-fad8-4ac7-8885-c86151d64af0",
                    "propertyReference": "85639522-0639-4161-aadd-f2d59f19bf93",
                    "rangeConstraintList": [
                        {
                            "description": "Sample description 1",
                            "direction": "up",
                            "mrid": "0dcd9f6c-a256-45bc-991a-ec9529db8207",
                            "name": "Sample name 1",
                            "propertyRangeType": "static",
                            "propertyReference": "8e35384d-4272-4d70-bd59-fd77a61353b5",
                            "value": 70.25,
                            "valueKind": "incrementalPercentage"
                        },
                        {
                            "description": "Sample description 2",
                            "direction": "upAndDown",
                            "mrid": "a61af913-f046-47f1-a45f-f260082f7145",
                            "name": "Sample name 2",
                            "propertyRangeType": "intertemporal",
                            "propertyReference": "60bccc7c-2f9b-4392-b520-07f0580a3f14",
                            "value": 20.47,
                            "valueKind": "incremental"
                        },
                        {
                            "description": "Sample description 3",
                            "direction": "upAndDown",
                            "mrid": "06cdc8cd-4045-406d-adc0-a02234209a27",
                            "name": "Sample name 3",
                            "propertyRangeType": "static",
                            "propertyReference": "d622b07b-2468-4746-a545-375531c57419",
                            "value": 38.83,
                            "valueKind": "incrementalPercentage"
                        }
                    ],
                    "timePerStage": 55.48
                },
                {
                    "actionType": "topologyAction",
                    "description": "Sample description 2",
                    "enabled": false,
                    "maximumPerDay": 14,
                    "minimumActivation": 88.97,
                    "mrid": "1bf093fd-1ac4-4dfb-8c5b-6792f55afd4f",
                    "name": "Sample name 2",
                    "powerSystemResourceMrid": "e4e85c31-80df-4724-8fd8-4d318ea8c337",
                    "propertyReference": "c759e291-3a9f-482a-8bee-490c6ec37236",
                    "rangeConstraintList": [
                        {
                            "description": "Sample description 1",
                            "direction": "up",
                            "mrid": "fc0a6c74-0a0f-4beb-8376-008f8ba4eb4f",
                            "name": "Sample name 1",
                            "propertyRangeType": "intertemporal",
                            "propertyReference": "a0e55948-64ed-453b-b022-f4b516c0eae6",
                            "value": 62.68,
                            "valueKind": "absolute"
                        },
                        {
                            "description": "Sample description 2",
                            "direction": "none",
                            "mrid": "4d4764bc-70a0-49e5-b392-4f219b387a20",
                            "name": "Sample name 2",
                            "propertyRangeType": "intertemporal",
                            "propertyReference": "5e0906f1-7c7c-4be5-89ab-31e3fd8bcafc",
                            "value": 43.68,
                            "valueKind": "absolute"
                        }
                    ],
                    "timePerStage": 60.84
                }
            ],
            "impactThresholdMargin": 38.5,
            "isCrossBorderRelevant": true,
            "isManual": false,
            "kind": "curative",
            "mrid": "7546c944-2c44-4e90-ba8e-2b55439958a2",
            "name": "Sample name",
            "penaltyFactor": 18.27,
            "regionCode": "d8035119-4f53-4420-9c7a-413a48370366",
            "systemOperatorCode": "a30f2269-8402-4f2c-8417-345b712305f1",
            "timeToImplement": 90.67
        },
        {
            "available": true,
            "description": "Sample description",
            "gridStateAlterationList": [
                {
                    "actionType": "powerElectronicsConnectionAction",
                    "description": "Sample description 1",
                    "enabled": false,
                    "maximumPerDay": 14,
                    "minimumActivation": 42.08,
                    "mrid": "da2c98cd-9960-4c25-bca8-a668daea56b2",
                    "name": "Sample name 1",
                    "powerSystemResourceMrid": "cbcf4bb7-e19e-47fc-83fe-83035621783e",
                    "propertyReference": "cfcb43bf-67f5-492e-87c9-275d02074001",
                    "rangeConstraintList": [
                        {
                            "description": "Sample description 1",
                            "direction": "up",
                            "mrid": "648a821a-caee-47d8-a025-f9f621d9d289",
                            "name": "Sample name 1",
                            "propertyRangeType": "intertemporal",
                            "propertyReference": "9ae60acd-09f0-4751-844e-ddc5b927c9a9",
                            "value": 69.7,
                            "valueKind": "incrementalPercentage"
                        },
                        {
                            "description": "Sample description 2",
                            "direction": "up",
                            "mrid": "7f2c3ca0-a0ee-4ab6-b60b-4faaf24918e9",
                            "name": "Sample name 2",
                            "propertyRangeType": "static",
                            "propertyReference": "b6e5cbcc-3b20-4623-af41-12228ffe3ca2",
                            "value": 10.53,
                            "valueKind": "incrementalPercentage"
                        },
                        {
                            "description": "Sample description 3",
                            "direction": "down",
                            "mrid": "41c475d9-3f47-4a12-b23c-d726a5c42701",
                            "name": "Sample name 3",
                            "propertyRangeType": "static",
                            "propertyReference": "4a6b0629-f2f5-41f1-a8f1-7391cebc0d70",
                            "value": 64.23,
                            "valueKind": "absolute"
                        }
                    ],
                    "timePerStage": 81.64
                }
            ],
            "impactThresholdMargin": 5.38,
            "isCrossBorderRelevant": true,
            "isManual": true,
            "kind": "preventive",
            "mrid": "1927608a-5973-4ec4-b0fe-d142e9fe427f",
            "name": "Sample name",
            "penaltyFactor": 86.5,
            "regionCode": "2d83b553-9641-4980-886b-f00fa7903113",
            "systemOperatorCode": "27c46ee7-e047-4519-9595-60743d415ed8",
            "timeToImplement": 14.05
        },
        {
            "available": false,
            "description": "Sample description",
            "gridStateAlterationList": [
                {
                    "actionType": "staticVarCompensatorAction",
                    "description": "Sample description 1",
                    "enabled": false,
                    "maximumPerDay": 24,
                    "minimumActivation": 88.28,
                    "mrid": "9987f47e-317c-46cd-b23e-c628e37dede1",
                    "name": "Sample name 1",
                    "powerSystemResourceMrid": "14cd16b9-44b2-4607-b917-aaaeaeeb5bee",
                    "propertyReference": "b7d2f9f8-96ca-4a02-9204-29df26985198",
                    "rangeConstraintList": [
                        {
                            "description": "Sample description 1",
                            "direction": "upAndDown",
                            "mrid": "49d453d1-ee29-4cef-89ee-67fe2467accc",
                            "name": "Sample name 1",
                            "propertyRangeType": "intertemporal",
                            "propertyReference": "9befec47-be0e-4057-8cd4-13e72a203d0f",
                            "value": 25.12,
                            "valueKind": "incremental"
                        },
                        {
                            "description": "Sample description 2",
                            "direction": "down",
                            "mrid": "ba2c499f-a2c3-41bc-9f82-8e775a2a43cb",
                            "name": "Sample name 2",
                            "propertyRangeType": "static",
                            "propertyReference": "13cdadf8-97d2-4815-8374-db776f70e1db",
                            "value": 99.55,
                            "valueKind": "incremental"
                        }
                    ],
                    "timePerStage": 76.5
                },
                {
                    "actionType": "acdcConverterAction",
                    "description": "Sample description 2",
                    "enabled": false,
                    "maximumPerDay": 16,
                    "minimumActivation": 70.0,
                    "mrid": "58474337-a1c8-479d-9adf-303948d58a65",
                    "name": "Sample name 2",
                    "powerSystemResourceMrid": "4d1e77a3-cc07-45f1-95d8-55d52d2e3f46",
                    "propertyReference": "193e99de-5309-41b9-b620-ce97b82e396a",
                    "rangeConstraintList": [
                        {
                            "description": "Sample description 1",
                            "direction": "upAndDown",
                            "mrid": "9b26ba0f-bb2c-489e-a9a8-495208aa2ae0",
                            "name": "Sample name 1",
                            "propertyRangeType": "intertemporal",
                            "propertyReference": "a516e628-99c1-4d6f-8627-07b377fc43b1",
                            "value": 41.91,
                            "valueKind": "absolute"
                        },
                        {
                            "description": "Sample description 2",
                            "direction": "up",
                            "mrid": "5278ae93-cf81-4087-891b-65e5254aa896",
                            "name": "Sample name 2",
                            "propertyRangeType": "static",
                            "propertyReference": "7a77ea55-9e12-49d5-9f8c-34451ea90911",
                            "value": 0.29,
                            "valueKind": "incremental"
                        },
                        {
                            "description": "Sample description 3",
                            "direction": "none",
                            "mrid": "3d4c15b7-8b0b-48d1-99a9-b6b1da439009",
                            "name": "Sample name 3",
                            "propertyRangeType": "intertemporal",
                            "propertyReference": "c1e936b6-e20a-4f64-b242-94669c62de31",
                            "value": 74.38,
                            "valueKind": "absolute"
                        }
                    ],
                    "timePerStage": 87.4
                }
            ],
            "impactThresholdMargin": 53.19,
            "isCrossBorderRelevant": false,
            "isManual": true,
            "kind": "curative",
            "mrid": "e143f435-6cde-4493-bb1e-705c06e3c9fb",
            "name": "Sample name",
            "penaltyFactor": 34.28,
            "regionCode": "27c5dcf9-9cad-4b04-a019-bf8ea53447b6",
            "systemOperatorCode": "9e43dab5-b33c-4047-9ad0-082129f0d833",
            "timeToImplement": 73.42
        }
    ],
    "powerRemedialActionList": [
        {
            "available": true,
            "biddingZoneCode": "29bbc052-091c-4d26-955b-1f66cb999696",
            "description": "Sample description 1",
            "glskStrategy": "proportionalForGenerator",
            "impactThresholdMargin": 49.22,
            "isCrossBorderRelevant": true,
            "isManual": true,
            "kind": "preventive",
            "maxEconomicP": 50.18,
            "maxRegulatingDown": 83.14,
            "maxRegulatingUp": 60.83,
            "minEconomicP": 68.16,
            "mrid": "117a9ba9-3d25-45d0-bfa0-523342711e34",
            "name": "Sample name 1",
            "penaltyFactor": 56.02,
            "powerRemedialActionType": "redispatch",
            "regionCode": "da4b8380-9ede-41b3-9a8d-9cc9d4bfa9fa",
            "shiftMethod": "priority",
            "systemOperatorCode": "57763cfe-75c3-4d46-a994-09f6eb1a99b9",
            "timeToImplement": 5.35
        },
        {
            "available": true,
            "biddingZoneCode": "66af917a-dea1-4d41-aa88-e4d18a2c289a",
            "description": "Sample description 2",
            "glskStrategy": "proportionalForGeneratorAndLoad",
            "impactThresholdMargin": 95.83,
            "isCrossBorderRelevant": false,
            "isManual": false,
            "kind": "curative",
            "maxEconomicP": 20.64,
            "maxRegulatingDown": 25.14,
            "maxRegulatingUp": 29.61,
            "minEconomicP": 49.27,
            "mrid": "5c0f8397-e6d8-4ce3-b3ef-65f3d3340115",
            "name": "Sample name 2",
            "penaltyFactor": 76.86,
            "powerRemedialActionType": "redispatch",
            "regionCode": "f81ef45d-b1ba-4f1f-bcfb-f4ca588b82da",
            "shiftMethod": "shared",
            "systemOperatorCode": "eda64698-ad8f-4401-946c-976593b10eb7",
            "timeToImplement": 43.58
        },
        {
            "available": false,
            "biddingZoneCode": "d5a84dba-08d3-4dfc-aed3-a6d7fdc0c7f4",
            "description": "Sample description 3",
            "glskStrategy": "proportionalForGenerator",
            "impactThresholdMargin": 13.48,
            "isCrossBorderRelevant": true,
            "isManual": true,
            "kind": "preventive",
            "maxEconomicP": 85.73,
            "maxRegulatingDown": 85.21,
            "maxRegulatingUp": 17.78,
            "minEconomicP": 39.56,
            "mrid": "d50e4dd6-7295-4d96-8020-5500d84925d0",
            "name": "Sample name 3",
            "penaltyFactor": 2.74,
            "powerRemedialActionType": "redispatch",
            "regionCode": "4fb6fa77-99f3-42b1-b017-783343ed24fa",
            "shiftMethod": "shared",
            "systemOperatorCode": "9583fc36-7471-4019-9f5a-e52d2d7d7205",
            "timeToImplement": 81.85
        }
    ],
    "contingencyWithRemedialActionList": [
        {
            "combinationConstraintKind": "considered",
            "contingencyMrid": "e6daf3bf-9607-4cf7-8e21-85ab225baf98",
            "enabled": false,
            "mrid": "8722ba20-5732-41bd-8109-435df966b630",
            "remedialActionMrid": "a760c067-7cb7-4244-ac5a-11bf65f4c83c"
        }
    ],
    "powerBidScheduleList": [
        {
            "currency": "EUR",
            "description": "Sample description 1",
            "direction": "upAndDown",
            "glskBidActionDistributionList": [
                {
                    "description": "Sample description 1",
                    "energyBlockOrderMrid": "a3ce8310-aa26-4290-962e-c200a701131f",
                    "energyConsumerMrid": "af4310b8-9d8f-45d0-9a5f-2bb17d207553",
                    "energyGroupMrid": "09386599-80b9-4798-8e9f-16bc521332be",
                    "generatingUnitMrid": "a9b35106-ab1d-4e27-bb42-f2a7e481257a",
                    "glskScheduleMrid": "9d2f60aa-9493-4e5f-b24d-2eafce374d6c",
                    "hydroPumpMrid": "f3723761-ca2a-49ca-b008-9913568f00a4",
                    "mrid": "6fb90d3c-888e-4db7-a477-ae5390b94f5c",
                    "name": "Sample name 1",
                    "participationFactor": 93.28,
                    "powerElectronicsUnitMrid": "5268bc42-1af9-4e55-b9e5-000016b60e36",
                    "scheduleResourceMrid": "6b9775d8-b37e-4452-a616-7923d239695c"
                },
                {
                    "description": "Sample description 2",
                    "energyBlockOrderMrid": "5982a205-77d0-4334-b5ee-5bb4eee5848a",
                    "energyConsumerMrid": "2db0a3ad-8b77-455f-9bf4-0bafc2619bc7",
                    "energyGroupMrid": "c3fb22b0-2e75-4ac5-b3fa-e3648bf21cee",
                    "generatingUnitMrid": "7e064385-d692-4743-9d33-f1f2ee3112d9",
                    "glskScheduleMrid": "beee95b1-bd87-4051-8630-6e2114085cda",
                    "hydroPumpMrid": "c32168ba-5c7f-44cc-822c-3f180e2c5d07",
                    "mrid": "c76e0c6d-b1c5-442a-8e0f-e971527076ef",
                    "name": "Sample name 2",
                    "participationFactor": 15.39,
                    "powerElectronicsUnitMrid": "d60a51ca-ee65-40d4-bfbd-7188d2b953a5",
                    "scheduleResourceMrid": "9e80f2a8-548f-40da-bf81-f215532f93ee"
                }
            ],
            "interpolationKind": "linear",
            "isOffer": false,
            "leadTime": 78.75,
            "maximumUpTime": 19.75,
            "minimumActivationP": 71.52,
            "minimumOffTime": 65.02,
            "minimumUpTime": 53.42,
            "mrid": "ff13c920-32d6-4529-bc2f-876e3a65e860",
            "name": "Sample name 1",
            "p": 3.43,
            "powerBidDependencyList": [
                {
                    "delay": 65.61,
                    "dependentPowerGridScheduleMrid": "eeab871f-0c9b-434b-b057-e0bc4bff133b",
                    "kind": "restrictive",
                    "mrid": "e92bfe51-cded-4326-99da-cd7411a0d10c"
                },
                {
                    "delay": 39.58,
                    "dependentPowerGridScheduleMrid": "fb27a9d5-6755-431f-8d92-b60bfbc48d00",
                    "kind": "inclusive",
                    "mrid": "09f5f954-78b2-49db-9801-a3e6cab15517"
                }
            ],
            "powerRemedialActionMrid": "8d33fb44-cc03-48db-9502-f2662fda1aa0",
            "price": 99.25,
            "priority": 4,
            "reservePrice": 79.15,
            "shutdownCost": 42.6,
            "startUpCost": 39.58,
            "stepIncrementP": 99.19,
            "totalMaximumEnergy": 93.22,
            "totalMinimumEnergy": 87.75
        }
    ],
    "powerShiftKeyDistributionList": [
        {
            "description": "Sample description 1",
            "mrid": "11a0b7a8-fd9a-4aa1-801a-4ab3155fdac3",
            "name": "Sample name 1",
            "powerBidScheduleMrid": "5b36d537-6632-410f-a208-d0b34bb8e4e4",
            "resourceMrid": "a2b15ffb-7e4e-45a9-8577-2f8bb2d88d4f"
        }
    ],
    "powerShiftKeyList": [
        {
            "areaCode": "10Y1001A1001A82H",
            "blockType": "storageP",
            "energyGroupMrid": "d9178bc0-301e-439c-9f26-a9e80af4ff33",
            "resourceMrid": "4cce9b65-2208-4088-8681-4f97f1b6c8c0",
            "resourceType": "generatingUnit",
            "value": {
                "activePowerMax": null,
                "activePowerMin": null,
                "blockOrder": 3,
                "participationFactor": 32.94,
                "shiftDirection": "up"
            }
        },
        {
            "areaCode": "10Y1001A1001A82H",
            "blockType": "generatorsPriority",
            "energyGroupMrid": "f7b84149-cc9c-4f11-b822-c6c0af009a9e",
            "resourceMrid": "6f87b550-7d5e-4af6-9637-c8229b29809b",
            "resourceType": "powerElectronicsUnit",
            "value": {
                "activePowerMax": null,
                "activePowerMin": null,
                "blockOrder": 3,
                "participationFactor": 83.05,
                "shiftDirection": "upAndDown"
            }
        }
    ]
}