{
    "businessTimestamp": "2025-01-02T00:30:00",
    "documentId": "ac774ec0-b213-4260-b637-4362b32f3257",
    "ownerCode": "10XHR-HEP-OPS--A",
    "ownerRole": "Network Engineer",
    "timeHorizon": "dayAhead",
    "cdsId": "4291c931-0479-4d5a-abff-cad38d06c9c3",
    "comoDocumentType": "INTERNAL_RA_FLAT_LIST",
    "comoDocumentVersion": "R24Q4V1_0",
    "gridModelId": "56934a97-f65e-427b-9561-adbba831229a",
    "remedialActionListId": "8cddfd4d-cdd0-4818-af8a-97efc37c804b",
    "timeInterval": {
        "from": "2025-01-02T00:00:00",
        "to": "2025-01-02T01:00:00"
    },
    "version": 1,
    "remedialActionGroupList": [
        {
            "description": "Sample description 1",
            "maxRegulatingDown": 79.87,
            "maxRegulatingUp": 45.29,
            "mrid": "427b22dd-166e-496d-9ea6-98a627ef045d",
            "name": "Sample name 1",
            "remedialActionDependencyList": [
                {
                    "enabled": false,
                    "kind": "restrictive",
                    "mrid": "5012f8d9-7e04-4913-a4c6-90c168ceb8b8",
                    "remedialActionMrid": "8d967d21-664b-41ed-a527-36f87c979031"
                },
                {
                    "enabled": false,
                    "kind": "exclusive",
                    "mrid": "b930384f-e01c-4149-8fcb-69e23007e3f5",
                    "remedialActionMrid": "4076a657-2d85-438f-b2e7-390e6268397c"
                }
            ]
        }
    ],
    "gridStateAlterationRemedialActionList": [
        {
            "available": false,
            "description": "Sample description",
            "gridStateAlterationList": [
                {
                    "actionType": "rotatingMachineAction",
                    "description": "Sample description 1",
                    "enabled": false,
                    "maximumPerDay": 7,
                    "minimumActivation": 42.05,
                    "mrid": "5fa76d43-a873-49f9-b1f7-259fd1453a4a",
                    "name": "Sample name 1",
                    "powerSystemResourceMrid": "b4a51aa3-5ebf-4abc-8fd6-5c964a73b466",
                    "propertyReference": "af34196b-acdc-476f-be44-1bdcc5129725",
                    "rangeConstraintList": [
                        {
                            "description": "Sample description 1",
                            "direction": "down",
                            "mrid": "b5eadae8-5506-49dd-9a0c-f996b0757a7a",
                            "name": "Sample name 1",
                            "propertyRangeType": "intertemporal",
                            "propertyReference": "c2a7589f-b45a-42dc-ba59-9f4a6f6cb926",
                            "value": 42.73,
                            "valueKind": "incrementalPercentage"
                        },
                        {
                            "description": "Sample description 2",
                            "direction": "up",
                            "mrid": "8be732b1-901e-4013-9a13-370bca03bb76",
                            "name": "Sample name 2",
                            "propertyRangeType": "intertemporal",
                            "propertyReference": "4aa375cc-8d13-42c9-b7c1-67897e9acfb2",
                            "value": 24.11,
                            "valueKind": "incremental"
                        }
                    ],
                    "timePerStage": 2.31
                }
            ],
            "impactThresholdMargin": 0.64,
            "isCrossBorderRelevant": true,
            "isManual": true,
            "kind": "curative",
            "mrid": "8d967d21-664b-41ed-a527-36f87c979031",
            "name": "Sample name",
            "penaltyFactor": 77.7,
            "regionCode": "81eb88a1-6a08-452a-aafb-e9a30f11f010",
            "systemOperatorCode": "4c44ce4a-618c-4fb2-a98b-f95a3667d393",
            "timeToImplement": 57.04
        },
        {
            "available": false,
            "description": "Sample description",
            "gridStateAlterationList": [
                {
                    "actionType": "externalNetworkInjectionAction",
                    "description": "Sample description 1",
                    "enabled": false,
                    "maximumPerDay": 15,
                    "minimumActivation": 29.77,
                    "mrid": "7bc14dd2-0e98-4da8-a40b-d3af9494da6f",
                    "name": "Sample name 1",
                    "powerSystemResourceMrid": "2fa24186-ab0b-4155-baf8-e5423d85a5f9",
                    "propertyReference": "c3617f4d-c65d-4580-a0d1-df2b5da48a6f",
                    "rangeConstraintList": [
                        {
                            "description": "Sample description 1",
                            "direction": "none",
                            "mrid": "f879889f-d8a1-4f01-9bdd-08f2ab7d9694",
                            "name": "Sample name 1",
                            "propertyRangeType": "static",
                            "propertyReference": "a79aff9a-3438-4f91-a2f4-e39bfd906a12",
                            "value": 9.34,
                            "valueKind": "incremental"
                        },
                        {
                            "description": "Sample description 2",
                            "direction": "down",
                            "mrid": "d26c95a0-0d65-47c4-8703-3a83a52b2495",
                            "name": "Sample name 2",
                            "propertyRangeType": "static",
                            "propertyReference": "c75065b2-6681-4c80-bbd4-36cfa09e7b11",
                            "value": 22.68,
                            "valueKind": "incremental"
                        }
                    ],
                    "timePerStage": 93.73
                },
                {
                    "actionType": "equivalentInjectionAction",
                    "description": "Sample description 2",
                    "enabled": false,
                    "maximumPerDay": 14,
                    "minimumActivation": 76.08,
                    "mrid": "46de3a05-0602-4e9f-bd0d-a1590c0b4047",
                    "name": "Sample name 2",
                    "powerSystemResourceMrid": "f114e77a-b026-41b4-a346-c8424bc437f7",
                    "propertyReference": "b46e64b6-a0ad-44b0-ba8e-a92959ac9019",
                    "rangeConstraintList": [
                        {
                            "description": "Sample description 1",
                            "direction": "up",
                            "mrid": "bcde4955-6468-4163-b6fe-bb6c4324056f",
                            "name": "Sample name 1",
                            "propertyRangeType": "static",
                            "propertyReference": "fd9980ec-097f-4dd7-9cf1-d3ff4b0c9773",
                            "value": 15.8,
                            "valueKind": "incrementalPercentage"
                        },
                        {
                            "description": "Sample description 2",
                            "direction": "upAndDown",
                            "mrid": "aba5581b-8431-4c4f-a382-21f5883fcbf9",
                            "name": "Sample name 2",
                            "propertyRangeType": "static",
                            "propertyReference": "f5bd9160-6e35-4835-a137-4a3a94b7b119",
                            "value": 55.15,
                            "valueKind": "incremental"
                        },
                        {
                            "description": "Sample description 3",
                            "direction": "none",
                            "mrid": "6aea9b31-c05f-41db-859e-7ca966f65296",
                            "name": "Sample name 3",
                            "propertyRangeType": "intertemporal",
                            "propertyReference": "7ff37346-1a32-45db-b027-95e06e7bb1e3",
                            "value": 13.88,
                            "valueKind": "incrementalPercentage"
                        }
                    ],
                    "timePerStage": 78.61
                }
            ],
            "impactThresholdMargin": 49.75,
            "isCrossBorderRelevant": true,
            "isManual": false,
            "kind": "preventive",
            "mrid": "4076a657-2d85-438f-b2e7-390e6268397c",
            "name": "Sample name",
            "penaltyFactor": 6.71,
            "regionCode": "26557fb7-1950-4889-9adc-98be13eabbe5",
            "systemOperatorCode": "1d050c92-4aaf-4180-9b1c-0dc825953287",
            "timeToImplement": 92.13
        }
    ],
    "powerRemedialActionList": [
        {
            "available": true,
            "biddingZoneCode": "e20b6bc5-b9f5-46b9-b105-c8e33e3454bb",
            "description": "Sample description 1",
            "glskStrategy": "proportionalForGenerator",
            "impactThresholdMargin": 47.19,
            "isCrossBorderRelevant": true,
            "isManual": true,
            "kind": "preventive",
            "maxEconomicP": 66.62,
            "maxRegulatingDown": 46.99,
            "maxRegulatingUp": 11.03,
            "minEconomicP": 55.43,
            "mrid": "84116e9b-08b3-4e42-bfc7-c8b507e64561",
            "name": "Sample name 1",
            "penaltyFactor": 1.76,
            "powerRemedialActionType": "countertrade",
            "regionCode": "f68e4cb8-6171-4714-b5db-219f4ba67244",
            "shiftMethod": "shared",
            "systemOperatorCode": "d58decea-98db-4b57-ace2-555e33c8948b",
            "timeToImplement": 89.46
        }
    ],
    "contingencyWithRemedialActionList": [
        {
            "combinationConstraintKind": "excluded",
            "contingencyMrid": "886bae5b-ef17-4eb3-bf15-47ac9d758c43",
            "enabled": true,
            "mrid": "571dec8b-9466-4481-b81a-cacb5fb5fa86",
            "remedialActionMrid": "a68dfa50-4dbe-41cc-b5c6-54f82b8ce5ef"
        },
        {
            "combinationConstraintKind": "considered",
            "contingencyMrid": "b876068d-8533-4075-a46a-f9bee1ff41fb",
            "enabled": true,
            "mrid": "6d7b44df-2f66-49f9-a5a4-a9ad83416f89",
            "remedialActionMrid": "a026c347-b7da-406c-9620-965525969c25"
        }
    ],
    "powerBidScheduleList": [
        {
            "currency": "EUR",
            "description": "Sample description 1",
            "direction": "none",
            "glskBidActionDistributionList": [
                {
                    "description": "Sample description 1",
                    "energyBlockOrderMrid": "8ad9f799-9026-46cb-9ba9-d94d23dfcdee",
                    "energyConsumerMrid": "9b729dc4-e8b9-4e0a-a970-9d59cd2deb39",
                    "energyGroupMrid": "3ee05511-bb76-4d38-87a3-bc7bd1ca5336",
                    "generatingUnitMrid": "6ec59993-6a5c-4f3c-a60e-830c67545c90",
                    "glskScheduleMrid": "c9309fbc-2719-4df5-aa74-fc4b5157183d",
                    "hydroPumpMrid": "adcb0452-659d-48fd-aa57-e04e59e78e4c",
                    "mrid": "1c5afdbf-22a1-4ee7-a62b-c796a87b5ab3",
                    "name": "Sample name 1",
                    "participationFactor": 73.67,
                    "powerElectronicsUnitMrid": "a1c63d66-a930-497a-8f74-5de1540ad941",
                    "scheduleResourceMrid": "aa38aa75-c118-45c8-8c8f-9cd15ce075be"
                },
                {
                    "description": "Sample description 2",
                    "energyBlockOrderMrid": "a60b7764-db55-4593-80a9-3e1480e6de28",
                    "energyConsumerMrid": "7d9f2047-22da-4f96-8e8d-936ac0640432",
                    "energyGroupMrid": "9c6d5f2f-e62c-487f-a460-ca0f1c448d02",
                    "generatingUnitMrid": "eb6ef087-a058-4c43-a9da-b5b5f5d144ed",
                    "glskScheduleMrid": "cc2fc359-bf98-4b7f-8f01-3bcee8d52d63",
                    "hydroPumpMrid": "5740518b-93cc-4b99-a1db-b5b4cd6c1441",
                    "mrid": "e74b032b-f9bb-4c95-8d0a-125d01039fdc",
                    "name": "Sample name 2",
                    "participationFactor": 83.27,
                    "powerElectronicsUnitMrid": "e7284fa5-31e9-4c86-9b32-f6bff48c12c4",
                    "scheduleResourceMrid": "1549dacb-53a9-4ac6-b5a3-5af64509b3ba"
                }
            ],
            "interpolationKind": "none",
            "isOffer": false,
            "leadTime": 62.85,
            "maximumUpTime": 99.0,
            "minimumActivationP": 72.29,
            "minimumOffTime": 69.06,
            "minimumUpTime": 13.25,
            "mrid": "3ae5e934-2e6b-485a-a4fb-f9fd243d3d70",
            "name": "Sample name 1",
            "p": 53.49,
            "powerBidDependencyList": [
                {
                    "delay": 97.79,
                    "dependentPowerGridScheduleMrid": "f27ed2fe-1f5e-4c55-b5e5-56496c29ec70",
                    "kind": "exclusive",
                    "mrid": "4bb4795e-95a9-4906-b0fa-0d1419f73079"
                },
                {
                    "delay": 20.45,
                    "dependentPowerGridScheduleMrid": "c92385d2-bd73-4d7f-bc85-0e617c2ad252",
                    "kind": "restrictive",
                    "mrid": "d3122b22-afc5-4ba3-ad95-9c498ffe0b5c"
                },
                {
                    "delay": 10.82,
                    "dependentPowerGridScheduleMrid": "1c292629-38cb-4cdd-b17e-0ccb0836ba93",
                    "kind": "restrictive",
                    "mrid": "e85abb78-7697-4fc9-9443-8a4afe69e356"
                }
            ],
            "powerRemedialActionMrid": "9f01b7c9-3bea-4099-906a-eecb21eea183",
            "price": 89.92,
            "priority": 3,
            "reservePrice": 80.97,
            "shutdownCost": 88.91,
            "startUpCost": 58.56,
            "stepIncrementP": 9.42,
            "totalMaximumEnergy": 19.73,
            "totalMinimumEnergy": 22.48
        },
        {
            "currency": "EUR",
            "description": "Sample description 2",
            "direction": "up",
            "glskBidActionDistributionList": [
                {
                    "description": "Sample description 1",
                    "energyBlockOrderMrid": "c5c9b98c-54cf-4225-8c56-3cd1865a8af9",
                    "energyConsumerMrid": "91c3694a-9ea9-4f44-a1a0-c763159fa551",
                    "energyGroupMrid": "75f22040-febe-458b-8098-4a1e89311a86",
                    "generatingUnitMrid": "dc58c90a-bf22-4c12-a919-22f75fe42014",
                    "glskScheduleMrid": "2dacc611-4329-4f16-9fba-84e73f9579e0",
                    "hydroPumpMrid": "753e79da-dfa0-43c8-9553-bf6c020b2a83",
                    "mrid": "3becfd44-f087-45a9-b44d-e2d7f5bbd2ec",
                    "name": "Sample name 1",
                    "participationFactor": 2.72,
                    "powerElectronicsUnitMrid": "bb72b319-5723-4ad4-905f-891edcc7c299",
                    "scheduleResourceMrid": "66f9fa00-5481-4e52-8d35-c587d56e3a88"
                },
                {
                    "description": "Sample description 2",
                    "energyBlockOrderMrid": "5a8dde76-140f-4565-8fe3-356a66c16a7a",
                    "energyConsumerMrid": "5db2719d-a852-4548-99c5-7c4b5f9efa99",
                    "energyGroupMrid": "c7166b82-7ef9-4550-ac5e-b3854db3063e",
                    "generatingUnitMrid": "dbf9c33b-ee7f-4198-84e0-0e9619bf106d",
                    "glskScheduleMrid": "af96734e-9ce6-4434-b0c7-506c4b88f3e6",
                    "hydroPumpMrid": "653e82ef-b2f4-4684-b511-8a92ef7e15d1",
                    "mrid": "c193177e-d242-44fb-8099-95bf6ba0d497",
                    "name": "Sample name 2",
                    "participationFactor": 26.16,
                    "powerElectronicsUnitMrid": "916978da-055d-4705-ae8c-0cb582b1ad24",
                    "scheduleResourceMrid": "5aaef1e1-c448-497a-b8f0-0f87295faade"
                },
                {
                    "description": "Sample description 3",
                    "energyBlockOrderMrid": "d2afd29d-b425-45bb-899a-af0c90507835",
                    "energyConsumerMrid": "7f79b8ac-5129-4284-b280-4b256cad63a7",
                    "energyGroupMrid": "95e02f1b-94f8-4f2a-86ef-b82608bd585c",
                    "generatingUnitMrid": "61085663-25f5-4e4f-a0fd-3f170735137c",
                    "glskScheduleMrid": "2af8f60e-7daf-475d-a723-c8db3087cdab",
                    "hydroPumpMrid": "4ded0bf3-152f-477e-9c60-68f6e60590c3",
                    "mrid": "aa017aab-0994-4bc3-847d-14da53a07267",
                    "name": "Sample name 3",
                    "participationFactor": 60.7,
                    "powerElectronicsUnitMrid": "3710c9c3-3f59-426f-8b9c-de5e574bb850",
                    "scheduleResourceMrid": "554f890b-d993-4410-a4d8-ee979dd8bf58"
                }
            ],
            "interpolationKind": "next",
            "isOffer": false,
            "leadTime": 14.72,
            "maximumUpTime": 80.81,
            "minimumActivationP": 54.46,
            "minimumOffTime": 82.25,
            "minimumUpTime": 43.28,
            "mrid": "7cd08465-94f2-4475-8a83-775703cdbaaa",
            "name": "Sample name 2",
            "p": 9.52,
            "powerBidDependencyList": [
                {
                    "delay": 55.69,
                    "dependentPowerGridScheduleMrid": "356edebe-98a2-47d8-a546-ee4ca5c47c8f",
                    "kind": "restrictive",
                    "mrid": "f8d15b02-907c-49a5-90f7-e1603ea1ebfa"
                },
                {
                    "delay": 65.14,
                    "dependentPowerGridScheduleMrid": "8ce737c7-243a-4462-82c8-2c22afbf18a2",
                    "kind": "restrictive",
                    "mrid": "e724b977-5e63-450c-9e40-eb18228d12be"
                },
                {
                    "delay": 34.79,
                    "dependentPowerGridScheduleMrid": "5d8c4fe4-cf0b-4328-8f32-293824bf0372",
                    "kind": "exclusive",
                    "mrid": "a4f3de3c-21ed-494d-9c1f-64996db2222d"
                }
            ],
            "powerRemedialActionMrid": "ca958d37-ee04-4d71-8d04-895399ca87f6",
            "price": 38.9,
            "priority": 4,
            "reservePrice": 89.48,
            "shutdownCost": 20.28,
            "startUpCost": 44.33,
            "stepIncrementP": 5.93,
            "totalMaximumEnergy": 93.29,
            "totalMinimumEnergy": 46.58
        }
    ],
    "powerShiftKeyDistributionList": [
        {
            "description": "Sample description 1",
            "mrid": "cfa43a3f-6048-463c-8778-32baff7bc23e",
            "name": "Sample name 1",
            "powerBidScheduleMrid": "0d4a933f-d4fe-49f3-87e4-492f0b9399ac",
            "resourceMrid": "8c241f19-2452-4ce7-a227-7e287ed2e2cb"
        }
    ],
    "powerShiftKeyList": [
        {
            "areaCode": "10YHR-HEP------M",
            "blockType": "consumptionsFlat",
            "energyGroupMrid": "18a73fe7-4808-421d-8902-e2bdd06a641e",
            "resourceMrid": "d47e8728-58a4-437d-b45d-a90c84c0d531",
            "resourceType": "powerElectronicsUnit",
            "value": {
                "activePowerMax": 137.47,
                "activePowerMin": 30.44,
                "blockOrder": 7,
                "participationFactor": 69.08,
                "shiftDirection": "up"
            }
        }
    ]
}