{
    "businessTimestamp": "2025-01-03T00:30:00",
    "documentId": "2ba256d5-d25a-4976-a75e-7dfdae05d15e",
    "ownerCode": "10XHR-HEP-OPS--A",
    "ownerRole": "System Operator",
    "timeHorizon": "dayAhead",
    "cdsId": "b6815b90-45f2-44f0-b07e-57374145f471",
    "comoDocumentType": "INTERNAL_RA_FLAT_LIST",
    "comoDocumentVersion": "R24Q4V1_0",
    "gridModelId": "68ab8c47-1cfa-4bb7-9da2-8b1cff86a54a",
    "remedialActionListId": "ebae6fc0-8fbc-4cbf-92df-25525ef506f8",
    "timeInterval": {
        "from": "2025-01-03T00:00:00",
        "to": "2025-01-03T01:00:00"
    },
    "version": 1,
    "remedialActionGroupList": [
        {
            "description": "Sample description 1",
            "maxRegulatingDown": 95.29,
            "maxRegulatingUp": 50.18,
            "mrid": "611ed4b5-54d3-45a8-883f-d34e8f3db329",
            "name": "Sample name 1",
            "remedialActionDependencyList": [
                {
                    "enabled": false,
                    "kind": "inclusive",
                    "mrid": "a17bfc1a-17bd-45ac-a6fb-59343f8dd0d4",
                    "remedialActionMrid": "050e432a-42ce-44ac-8b34-d81cc20e0594"
                },
                {
                    "enabled": true,
                    "kind": "none",
                    "mrid": "c8836417-bef8-41a6-bb36-4c815fdbf208",
                    "remedialActionMrid": "3fe5cdeb-c156-47d9-b11e-b4927fadc8c1"
                },
                {
                    "enabled": true,
                    "kind": "exclusive",
                    "mrid": "7ddcc0a3-a9a1-4b62-9812-5e90c7eb471d",
                    "remedialActionMrid": "3d094564-e0af-4e15-98b4-bd6e5b66c13a"
                }
            ]
        }
    ],
    "gridStateAlterationRemedialActionList": [
        {
            "available": true,
            "description": "Sample description",
            "gridStateAlterationList": [
                {
                    "actionType": "controlFunctionBlockAction",
                    "description": "Sample description 1",
                    "enabled": false,
                    "maximumPerDay": 12,
                    "minimumActivation": 97.69,
                    "mrid": "d6264476-0c16-4335-b730-9923208e2b77",
                    "name": "Sample name 1",
                    "powerSystemResourceMrid": "2fc937a6-0163-425f-b7e5-627b36f34ae6",
                    "propertyReference": "afdf69ba-a907-43cb-b618-424fc4979363",
                    "rangeConstraintList": [
                        {
                            "description": "Sample description 1",
                            "direction": "upAndDown",
                            "mrid": "2e10cfcd-bb5d-4bbc-a5c4-f8ecd740b0f5",
                            "name": "Sample name 1",
                            "propertyRangeType": "intertemporal",
                            "propertyReference": "d62f0e48-5b7d-45f5-832f-875da0b8298e",
                            "value": 7.92,
                            "valueKind": "incrementalPercentage"
                        },
                        {
                            "description": "Sample description 2",
                            "direction": "down",
                            "mrid": "5f128a12-c52c-4ee8-a884-36b2582c612c",
                            "name": "Sample name 2",
                            "propertyRangeType": "intertemporal",
                            "propertyReference": "a8af41e8-31e2-4b68-9471-12bfebf89697",
                            "value": 63.88,
                            "valueKind": "absolute"
                        }
                    ],
                    "timePerStage": 76.12
                }
            ],
            "impactThresholdMargin": 25.15,
            "isCrossBorderRelevant": false,
            "isManual": false,
            "kind": "preventive",
            "mrid": "050e432a-42ce-44ac-8b34-d81cc20e0594",
            "name": "Sample name",
            "penaltyFactor": 86.27,
            "regionCode": "a1ea5b72-aee7-4995-8ecd-8ab0f2a5a669",
            "systemOperatorCode": "d3cbd6b1-ee0f-40a8-9a21-76f24413cf13",
            "timeToImplement": 31.34
        },
        {
            "available": false,
            "description": "Sample description",
            "gridStateAlterationList": [
                {
                    "actionType": "tapPositionAction",
                    "description": "Sample description 1",
                    "enabled": true,
                    "maximumPerDay": 19,
                    "minimumActivation": 47.66,
                    "mrid": "deacc42d-a78a-4a38-8400-7af18c3b0199",
                    "name": "Sample name 1",
                    "powerSystemResourceMrid": "ba2e7c90-dc7c-4a0b-a9ae-38171bc9d626",
                    "propertyReference": "23fffdf1-b608-4cfb-b717-17a72f6c9416",
                    "rangeConstraintList": [
                        {
                            "description": "Sample description 1",
                            "direction": "none",
                            "mrid": "0eeff511-b4bc-4e07-b74b-2a3429545182",
                            "name": "Sample name 1",
                            "propertyRangeType": "static",
                            "propertyReference": "97fefc8e-5685-47b5-aa28-f3c3d8af1b1b",
                            "value": 0.3,
                            "valueKind": "absolute"
                        },
                        {
                            "description": "Sample description 2",
                            "direction": "none",
                            "mrid": "35a90ad7-a221-4c36-82c8-beceab456684",
                            "name": "Sample name 2",
                            "propertyRangeType": "intertemporal",
                            "propertyReference": "548af792-1445-4600-8333-bc4198ee374c",
                            "value": 77.01,
                            "valueKind": "absolute"
                        }
                    ],
                    "timePerStage": 66.21
                }
            ],
            "impactThresholdMargin": 83.34,
            "isCrossBorderRelevant": true,
            "isManual": false,
            "kind": "curative",
            "mrid": "3fe5cdeb-c156-47d9-b11e-b4927fadc8c1",
            "name": "Sample name",
            "penaltyFactor": 72.49,
            "regionCode": "9ae2b9cb-cf13-448a-8e90-f5ae26dfde75",
            "systemOperatorCode": "9f655a51-b482-4c92-81c9-f729f528cdc6",
            "timeToImplement": 8.95
        },
        {
            "available": false,
            "description": "Sample description",
            "gridStateAlterationList": [
                {
                    "actionType": "acdcConverterAction",
                    "description": "Sample description 1",
                    "enabled": false,
                    "maximumPerDay": 18,
                    "minimumActivation": 40.89,
                    "mrid": "33c9ede1-c0f9-4693-944b-23e70eefb067",
                    "name": "Sample name 1",
                    "powerSystemResourceMrid": "942b69f8-73aa-4436-985c-40807d69826c",
                    "propertyReference": "d75cb156-094b-4fab-9bde-886f58254156",
                    "rangeConstraintList": [
                        {
                            "description": "Sample description 1",
                            "direction": "up",
                            "mrid": "7d32f571-f000-4fa1-8ffb-53d0c17845ff",
                            "name": "Sample name 1",
                            "propertyRangeType": "static",
                            "propertyReference": "8ee26119-4e62-4baa-9187-2b3964cde13f",
                            "value": 44.25,
                            "valueKind": "incrementalPercentage"
                        }
                    ],
                    "timePerStage": 6.49
                }
            ],
            "impactThresholdMargin": 39.78,
            "isCrossBorderRelevant": true,
            "isManual": false,
            "kind": "curative",
            "mrid": "3d094564-e0af-4e15-98b4-bd6e5b66c13a",
            "name": "Sample name",
            "penaltyFactor": 18.46,
            "regionCode": "59a5aaf9-1faf-41e3-b39d-041e0365508c",
            "systemOperatorCode": "5eb98e8e-bb98-4157-ba1e-5161fe81602a",
            "timeToImplement": 45.22
        }
    ],
    "powerRemedialActionList": [
        {
            "available": false,
            "biddingZoneCode": "57fdadf6-643d-4c8d-9eca-7c723b23402d",
            "description": "Sample description 1",
            "glskStrategy": "proportionalForGenerator",
            "impactThresholdMargin": 59.54,
            "isCrossBorderRelevant": false,
            "isManual": false,
            "kind": "curative",
            "maxEconomicP": 98.31,
            "maxRegulatingDown": 37.35,
            "maxRegulatingUp": 66.57,
            "minEconomicP": 43.11,
            "mrid": "13c600c6-cddf-4010-9316-1ae77c2129b1",
            "name": "Sample name 1",
            "penaltyFactor": 33.34,
            "powerRemedialActionType": "countertrade",
            "regionCode": "0c4c2a66-cc31-46cf-bcc0-c38062187642",
            "shiftMethod": "shared",
            "systemOperatorCode": "dd2912d4-2940-41c6-a1c8-2ac73efe7914",
            "timeToImplement": 10.22
        },
        {
            "available": true,
            "biddingZoneCode": "20a6584d-6606-497f-ab43-9579992f489b",
            "description": "Sample description 2",
            "glskStrategy": "loadFlat",
            "impactThresholdMargin": 85.93,
            "isCrossBorderRelevant": false,
            "isManual": false,
            "kind": "curative",
            "maxEconomicP": 11.32,
            "maxRegulatingDown": 19.5,
            "maxRegulatingUp": 17.08,
            "minEconomicP": 46.76,
            "mrid": "698212c5-2c2d-457d-bb92-cb8b3b3c9c57",
            "name": "Sample name 2",
            "penaltyFactor": 70.83,
            "powerRemedialActionType": "countertrade",
            "regionCode": "4b930b8c-b0d0-4f89-9214-87b2ae7ee966",
            "shiftMethod": "shared",
            "systemOperatorCode": "55828f64-45c7-40b9-abcd-0636c4e4f573",
            "timeToImplement": 92.08
        }
    ],
    "contingencyWithRemedialActionList": [
        {
            "combinationConstraintKind": "considered",
            "contingencyMrid": "72a339b1-b3cb-4da1-b000-ad51e0418a11",
            "enabled": false,
            "mrid": "339aa487-a15f-4ff4-b98a-ced24d321270",
            "remedialActionMrid": "28237dc2-afba-4509-8a12-516d93cc0dc0"
        }
    ],
    "powerBidScheduleList": [
        {
            "currency": "EUR",
            "description": "Sample description 1",
            "direction": "up",
            "glskBidActionDistributionList": [
                {
                    "description": "Sample description 1",
                    "energyBlockOrderMrid": "8a7be25b-87f5-41de-822e-5a45a188c798",
                    "energyConsumerMrid": "0a57b87c-bdad-4144-a38b-cae0991400c9",
                    "energyGroupMrid": "268bbb46-3123-41a7-837a-d08858d9ad18",
                    "generatingUnitMrid": "41aba88b-0ce8-450e-9030-6c757833bd53",
                    "glskScheduleMrid": "06e9cd25-8ca5-4d04-aadb-1c04de2327ff",
                    "hydroPumpMrid": "3683af79-ad4d-46a4-97d8-281ed05e9899",
                    "mrid": "e0f9f39b-8b47-43db-8b59-9ec51958a1ac",
                    "name": "Sample name 1",
                    "participationFactor": 40.49,
                    "powerElectronicsUnitMrid": "32ba4fda-5a70-411d-bc59-8c909c631223",
                    "scheduleResourceMrid": "c8345fa4-6512-463c-8fdd-d276e9cc0a14"
                },
                {
                    "description": "Sample description 2",
                    "energyBlockOrderMrid": "3a7d505c-cb8b-4b27-9c05-02f4e275b4c5",
                    "energyConsumerMrid": "e3ca6248-d98a-4b6b-9053-84162ea5f3f1",
                    "energyGroupMrid": "5653955a-d9c9-474e-9080-9d2a70f53b05",
                    "generatingUnitMrid": "d7fc0f27-c185-441f-8a5b-1e48b100e177",
                    "glskScheduleMrid": "9b04b947-c6a9-475b-9978-4ffae701b1ab",
                    "hydroPumpMrid": "ea6a4734-444c-4066-88fa-082e9645adbc",
                    "mrid": "a6319221-4fb3-40f4-9c2b-dad3deeb48d9",
                    "name": "Sample name 2",
                    "participationFactor": 21.59,
                    "powerElectronicsUnitMrid": "f0557ee2-015b-4719-918f-1d542cde06c5",
                    "scheduleResourceMrid": "28445187-e423-42b9-9371-6e262ef89fea"
                }
            ],
            "interpolationKind": "none",
            "isOffer": false,
            "leadTime": 10.22,
            "maximumUpTime": 67.61,
            "minimumActivationP": 21.39,
            "minimumOffTime": 30.34,
            "minimumUpTime": 76.89,
            "mrid": "00ffc2b0-fc00-4473-b661-41ea100fa3e3",
            "name": "Sample name 1",
            "p": 57.15,
            "powerBidDependencyList": [
                {
                    "delay": 24.51,
                    "dependentPowerGridScheduleMrid": "57d3bb8a-74e8-4853-af7a-95b29dcb8af2",
                    "kind": "inclusive",
                    "mrid": "74eb17b3-edd4-47b6-9eb9-d60a5e0be4ca"
                },
                {
                    "delay": 91.14,
                    "dependentPowerGridScheduleMrid": "db461e91-b024-4464-8d13-81d53f0bb12c",
                    "kind": "inclusive",
                    "mrid": "585a3c5b-5f04-4a01-8552-8b700dfa0996"
                },
                {
                    "delay": 31.61,
                    "dependentPowerGridScheduleMrid": "8853b4f2-1fdd-429a-94d3-b7edd7cf2ccf",
                    "kind": "restrictive",
                    "mrid": "e6c7d533-6388-4efb-bb30-f527b479f856"
                }
            ],
            "powerRemedialActionMrid": "6639839c-c443-4fbf-ac12-584748a59f42",
            "price": 32.07,
            "priority": 8,
            "reservePrice": 42.46,
            "shutdownCost": 63.95,
            "startUpCost": 94.04,
            "stepIncrementP": 29.26,
            "totalMaximumEnergy": 32.76,
            "totalMinimumEnergy": 82.96
        },
        {
            "currency": "EUR",
            "description": "Sample description 2",
            "direction": "up",
            "glskBidActionDistributionList": [
                {
                    "description": "Sample description 1",
                    "energyBlockOrderMrid": "661f3889-dae6-469c-9d6d-527346a5ae49",
                    "energyConsumerMrid": "ef501efe-5807-4d0d-a466-173849c175f6",
                    "energyGroupMrid": "1732b198-b450-49c5-a0e9-f72fe4c3250b",
                    "generatingUnitMrid": "a02b8378-f901-45a5-9057-96856794493c",
                    "glskScheduleMrid": "d75349d7-c600-4441-b249-4ce9776e9e72",
                    "hydroPumpMrid": "81104d3d-77bb-4df5-91f6-b2076ab4b98b",
                    "mrid": "99e98bf7-b152-4506-9662-7678f389a184",
                    "name": "Sample name 1",
                    "participationFactor": 50.21,
                    "powerElectronicsUnitMrid": "28ee5424-1902-4050-92b5-f274ec65f7dc",
                    "scheduleResourceMrid": "38fdb1b6-d988-483a-99ff-df2703eaf72c"
                },
                {
                    "description": "Sample description 2",
                    "energyBlockOrderMrid": "b26f658a-1f8b-453d-b06e-095b1cab94b8",
                    "energyConsumerMrid": "c428f1f1-dc77-42f5-97f0-6365f10c7ac0",
                    "energyGroupMrid": "59780dd2-79b8-41e8-bc68-784243e6ff7d",
                    "generatingUnitMrid": "c3a72177-ae8d-4d79-8a47-c0d3479bbfb4",
                    "glskScheduleMrid": "87760f05-74af-4de2-854a-1dfb32b21ddd",
                    "hydroPumpMrid": "5038e149-19cf-4cf8-bdf1-d187944f2cfb",
                    "mrid": "231a1eac-3986-4ed0-9352-848d583ff257",
                    "name": "Sample name 2",
                    "participationFactor": 73.6,
                    "powerElectronicsUnitMrid": "440fe6ee-7d59-44e3-88db-a244c1258562",
                    "scheduleResourceMrid": "c26cc5bf-b9ad-4842-aca7-e9c6e84e66e7"
                }
            ],
            "interpolationKind": "linear",
            "isOffer": true,
            "leadTime": 56.76,
            "maximumUpTime": 83.94,
            "minimumActivationP": 31.29,
            "minimumOffTime": 11.71,
            "minimumUpTime": 71.31,
            "mrid": "02175ee2-7632-40a5-9627-0fbaf61701bd",
            "name": "Sample name 2",
            "p": 35.15,
            "powerBidDependencyList": [
                {
                    "delay": 72.88,
                    "dependentPowerGridScheduleMrid": "20320e08-a6f4-4f8c-8665-305d7b2fc23c",
                    "kind": "exclusive",
                    "mrid": "0bd15646-3d5b-4c2e-92f6-8327464d2e3c"
                },
                {
                    "delay": 23.72,
                    "dependentPowerGridScheduleMrid": "2c8622af-41ae-4a20-bf8c-832237706d1a",
                    "kind": "restrictive",
                    "mrid": "3216e49f-0f9c-479d-8c5c-6dd7d1138bd0"
                },
                {
                    "delay": 42.4,
                    "dependentPowerGridScheduleMrid": "2657c0c5-7fb6-4eea-b118-5ab1ac078f98",
                    "kind": "inclusive",
                    "mrid": "f09ebb72-22a4-4123-a800-8d51fa5a9d2b"
                }
            ],
            "powerRemedialActionMrid": "3bf71dab-589f-4c52-811c-7e37a8ecba5c",
            "price": 14.62,
            "priority": 9,
            "reservePrice": 53.21,
            "shutdownCost": 35.81,
            "startUpCost": 29.66,
            "stepIncrementP": 36.92,
            "totalMaximumEnergy": 51.58,
            "totalMinimumEnergy": 76.91
        }
    ],
    "powerShiftKeyDistributionList": [
        {
            "description": "Sample description 1",
            "mrid": "b68c44ba-994a-4378-828f-bf33d7c5e3e5",
            "name": "Sample name 1",
            "powerBidScheduleMrid": "b02dbb22-e402-4a14-9641-e1cbda26cf21",
            "resourceMrid": "9835b353-4283-4596-b13b-a7b68bdf9ab1"
        },
        {
            "description": "Sample description 2",
            "mrid": "419299f8-7ac2-4dd2-949a-7d28dd08b2a9",
            "name": "Sample name 2",
            "powerBidScheduleMrid": "dd1f7892-ea8f-4f00-8f4f-4f6d08b1d079",
            "resourceMrid": "40a44f2f-1600-4890-8937-f27b2da9448f"
        },
        {
            "description": "Sample description 3",
            "mrid": "7c668105-bf21-4e5a-877d-fdd333bf2ed5",
            "name": "Sample name 3",
            "powerBidScheduleMrid": "8b2d7997-978e-4dfb-a765-21d112a5ee2b",
            "resourceMrid": "decd86f4-cfc6-4e59-89e9-901637ab123f"
        }
    ],
    "powerShiftKeyList": [
        {
            "areaCode": "10YHR-HEP------M",
            "blockType": "generatorsAndConsumptionsP",
            "energyGroupMrid": "1b76adfe-0f93-43e4-ad9a-d3f17e62eebd",
            "resourceMrid": "06e4cc0b-c829-4bf7-863a-9485aaebe44a",
            "resourceType": "energyConsumer",
            "value": {
                "activePowerMax": null,
                "activePowerMin": null,
                "blockOrder": 5,
                "participationFactor": 95.71,
                "shiftDirection": "up"
            }
        },
        {
            "areaCode": "10YHR-HEP------M",
            "blockType": "explicitDistribution",
            "energyGroupMrid": "8177cf4d-71d1-4387-8979-9891350f49a7",
            "resourceMrid": "9723ee08-4c8a-44cc-9d6e-679c593bee9d",
            "resourceType": "hydroPump",
            "value": {
                "activePowerMax": 77.36,
                "activePowerMin": 69.16,
                "blockOrder": 7,
                "participationFactor": 28.2,
                "shiftDirection": "up"
            }
        }
    ]
}