{
    "businessTimestamp": "2025-01-06T00:30:00",
    "documentId": "c8d6ad0a-ed77-4ee6-b0c7-7670595292e6",
    "ownerCode": "10XSI-ELES-----1",
    "ownerRole": "Network Engineer",
    "timeHorizon": "dayAhead",
    "cdsId": "287c82da-c282-4e01-874f-f159ef44f974",
    "comoDocumentType": "INTERNAL_RA_FLAT_LIST",
    "comoDocumentVersion": "R24Q4V1_0",
    "gridModelId": "debf7ae8-69be-4afb-a3a2-e94f4b5edef6",
    "remedialActionListId": "40458e74-41dc-4789-b9d7-3c4d6f14588a",
    "timeInterval": {
        "from": "2025-01-06T00:00:00",
        "to": "2025-01-06T01:00:00"
    },
    "version": 1,
    "remedialActionGroupList": [
        {
            "description": "Sample description 1",
            "maxRegulatingDown": 18.38,
            "maxRegulatingUp": 62.94,
            "mrid": "42189935-3e50-41bb-84e4-cb9a46a5f64d",
            "name": "Sample name 1",
            "remedialActionDependencyList": [
                {
                    "enabled": true,
                    "kind": "none",
                    "mrid": "4e476d74-adce-4aed-a32c-82178069712e",
                    "remedialActionMrid": "cbb91b6a-f2ac-4ade-b3d4-ef15d3786555"
                },
                {
                    "enabled": true,
                    "kind": "exclusive",
                    "mrid": "e73f1b18-452a-4572-adf9-21dd669a9d84",
                    "remedialActionMrid": "0a57d7db-9358-4817-8f26-710707e34860"
                },
                {
                    "enabled": false,
                    "kind": "inclusive",
                    "mrid": "a7e3f107-fe2c-42a6-9478-6d5ee18afc3c",
                    "remedialActionMrid": "3ac08bcc-2143-4554-b3ad-4f7d2c5c4858"
                }
            ]
        }
    ],
    "gridStateAlterationRemedialActionList": [
        {
            "available": false,
            "description": "Sample description",
            "gridStateAlterationList": [
                {
                    "actionType": "batteryUnitAction",
                    "description": "Sample description 1",
                    "enabled": true,
                    "maximumPerDay": 2,
                    "minimumActivation": 22.17,
                    "mrid": "f2dbd18b-baa3-451e-b3f6-314f8a7362b1",
                    "name": "Sample name 1",
                    "powerSystemResourceMrid": "3de4c839-3e7a-4ee1-87ae-68f4e39a403f",
                    "propertyReference": "bdc10817-00b4-41f7-bcf1-8cb4e753db70",
                    "rangeConstraintList": [
                        {
                            "description": "Sample description 1",
                            "direction": "upAndDown",
                            "mrid": "53d98bce-a656-44c2-807c-6e730dd5b430",
                            "name": "Sample name 1",
                            "propertyRangeType": "static",
                            "propertyReference": "95a3fb35-11e0-4b80-b033-ea9fd0e759b2",
                            "value": 56.95,
                            "valueKind": "absolute"
                        },
                        {
                            "description": "Sample description 2",
                            "direction": "upAndDown",
                            "mrid": "38649bcf-d48f-45ec-a016-9919c6bf665b",
                            "name": "Sample name 2",
                            "propertyRangeType": "intertemporal",
                            "propertyReference": "fb0ca2ba-08ae-40d8-af13-f6b53459c0e5",
                            "value": 78.01,
                            "valueKind": "absolute"
                        },
                        {
                            "description": "Sample description 3",
                            "direction": "upAndDown",
                            "mrid": "a7e5be85-dbaf-4f79-a6f1-123a73d90b7e",
                            "name": "Sample name 3",
                            "propertyRangeType": "static",
                            "propertyReference": "bb15ad9a-80a2-4c38-be19-c0b3c6f48af2",
                            "value": 90.71,
                            "valueKind": "absolute"
                        }
                    ],
                    "timePerStage": 56.92
                }
            ],
            "impactThresholdMargin": 15.9,
            "isCrossBorderRelevant": true,
            "isManual": false,
            "kind": "preventive",
            "mrid": "cbb91b6a-f2ac-4ade-b3d4-ef15d3786555",
            "name": "Sample name",
            "penaltyFactor": 10.53,
            "regionCode": "606c8a5e-cefb-4d8e-8784-135c967802e7",
            "systemOperatorCode": "6f3639b3-9554-4c6d-b218-2f2a6f82972b",
            "timeToImplement": 6.86
        },
        {
            "available": true,
            "description": "Sample description",
            "gridStateAlterationList": [
                {
                    "actionType": "rotatingMachineAction",
                    "description": "Sample description 1",
                    "enabled": true,
                    "maximumPerDay": 18,
                    "minimumActivation": 26.86,
                    "mrid": "d226a472-d8bf-4d3b-b606-6d03af74f0ed",
                    "name": "Sample name 1",
                    "powerSystemResourceMrid": "850dd424-bee4-4318-9b16-5c52b877d162",
                    "propertyReference": "8db47b45-b41f-4f92-a1a3-24e82af64741",
                    "rangeConstraintList": [
                        {
                            "description": "Sample description 1",
                            "direction": "none",
                            "mrid": "883bfdd9-0df4-4b58-98c3-173fe283957c",
                            "name": "Sample name 1",
                            "propertyRangeType": "intertemporal",
                            "propertyReference": "e3646c26-733a-40d5-afad-ec1e5a56f09a",
                            "value": 10.68,
                            "valueKind": "incrementalPercentage"
                        }
                    ],
                    "timePerStage": 65.41
                },
                {
                    "actionType": "equivalentInjectionAction",
                    "description": "Sample description 2",
                    "enabled": false,
                    "maximumPerDay": 4,
                    "minimumActivation": 41.88,
                    "mrid": "1631cedf-afb7-4aba-8e0a-26208cbb88ed",
                    "name": "Sample name 2",
                    "powerSystemResourceMrid": "4dec3981-3c93-4a30-893c-626c0d79f2cb",
                    "propertyReference": "927755ad-5342-4779-8b5e-e1cc63fde1d0",
                    "rangeConstraintList": [
                        {
                            "description": "Sample description 1",
                            "direction": "down",
                            "mrid": "a4e43c10-24af-4956-adaa-da47e8b96f1b",
                            "name": "Sample name 1",
                            "propertyRangeType": "intertemporal",
                            "propertyReference": "f3e37a73-9f4f-4932-8dfe-924e08f87df9",
                            "value": 40.32,
                            "valueKind": "incrementalPercentage"
                        },
                        {
                            "description": "Sample description 2",
                            "direction": "up",
                            "mrid": "acf2bb85-b305-4d5d-9102-c488818ae062",
                            "name": "Sample name 2",
                            "propertyRangeType": "static",
                            "propertyReference": "2b5b640d-1007-4aac-a4fd-d221eb8afb46",
                            "value": 86.63,
                            "valueKind": "incrementalPercentage"
                        }
                    ],
                    "timePerStage": 37.2
                }
            ],
            "impactThresholdMargin": 49.71,
            "isCrossBorderRelevant": true,
            "isManual": false,
            "kind": "curative",
            "mrid": "0a57d7db-9358-4817-8f26-710707e34860",
            "name": "Sample name",
            "penaltyFactor": 27.69,
            "regionCode": "0528fc46-121e-4d87-91cf-82aa8446e55d",
            "systemOperatorCode": "7b48469b-0cbe-481a-9ba8-78417725d899",
            "timeToImplement": 87.72
        },
        {
            "available": true,
            "description": "Sample description",
            "gridStateAlterationList": [
                {
                    "actionType": "staticVarCompensatorAction",
                    "description": "Sample description 1",
                    "enabled": false,
                    "maximumPerDay": 20,
                    "minimumActivation": 45.86,
                    "mrid": "da3cca0b-2974-446e-8c47-fe8302de9713",
                    "name": "Sample name 1",
                    "powerSystemResourceMrid": "3c824363-0b9a-4832-b962-f0b04a8beb25",
                    "propertyReference": "a96dddea-1737-41a3-a141-8c20a050ac1e",
                    "rangeConstraintList": [
                        {
                            "description": "Sample description 1",
                            "direction": "upAndDown",
                            "mrid": "d4152e0a-30c9-4555-8dc9-b8f319a4fed0",
                            "name": "Sample name 1",
                            "propertyRangeType": "intertemporal",
                            "propertyReference": "88d2815e-62a1-4147-b3a2-7a994059ea19",
                            "value": 18.09,
                            "valueKind": "incremental"
                        }
                    ],
                    "timePerStage": 87.2
                },
                {
                    "actionType": "tapPositionAction",
                    "description": "Sample description 2",
                    "enabled": false,
                    "maximumPerDay": 3,
                    "minimumActivation": 85.85,
                    "mrid": "e7049bbe-463a-4bc0-b34b-92c9aaf81da5",
                    "name": "Sample name 2",
                    "powerSystemResourceMrid": "9e218075-69f1-4f9b-b7af-4ed12f0e01ff",
                    "propertyReference": "6bb95e10-6d4a-43c5-bbaa-7bb52b388732",
                    "rangeConstraintList": [
                        {
                            "description": "Sample description 1",
                            "direction": "up",
                            "mrid": "c974cfcd-13ac-4834-9dd0-eff9e0c3e67d",
                            "name": "Sample name 1",
                            "propertyRangeType": "intertemporal",
                            "propertyReference": "1db060c3-f61b-4d99-ad74-d5480dbd2080",
                            "value": 70.07,
                            "valueKind": "incremental"
                        },
                        {
                            "description": "Sample description 2",
                            "direction": "upAndDown",
                            "mrid": "353ed205-4171-41b8-b19d-4db05c133311",
                            "name": "Sample name 2",
                            "propertyRangeType": "intertemporal",
                            "propertyReference": "78121e4c-2df7-4349-bc4a-efa9e36f4ae4",
                            "value": 37.49,
                            "valueKind": "absolute"
                        },
                        {
                            "description": "Sample description 3",
                            "direction": "upAndDown",
                            "mrid": "53e400e2-6bd2-4344-9568-e313c3ca0afd",
                            "name": "Sample name 3",
                            "propertyRangeType": "intertemporal",
                            "propertyReference": "407c9695-7325-4541-975a-4912dcd82dfa",
                            "value": 23.9,
                            "valueKind": "incremental"
                        }
                    ],
                    "timePerStage": 91.63
                },
                {
                    "actionType": "topologyAction",
                    "description": "Sample description 3",
                    "enabled": true,
                    "maximumPerDay": 5,
                    "minimumActivation": 65.91,
                    "mrid": "6ec62e38-a159-4192-bfaf-280cc7aca102",
                    "name": "Sample name 3",
                    "powerSystemResourceMrid": "62816c1f-3a5b-4cfc-97de-4b2a159d6198",
                    "propertyReference": "bdaed0c3-17bf-4ec2-aac2-6c482b1ac27f",
                    "rangeConstraintList": [
                        {
                            "description": "Sample description 1",
                            "direction": "none",
                            "mrid": "34d6393a-19a2-4872-a04b-a014d39324d1",
                            "name": "Sample name 1",
                            "propertyRangeType": "intertemporal",
                            "propertyReference": "5acabaf3-73e0-443c-978c-25067e6ead30",
                            "value": 74.58,
                            "valueKind": "incremental"
                        },
                        {
                            "description": "Sample description 2",
                            "direction": "down",
                            "mrid": "6c9c4a6a-69ec-44b5-ad5f-74ff88ca734c",
                            "name": "Sample name 2",
                            "propertyRangeType": "static",
                            "propertyReference": "f66c5111-2163-48cb-8bcc-5abd6c76901f",
                            "value": 63.79,
                            "valueKind": "incremental"
                        },
                        {
                            "description": "Sample description 3",
                            "direction": "down",
                            "mrid": "d4adf2ec-34fa-4c63-bc75-e637ba06a4c6",
                            "name": "Sample name 3",
                            "propertyRangeType": "intertemporal",
                            "propertyReference": "be301056-0c2d-43ac-8b0f-e13906ab61f1",
                            "value": 89.61,
                            "valueKind": "incremental"
                        }
                    ],
                    "timePerStage": 28.48
                }
            ],
            "impactThresholdMargin": 10.39,
            "isCrossBorderRelevant": false,
            "isManual": false,
            "kind": "preventive",
            "mrid": "3ac08bcc-2143-4554-b3ad-4f7d2c5c4858",
            "name": "Sample name",
            "penaltyFactor": 70.67,
            "regionCode": "29a5951e-28ab-4e07-9534-b65b9ddcdd76",
            "systemOperatorCode": "6214b50c-b821-4075-a79d-42dbf3d2af9f",
            "timeToImplement": 15.7
        }
    ],
    "powerRemedialActionList": [
        {
            "available": true,
            "biddingZoneCode": "619608e0-cf41-4771-ab1b-12917a2317db",
            "description": "Sample description 1",
            "glskStrategy": "loadFlat",
            "impactThresholdMargin": 32.66,
            "isCrossBorderRelevant": false,
            "isManual": true,
            "kind": "curative",
            "maxEconomicP": 92.36,
            "maxRegulatingDown": 4.57,
            "maxRegulatingUp": 97.66,
            "minEconomicP": 83.26,
            "mrid": "06f4e9e6-eb41-4659-b61e-f0a619abe2e3",
            "name": "Sample name 1",
            "penaltyFactor": 78.27,
            "powerRemedialActionType": "redispatch",
            "regionCode": "d8273854-30fd-405a-8eb8-1f9e9092a1cb",
            "shiftMethod": "shared",
            "systemOperatorCode": "1c000608-54ad-426e-8155-8d7a7a9ab5ee",
            "timeToImplement": 33.23
        }
    ],
    "contingencyWithRemedialActionList": [
        {
            "combinationConstraintKind": "excluded",
            "contingencyMrid": "bbcf51c2-fa1e-4c6f-9919-3c11f7e20cf0",
            "enabled": true,
            "mrid": "e7d9ea60-61c7-4c51-bfb0-636141adb24b",
            "remedialActionMrid": "3e7550cf-a4f4-46b2-911a-202fb103a74a"
        },
        {
            "combinationConstraintKind": "excluded",
            "contingencyMrid": "5be0d5d0-957d-4798-9d26-313076cd944c",
            "enabled": true,
            "mrid": "fe032801-f363-44df-accb-697f3612caa7",
            "remedialActionMrid": "9a2b80e9-5bdf-4ad1-9971-7abc0dd4be5a"
        }
    ],
    "powerBidScheduleList": [
        {
            "currency": "USD",
            "description": "Sample description 1",
            "direction": "down",
            "glskBidActionDistributionList": [
                {
                    "description": "Sample description 1",
                    "energyBlockOrderMrid": "b864ed24-c4cc-42ac-a5d4-be98efda6d07",
                    "energyConsumerMrid": "84a86b57-1547-44ae-ba08-949cbda9cd42",
                    "energyGroupMrid": "cf191c45-5f78-4114-adb3-062572090756",
                    "generatingUnitMrid": "d61fcdcb-fa96-45ed-b861-e81fb8aacdc5",
                    "glskScheduleMrid": "7a658852-47b7-448b-b73f-d4d1dad773a3",
                    "hydroPumpMrid": "c8faa465-a71d-4338-a9bb-1d66fe6d9ba6",
                    "mrid": "2249e6f6-dfce-4c4b-9acd-7ed70b79f49b",
                    "name": "Sample name 1",
                    "participationFactor": 1.86,
                    "powerElectronicsUnitMrid": "c199af10-b106-410f-b266-60a30dbf795c",
                    "scheduleResourceMrid": "9fe05e1f-20e5-48f0-8177-589c833c239b"
                }
            ],
            "interpolationKind": "next",
            "isOffer": true,
            "leadTime": 92.04,
            "maximumUpTime": 18.31,
            "minimumActivationP": 19.11,
            "minimumOffTime": 45.61,
            "minimumUpTime": 60.18,
            "mrid": "45e6dab2-09e2-4fc9-8957-fe869fbf2cf7",
            "name": "Sample name 1",
            "p": 9.45,
            "powerBidDependencyList": [
                {
                    "delay": 53.86,
                    "dependentPowerGridScheduleMrid": "d4eabfcd-cc2b-4422-b495-556a19b908c4",
                    "kind": "restrictive",
                    "mrid": "985942d4-fc25-4d19-9e2c-b031fdd082dc"
                }
            ],
            "powerRemedialActionMrid": "0948f2a3-20d3-4ce4-bc9b-d28bcf113b20",
            "price": 52.3,
            "priority": 7,
            "reservePrice": 22.8,
            "shutdownCost": 70.93,
            "startUpCost": 10.63,
            "stepIncrementP": 54.73,
            "totalMaximumEnergy": 36.28,
            "totalMinimumEnergy": 68.45
        }
    ],
    "powerShiftKeyDistributionList": [
        {
            "description": "Sample description 1",
            "mrid": "bc06f906-5a8e-4792-b540-008ea00ca542",
            "name": "Sample name 1",
            "powerBidScheduleMrid": "7e4ae814-4bbe-43bb-817f-5810c739a482",
            "resourceMrid": "8d38e507-12d0-4a7b-844c-98b20719a22a"
        }
    ],
    "powerShiftKeyList": [
        {
            "areaCode": "10YSI-ELES-----O",
            "blockType": "storageFlat",
            "energyGroupMrid": "62a978f6-fec6-41e5-8595-46ffc42170be",
            "resourceMrid": "d339495a-166c-49d9-9258-68e66464a5e1",
            "resourceType": "hydroPump",
            "value": {
                "activePowerMax": null,
                "activePowerMin": null,
                "blockOrder": 2,
                "participationFactor": 4.57,
                "shiftDirection": "down"
            }
        },
        {
            "areaCode": "10YSI-ELES-----O",
            "blockType": "generatorsPmax",
            "energyGroupMrid": "e8a9cdc6-47d6-4db2-b75a-36573af44b4d",
            "resourceMrid": "3ebf7ecd-fabc-4a85-b9b6-e980c46a30de",
            "resourceType": "powerElectronicsUnit",
            "value": {
                "activePowerMax": null,
                "activePowerMin": null,
                "blockOrder": 6,
                "participationFactor": 42.4,
                "shiftDirection": "down"
            }
        }
    ]
}