{
    "businessTimestamp": "2025-01-10T00:30:00",
    "documentId": "a85b1565-9ab1-4d30-892e-b0f1d63c6643",
    "ownerCode": "10XPL-TSO------P",
    "ownerRole": "Network Engineer",
    "timeHorizon": "dayAhead",
    "cdsId": "d009998b-c93e-484e-acac-aad83063690e",
    "comoDocumentType": "INTERNAL_RA_FLAT_LIST",
    "comoDocumentVersion": "R24Q4V1_0",
    "gridModelId": "49be165e-5959-4fd3-a23b-64d0b85095b2",
    "remedialActionListId": "cec18bb3-8b5c-402a-a817-09be61e8d4f3",
    "timeInterval": {
        "from": "2025-01-10T00:00:00",
        "to": "2025-01-10T01:00:00"
    },
    "version": 1,
    "remedialActionGroupList": [
        {
            "description": "Sample description 1",
            "maxRegulatingDown": 70.21,
            "maxRegulatingUp": 82.97,
            "mrid": "817f5f9a-b2a5-4297-ba12-246aab3d2890",
            "name": "Sample name 1",
            "remedialActionDependencyList": [
                {
                    "enabled": true,
                    "kind": "exclusive",
                    "mrid": "7f0ea6af-8918-4c52-917e-7f6c86dc3437",
                    "remedialActionMrid": "282b584e-e7c9-4047-b834-99920bce8479"
                },
                {
                    "enabled": true,
                    "kind": "inclusive",
                    "mrid": "af369359-5bee-46c8-ab99-49a1862d7e79",
                    "remedialActionMrid": "c4f95f0d-15c6-4b80-b8e3-367906ca83de"
                },
                {
                    "enabled": true,
                    "kind": "none",
                    "mrid": "a902e09e-b4bc-4e1f-817b-f9759bc87c03",
                    "remedialActionMrid": "9693b483-01ad-4b70-9719-1c8a0528d691"
                }
            ]
        }
    ],
    "gridStateAlterationRemedialActionList": [
        {
            "available": true,
            "description": "Sample description",
            "gridStateAlterationList": [
                {
                    "actionType": "regulatingControlAction",
                    "description": "Sample description 1",
                    "enabled": true,
                    "maximumPerDay": 17,
                    "minimumActivation": 4.59,
                    "mrid": "3a9a3ef5-5358-4652-977e-08c5be7bfa85",
                    "name": "Sample name 1",
                    "powerSystemResourceMrid": "3097dc22-13c6-4acc-a560-d4d442d68077",
                    "propertyReference": "00ce817a-267a-4f10-a0c5-0036db93b8ad",
                    "rangeConstraintList": [
                        {
                            "description": "Sample description 1",
                            "direction": "down",
                            "mrid": "56735b73-3499-4e58-9dea-b050eb55face",
                            "name": "Sample name 1",
                            "propertyRangeType": "intertemporal",
                            "propertyReference": "a8d441a9-43c2-4b8a-8371-781556babd7c",
                            "value": 80.52,
                            "valueKind": "absolute"
                        },
                        {
                            "description": "Sample description 2",
                            "direction": "none",
                            "mrid": "4358575f-f227-4340-a86a-d31fdd889e1e",
                            "name": "Sample name 2",
                            "propertyRangeType": "intertemporal",
                            "propertyReference": "c55abd5b-6133-4799-ba38-54679fdfee24",
                            "value": 48.91,
                            "valueKind": "incremental"
                        }
                    ],
                    "timePerStage": 38.99
                }
            ],
            "impactThresholdMargin": 80.9,
            "isCrossBorderRelevant": false,
            "isManual": false,
            "kind": "curative",
            "mrid": "282b584e-e7c9-4047-b834-99920bce8479",
            "name": "Sample name",
            "penaltyFactor": 47.75,
            "regionCode": "3efb6436-feb5-45ee-b303-b98c1255af4a",
            "systemOperatorCode": "05672430-cac6-417b-af62-e7cc8ea872e8",
            "timeToImplement": 97.22
        },
        {
            "available": true,
            "description": "Sample description",
            "gridStateAlterationList": [
                {
                    "actionType": "equipmentControllerAction",
                    "description": "Sample description 1",
                    "enabled": true,
                    "maximumPerDay": 14,
                    "minimumActivation": 80.65,
                    "mrid": "a05d8f48-62d9-4890-981c-c189bd809ef5",
                    "name": "Sample name 1",
                    "powerSystemResourceMrid": "239a2ffb-cb40-4552-95aa-edf3e0006034",
                    "propertyReference": "fe263b8a-e6b5-44d5-95fc-560e9a5dc85f",
                    "rangeConstraintList": [
                        {
                            "description": "Sample description 1",
                            "direction": "none",
                            "mrid": "1d1f9148-fcb6-4bcd-9220-52d05546a226",
                            "name": "Sample name 1",
                            "propertyRangeType": "intertemporal",
                            "propertyReference": "c73cf6e9-8d02-44ee-986e-f701327af83f",
                            "value": 2.85,
                            "valueKind": "incrementalPercentage"
                        },
                        {
                            "description": "Sample description 2",
                            "direction": "up",
                            "mrid": "714c370b-d752-4a2e-b726-046bf90d1146",
                            "name": "Sample name 2",
                            "propertyRangeType": "intertemporal",
                            "propertyReference": "408e802e-6a65-47da-ae11-41c90b4f0361",
                            "value": 22.32,
                            "valueKind": "incremental"
                        }
                    ],
                    "timePerStage": 65.83
                },
                {
                    "actionType": "rotatingMachineAction",
                    "description": "Sample description 2",
                    "enabled": true,
                    "maximumPerDay": 4,
                    "minimumActivation": 48.95,
                    "mrid": "cb5d0ae9-8b05-4925-93ec-554b5f66290c",
                    "name": "Sample name 2",
                    "powerSystemResourceMrid": "cfd10409-423d-4733-aae1-5ae5eb55c66e",
                    "propertyReference": "a5276cf9-3eb3-4c82-8156-1895a82b03bd",
                    "rangeConstraintList": [
                        {
                            "description": "Sample description 1",
                            "direction": "down",
                            "mrid": "eacf63c5-4352-4e51-8442-33281561005b",
                            "name": "Sample name 1",
                            "propertyRangeType": "intertemporal",
                            "propertyReference": "550006e0-0905-450f-8eeb-8acf5fa45595",
                            "value": 97.76,
                            "valueKind": "incrementalPercentage"
                        },
                        {
                            "description": "Sample description 2",
                            "direction": "down",
                            "mrid": "492f3d2c-d7e6-4b0e-befb-f78020b51b55",
                            "name": "Sample name 2",
                            "propertyRangeType": "intertemporal",
                            "propertyReference": "514353ed-9728-4cc4-9e82-53351907b8d7",
                            "value": 16.09,
                            "valueKind": "incremental"
                        },
                        {
                            "description": "Sample description 3",
                            "direction": "down",
                            "mrid": "74af453a-61f3-454b-8901-2e2684330ebc",
                            "name": "Sample name 3",
                            "propertyRangeType": "static",
                            "propertyReference": "cc57f5bd-2652-4c2f-a53a-e5f57e57ea28",
                            "value": 55.15,
                            "valueKind": "incrementalPercentage"
                        }
                    ],
                    "timePerStage": 70.81
                }
            ],
            "impactThresholdMargin": 71.43,
            "isCrossBorderRelevant": false,
            "isManual": false,
            "kind": "curative",
            "mrid": "c4f95f0d-15c6-4b80-b8e3-367906ca83de",
            "name": "Sample name",
            "penaltyFactor": 86.43,
            "regionCode": "77301893-a654-411c-8483-540ba7879e13",
            "systemOperatorCode": "240dd92a-535a-414a-b642-ea97789e6488",
            "timeToImplement": 99.27
        },
        {
            "available": true,
            "description": "Sample description",
            "gridStateAlterationList": [
                {
                    "actionType": "topologyAction",
                    "description": "Sample description 1",
                    "enabled": true,
                    "maximumPerDay": 7,
                    "minimumActivation": 95.24,
                    "mrid": "2968f9f4-7261-400c-a877-c62adbfc222f",
                    "name": "Sample name 1",
                    "powerSystemResourceMrid": "05f3f5cc-b397-4fb6-8eba-1af284ac159d",
                    "propertyReference": "bd2c84e2-9b18-4e3b-92bc-dc0d60ae6e98",
                    "rangeConstraintList": [
                        {
                            "description": "Sample description 1",
                            "direction": "up",
                            "mrid": "cdc6cda3-fb9d-4dad-b5eb-615a6f22f48d",
                            "name": "Sample name 1",
                            "propertyRangeType": "static",
                            "propertyReference": "e473d0af-c3f6-4a5c-aaa2-640150a512ef",
                            "value": 45.38,
                            "valueKind": "incrementalPercentage"
                        }
                    ],
                    "timePerStage": 20.57
                },
                {
                    "actionType": "powerElectronicsConnectionAction",
                    "description": "Sample description 2",
                    "enabled": false,
                    "maximumPerDay": 18,
                    "minimumActivation": 47.42,
                    "mrid": "962eb63b-ebe7-49e4-a0c8-73b2fb6660fd",
                    "name": "Sample name 2",
                    "powerSystemResourceMrid": "78b63685-718c-4dd3-9931-269d7cdbd01a",
                    "propertyReference": "b9005d31-7ffa-4f17-8d5b-d2c4e09ddc8d",
                    "rangeConstraintList": [
                        {
                            "description": "Sample description 1",
                            "direction": "upAndDown",
                            "mrid": "5322e3f6-bb2a-480e-9faf-c9c91f649584",
                            "name": "Sample name 1",
                            "propertyRangeType": "intertemporal",
                            "propertyReference": "3d4d55f7-11bf-4ead-a419-3edd6ba03f53",
                            "value": 61.12,
                            "valueKind": "incremental"
                        },
                        {
                            "description": "Sample description 2",
                            "direction": "down",
                            "mrid": "51a2dc3a-0894-4fdb-b9ee-5445fb0e7517",
                            "name": "Sample name 2",
                            "propertyRangeType": "intertemporal",
                            "propertyReference": "f04ecf50-3d87-4d8d-acbb-4f0c28acd935",
                            "value": 3.12,
                            "valueKind": "incrementalPercentage"
                        },
                        {
                            "description": "Sample description 3",
                            "direction": "down",
                            "mrid": "df5ae418-24d5-4bca-8ef6-12ee4a3732e0",
                            "name": "Sample name 3",
                            "propertyRangeType": "static",
                            "propertyReference": "85af6d05-4e87-49ec-a95f-b4bb4964dec5",
                            "value": 89.09,
                            "valueKind": "incremental"
                        }
                    ],
                    "timePerStage": 13.19
                }
            ],
            "impactThresholdMargin": 12.89,
            "isCrossBorderRelevant": false,
            "isManual": true,
            "kind": "curative",
            "mrid": "9693b483-01ad-4b70-9719-1c8a0528d691",
            "name": "Sample name",
            "penaltyFactor": 81.06,
            "regionCode": "fd9b14be-8ac3-4850-a854-7275a28c1b48",
            "systemOperatorCode": "18d391b4-3b1f-446b-b504-824364b9133f",
            "timeToImplement": 33.43
        }
    ],
    "powerRemedialActionList": [
        {
            "available": true,
            "biddingZoneCode": "5daad0af-7fad-409b-8f26-f9c32df49f9a",
            "description": "Sample description 1",
            "glskStrategy": "generatorPmax",
            "impactThresholdMargin": 92.44,
            "isCrossBorderRelevant": false,
            "isManual": false,
            "kind": "preventive",
            "maxEconomicP": 51.84,
            "maxRegulatingDown": 16.97,
            "maxRegulatingUp": 73.56,
            "minEconomicP": 56.61,
            "mrid": "1800e423-ac7c-4d62-8127-839ea0ec6f06",
            "name": "Sample name 1",
            "penaltyFactor": 29.56,
            "powerRemedialActionType": "redispatch",
            "regionCode": "9548aaa6-df58-489a-9cc6-6618db624a42",
            "shiftMethod": "priority",
            "systemOperatorCode": "d0d81286-42b0-4c60-9474-b34373f5a53a",
            "timeToImplement": 65.02
        },
        {
            "available": false,
            "biddingZoneCode": "0578c1d7-3068-4f99-838b-0a0fdfe83754",
            "description": "Sample description 2",
            "glskStrategy": "explicitSchedule",
            "impactThresholdMargin": 21.08,
            "isCrossBorderRelevant": true,
            "isManual": false,
            "kind": "curative",
            "maxEconomicP": 40.64,
            "maxRegulatingDown": 71.4,
            "maxRegulatingUp": 47.99,
            "minEconomicP": 39.65,
            "mrid": "65262e87-1189-4a68-9016-ff454ae3e988",
            "name": "Sample name 2",
            "penaltyFactor": 30.81,
            "powerRemedialActionType": "redispatch",
            "regionCode": "04537cf7-add3-4315-b17d-bed13d5e754a",
            "shiftMethod": "priority",
            "systemOperatorCode": "3e071839-d39f-4744-8c41-fe36de690716",
            "timeToImplement": 89.1
        },
        {
            "available": true,
            "biddingZoneCode": "ba678dd1-6bad-49c7-bf06-86a00c01ec8e",
            "description": "Sample description 3",
            "glskStrategy": "explicitInstruction",
            "impactThresholdMargin": 84.33,
            "isCrossBorderRelevant": true,
            "isManual": false,
            "kind": "preventive",
            "maxEconomicP": 25.53,
            "maxRegulatingDown": 13.39,
            "maxRegulatingUp": 3.85,
            "minEconomicP": 78.7,
            "mrid": "1bbf6ad5-d207-4952-bd11-3db6b255b5df",
            "name": "Sample name 3",
            "penaltyFactor": 12.86,
            "powerRemedialActionType": "redispatch",
            "regionCode": "67b7239c-343b-4cda-9544-75713d8744e5",
            "shiftMethod": "shared",
            "systemOperatorCode": "9cab8c60-f3e4-44ef-8233-cf461e72c686",
            "timeToImplement": 88.77
        }
    ],
    "contingencyWithRemedialActionList": [
        {
            "combinationConstraintKind": "excluded",
            "contingencyMrid": "9a2afcc7-a94a-4b51-bb24-cbc4f0cb65d6",
            "enabled": false,
            "mrid": "6083296c-e4b4-4355-a618-51092d3fd46b",
            "remedialActionMrid": "a76455ef-fd7a-4cb9-ad6a-03242cb89f41"
        },
        {
            "combinationConstraintKind": "considered",
            "contingencyMrid": "79dd76d3-1b32-4768-8b0f-013421e94a5b",
            "enabled": false,
            "mrid": "be131cb4-6b84-4243-98a3-74f5a32cbfa6",
            "remedialActionMrid": "46d7dcc0-dea7-4b1e-bd43-d4393db7ba84"
        }
    ],
    "powerBidScheduleList": [
        {
            "currency": "USD",
            "description": "Sample description 1",
            "direction": "down",
            "glskBidActionDistributionList": [
                {
                    "description": "Sample description 1",
                    "energyBlockOrderMrid": "ad781e54-2031-4637-bb81-c242d65b6d3b",
                    "energyConsumerMrid": "8a9148eb-58f2-4918-b0e0-d5edbde5d4b4",
                    "energyGroupMrid": "f8fec45e-4d6d-4883-829d-de1eba93f830",
                    "generatingUnitMrid": "84750e5a-4d06-467c-be5b-8bb4564a5021",
                    "glskScheduleMrid": "d3d033b0-b2a3-41d6-8936-4751dea89e51",
                    "hydroPumpMrid": "782c641e-99d8-473f-8b4c-c3a0aded7bc0",
                    "mrid": "a4722881-3939-4d11-ae1c-1d904fe5b5bb",
                    "name": "Sample name 1",
                    "participationFactor": 64.52,
                    "powerElectronicsUnitMrid": "6f89abb2-2e4c-4b0c-ba96-a13818209fc9",
                    "scheduleResourceMrid": "69bd706b-46f4-4b68-ad3d-2efb28b8d25c"
                }
            ],
            "interpolationKind": "next",
            "isOffer": false,
            "leadTime": 69.94,
            "maximumUpTime": 91.9,
            "minimumActivationP": 38.72,
            "minimumOffTime": 5.66,
            "minimumUpTime": 43.18,
            "mrid": "83184d20-3f09-4dcf-b726-4b5abedeb5bd",
            "name": "Sample name 1",
            "p": 11.58,
            "powerBidDependencyList": [
                {
                    "delay": 5.8,
                    "dependentPowerGridScheduleMrid": "4bc5ec07-87c2-4921-b4f3-7a3c06fb1387",
                    "kind": "exclusive",
                    "mrid": "aca67752-5480-4e6f-aee4-05a1a173d2b0"
                },
                {
                    "delay": 75.72,
                    "dependentPowerGridScheduleMrid": "e38a21ce-0cb7-457d-845c-b1c4b675ba62",
                    "kind": "restrictive",
                    "mrid": "de795a42-bc3c-4cb2-a8cb-a2e44d3ba2b5"
                },
                {
                    "delay": 37.66,
                    "dependentPowerGridScheduleMrid": "7e6c67ad-1179-4dee-9bbc-1df92be3f10b",
                    "kind": "inclusive",
                    "mrid": "368f59a1-1bc0-4528-80f2-beab18a14883"
                }
            ],
            "powerRemedialActionMrid": "767523e7-25e9-4d5d-85f5-07f51d008f1f",
            "price": 88.75,
            "priority": 9,
            "reservePrice": 86.27,
            "shutdownCost": 17.4,
            "startUpCost": 84.43,
            "stepIncrementP": 28.8,
            "totalMaximumEnergy": 11.76,
            "totalMinimumEnergy": 26.4
        },
        {
            "currency": "GBP",
            "description": "Sample description 2",
            "direction": "down",
            "glskBidActionDistributionList": [
                {
                    "description": "Sample description 1",
                    "energyBlockOrderMrid": "41bdb01a-a987-4206-8187-5d1672b3b892",
                    "energyConsumerMrid": "ab51b27d-3af1-4c63-bcf6-e97c3c871e03",
                    "energyGroupMrid": "a42bbe13-e6f8-4ad4-beae-71af637d5cdf",
                    "generatingUnitMrid": "aa57c94b-a8f6-41b6-8805-2c01fbdeb7e9",
                    "glskScheduleMrid": "fe179d37-ee5c-496b-b353-38438b52cca3",
                    "hydroPumpMrid": "247f0407-a445-497f-b6ca-5cb4241fea7d",
                    "mrid": "d759358a-eb38-48ed-a2d1-5ca46e7d9e8e",
                    "name": "Sample name 1",
                    "participationFactor": 85.25,
                    "powerElectronicsUnitMrid": "2616b4d8-f675-4b09-8cd2-a65da281ad59",
                    "scheduleResourceMrid": "6c0ec19d-fffb-45ee-b7ee-32ca23f1ea19"
                },
                {
                    "description": "Sample description 2",
                    "energyBlockOrderMrid": "2d05473b-7f8e-401b-9392-5aee94981ad6",
                    "energyConsumerMrid": "939c80a5-f29f-40c0-8b13-49423b204e42",
                    "energyGroupMrid": "80c9ca96-30b4-4c60-afe4-48e5272cdb70",
                    "generatingUnitMrid": "835f55e9-d907-4169-90ab-e164ab65646d",
                    "glskScheduleMrid": "ae21c7e5-b215-4a13-b1e4-1ef2016052e3",
                    "hydroPumpMrid": "b5d37375-4e93-4f76-a9bd-cbd051ca5bbf",
                    "mrid": "7a386750-cf5f-4f3a-9e13-4c7323c8ada1",
                    "name": "Sample name 2",
                    "participationFactor": 39.62,
                    "powerElectronicsUnitMrid": "c8806656-2d40-4295-bd68-3a86c079f243",
                    "scheduleResourceMrid": "c2f01496-c28f-4272-aa4a-b03448ae335e"
                },
                {
                    "description": "Sample description 3",
                    "energyBlockOrderMrid": "174cddee-203b-470f-9fd0-26f00eaebee1",
                    "energyConsumerMrid": "edf9f662-40f7-4dac-94d8-d9892c9deee6",
                    "energyGroupMrid": "70707700-fa6c-4ac8-ac9d-dd71a48a15df",
                    "generatingUnitMrid": "d2c83db8-9833-4929-9790-7a1e3a46d916",
                    "glskScheduleMrid": "eddadfd0-a4bb-44f9-9956-f36a93a2ce09",
                    "hydroPumpMrid": "09592ecf-971f-4fb1-aa5a-7d886ac800d9",
                    "mrid": "c5eea373-d1c9-4287-8af6-224ce926c5a8",
                    "name": "Sample name 3",
                    "participationFactor": 20.53,
                    "powerElectronicsUnitMrid": "4ddd3872-390d-44c5-a1cf-0e2e5c350528",
                    "scheduleResourceMrid": "5a5dd9fa-c1cc-472c-96b6-208a79dca6e1"
                }
            ],
            "interpolationKind": "none",
            "isOffer": true,
            "leadTime": 39.82,
            "maximumUpTime": 99.68,
            "minimumActivationP": 83.23,
            "minimumOffTime": 38.36,
            "minimumUpTime": 82.07,
            "mrid": "e34e6209-723e-48f6-9402-dccb10393e50",
            "name": "Sample name 2",
            "p": 73.34,
            "powerBidDependencyList": [
                {
                    "delay": 86.43,
                    "dependentPowerGridScheduleMrid": "70129422-0613-4a70-876a-adb6acced217",
                    "kind": "inclusive",
                    "mrid": "213d24f2-910c-4b01-be14-523de2228bcb"
                },
                {
                    "delay": 26.34,
                    "dependentPowerGridScheduleMrid": "098c2218-ff58-4314-96e2-1692bd144724",
                    "kind": "exclusive",
                    "mrid": "1d523655-bf71-45d7-b4c6-b7a123c4c648"
                }
            ],
            "powerRemedialActionMrid": "3b44a612-c4e8-4f73-bab6-a9f75f88ea35",
            "price": 38.24,
            "priority": 2,
            "reservePrice": 84.88,
            "shutdownCost": 11.09,
            "startUpCost": 5.16,
            "stepIncrementP": 68.99,
            "totalMaximumEnergy": 19.32,
            "totalMinimumEnergy": 74.19
        }
    ],
    "powerShiftKeyDistributionList": [
        {
            "description": "Sample description 1",
            "mrid": "1e3140a8-44b6-49f3-b9f2-8e7478a91bbb",
            "name": "Sample name 1",
            "powerBidScheduleMrid": "44786c7b-b18f-4682-b4a7-f37ca31f80bc",
            "resourceMrid": "bafadbe1-d349-46ea-b323-f6c73cbbd4f4"
        }
    ],
    "powerShiftKeyList": [
        {
            "areaCode": "10YPL-AREA-----S",
            "blockType": "consumptionsP",
            "energyGroupMrid": "4f01097d-16f5-4b63-8e03-7e446d620ceb",
            "resourceMrid": "f38c0a4a-ca8c-49eb-bedd-6125b78d3574",
            "resourceType": "hydroPump",
            "value": {
                "activePowerMax": null,
                "activePowerMin": null,
                "blockOrder": 1,
                "participationFactor": 17.99,
                "shiftDirection": "down"
            }
        }
    ]
}