{
    "businessTimestamp": null,
    "cdsId": "266cf47a-1dc6-4183-9374-24e63f575be0",
    "comoDocumentType": "INTERNAL_RA_FLAT_LIST",
    "comoDocumentVersion": "R24Q4V1_0",
    "contingencyWithRemedialActionList": null,
    "documentId": "26e254d6-2aaf-4492-8994-1716a90f4e32",
    "gridModelId": "4358b865-70d0-433a-bc58-0a94509ea69c",
    "gridStateAlterationRemedialActionList": null,
    "ownerCode": "10XDE-RWENET---W",
    "ownerRole": "Network Engineer",
    "powerBidScheduleList": [
        {
            "currency": "GBP",
            "description": null,
            "direction": null,
            "glskBidActionDistributionList": [
                {
                    "description": "Sample description 1",
                    "energyBlockOrderMrid": "3843e7da-dc9c-4a4a-b51a-a3af8339126f",
                    "energyConsumerMrid": null,
                    "energyGroupMrid": null,
                    "generatingUnitMrid": "7156cd4c-60aa-46e1-b7fb-7d7f1b14b9c3",
                    "glskScheduleMrid": "eb7b1532-8d35-4e17-8daa-f9513630c652",
                    "hydroPumpMrid": "1cd1b816-42a9-433d-a679-79e076ece973",
                    "mrid": "dfa264b4-e4b7-4c14-8151-867cc2e1931a",
                    "name": null,
                    "participationFactor": 82.66,
                    "powerElectronicsUnitMrid": "92cbe504-bcea-4726-a937-2ee89aca6cf4",
                    "scheduleResourceMrid": null
                },
                {
                    "description": null,
                    "energyBlockOrderMrid": null,
                    "energyConsumerMrid": null,
                    "energyGroupMrid": "87ee69bc-eb90-4dc7-be61-66b5dc6c3811",
                    "generatingUnitMrid": null,
                    "glskScheduleMrid": "f4e1f022-a3da-4abe-9129-dad4d1f0b1ba",
                    "hydroPumpMrid": "c1ec4b91-3404-4d40-b136-2c869f6883db",
                    "mrid": "c01b92aa-9071-48a7-9d05-7972c47e436f",
                    "name": "Sample name 2",
                    "participationFactor": 98.61,
                    "powerElectronicsUnitMrid": "0187ae62-cb5a-4723-89dc-ff568b46f388",
                    "scheduleResourceMrid": null
                }
            ],
            "interpolationKind": "none",
            "isOffer": true,
            "leadTime": null,
            "maximumUpTime": null,
            "minimumActivationP": 69.36,
            "minimumOffTime": null,
            "minimumUpTime": 22.76,
            "mrid": "5660e93c-dbdf-4c5d-9392-8f5d9df8f0cc",
            "name": null,
            "p": 57.6,
            "powerBidDependencyList": null,
            "powerRemedialActionMrid": "111edb26-65ab-4317-b7fc-4adaf1b8bb51",
            "price": null,
            "priority": 3,
            "reservePrice": null,
            "shutdownCost": 43.27,
            "startUpCost": 61.8,
            "stepIncrementP": null,
            "totalMaximumEnergy": null,
            "totalMinimumEnergy": 32.05
        }
    ],
    "powerRemedialActionList": [
        {
            "available": false,
            "biddingZoneCode": "36f49dd6-25b1-4ee1-8545-cbda624cbdb7",
            "description": "Sample description 1",
            "glskStrategy": "generatorFlat",
            "impactThresholdMargin": 46.08,
            "isCrossBorderRelevant": false,
            "isManual": true,
            "kind": "curative",
            "maxEconomicP": null,
            "maxRegulatingDown": 81.41,
            "maxRegulatingUp": 33.29,
            "minEconomicP": null,
            "mrid": "73050b77-8867-4123-a016-1f0e563ca991",
            "name": "Sample name 1",
            "penaltyFactor": null,
            "powerRemedialActionType": "redispatch",
            "regionCode": "f1814295-a4c1-49c5-9519-9f4c62fa75d8",
            "shiftMethod": null,
            "systemOperatorCode": "998a51eb-85d2-40b2-a38b-bd4bfb4dd03f",
            "timeToImplement": null
        },
        {
            "available": false,
            "biddingZoneCode": "391d7c1f-459b-4c0f-bd72-2b78e8ecbf6f",
            "description": null,
            "glskStrategy": "generatorPmax",
            "impactThresholdMargin": 31.93,
            "isCrossBorderRelevant": true,
            "isManual": false,
            "kind": "preventive",
            "maxEconomicP": 34.69,
            "maxRegulatingDown": 34.22,
            "maxRegulatingUp": 54.03,
            "minEconomicP": 41.72,
            "mrid": "501356ce-3b37-4a57-9eca-ed6e180a193e",
            "name": "Sample name 2",
            "penaltyFactor": 35.96,
            "powerRemedialActionType": "countertrade",
            "regionCode": "fbcefda2-79fd-4244-acc6-f6fa852c731e",
            "shiftMethod": "priority",
            "systemOperatorCode": "3c7858f1-56b0-44fc-a01a-9063b7272464",
            "timeToImplement": null
        },
        {
            "available": true,
            "biddingZoneCode": "02d0c857-f287-41ce-aafd-2333f9be569d",
            "description": null,
            "glskStrategy": "proportionalForGenerator",
            "impactThresholdMargin": null,
            "isCrossBorderRelevant": true,
            "isManual": true,
            "kind": "preventive",
            "maxEconomicP": null,
            "maxRegulatingDown": null,
            "maxRegulatingUp": null,
            "minEconomicP": 6.63,
            "mrid": "ddca86b4-2c5c-4180-b62d-fbabff6a7edb",
            "name": "Sample name 3",
            "penaltyFactor": null,
            "powerRemedialActionType": "countertrade",
            "regionCode": "c6429cfa-ea69-4d73-857a-fe42bd4b4f74",
            "shiftMethod": "priority",
            "systemOperatorCode": "0c455c53-00b6-45b2-80f1-e20832329597",
            "timeToImplement": null
        }
    ],
    "powerShiftKeyDistributionList": null,
    "powerShiftKeyList": null,
    "remedialActionGroupList": null,
    "remedialActionListId": "7f2b95d9-0e9e-4129-96d7-de51740b7710",
    "timeHorizon": "dayAhead",
    "timeInterval": {
        "from": "2024-01-04T00:00:00",
        "to": "2024-01-04T06:00:00"
    },
    "version": 7,
    "areaCode": "10YDE-RWENET---I"
}