{
    "businessTimestamp": "2025-02-15T09:28:56.760296",
    "cdsId": "696394e4-3d34-4d85-9f79-e9f550a1966a",
    "comoDocumentType": "INTERNAL_RA_FLAT_LIST",
    "comoDocumentVersion": "R24Q4V1_0",
    "contingencyWithRemedialActionList": [
        {
            "combinationConstraintKind": "excluded",
            "contingencyMrid": "382fc1d4-6ba7-4059-91e9-68b15014a95f",
            "enabled": true,
            "mrid": "dc6014e4-43d2-4a7c-9edb-881cc51fdf55",
            "remedialActionMrid": "3f6f279e-aefc-40a6-94a5-03ae2310e7a7"
        },
        {
            "combinationConstraintKind": "considered",
            "contingencyMrid": "9d69da99-c8a1-4803-a0e8-361562434a23",
            "enabled": false,
            "mrid": "d4cf0161-165e-44a5-8923-3e394e134d0f",
            "remedialActionMrid": "91a45de4-ab1a-41a1-a1dc-b3ff22497624"
        }
    ],
    "documentId": "6f4fb3df-5b66-4aca-baa1-84217bf35308",
    "gridModelId": "7af2c348-1e7e-442c-8750-eb4a6774df67",
    "gridStateAlterationRemedialActionList": [
        {
            "available": true,
            "description": null,
            "gridStateAlterationList": null,
            "impactThresholdMargin": 94.89,
            "isCrossBorderRelevant": true,
            "isManual": true,
            "kind": "preventive",
            "mrid": "b55c76d7-0684-4e5f-b773-7d8974adda5c",
            "name": "Sample name 1",
            "penaltyFactor": null,
            "regionCode": "a26f206a-014b-49fc-89df-e8445fb0c327",
            "systemOperatorCode": "375c45e3-dc74-41da-be52-c08832ca5304",
            "timeToImplement": 39.43
        },
        {
            "available": false,
            "description": "Sample description 2",
            "gridStateAlterationList": null,
            "impactThresholdMargin": null,
            "isCrossBorderRelevant": true,
            "isManual": true,
            "kind": "curative",
            "mrid": "46888f42-3fb4-4653-b4d4-576e17083fb5",
            "name": null,
            "penaltyFactor": null,
            "regionCode": "866d144b-441b-4376-a24d-5a1143a69ade",
            "systemOperatorCode": null,
            "timeToImplement": null
        },
        {
            "available": false,
            "description": null,
            "gridStateAlterationList": [
                {
                    "actionType": "batteryUnitAction",
                    "description": null,
                    "enabled": false,
                    "maximumPerDay": 13,
                    "minimumActivation": 18.62,
                    "mrid": "c132f8b5-7c02-45f6-9589-10a16c232617",
                    "name": null,
                    "powerSystemResourceMrid": "a99ae2eb-8d75-4f87-93b4-5a2b1d99fa18",
                    "propertyReference": "f3b25d18-186e-4692-badb-ed9b0caf6b2c",
                    "rangeConstraintList": [
                        {
                            "description": "Sample description 1",
                            "direction": "up",
                            "mrid": "0b1a9b0d-2a73-4d6d-871f-cdc4aa8de551",
                            "name": "Sample name 1",
                            "propertyRangeType": "intertemporal",
                            "propertyReference": "6be8f49c-d028-4696-9f54-a7ed8c03d71f",
                            "value": 15.17,
                            "valueKind": null
                        },
                        {
                            "description": null,
                            "direction": "upAndDown",
                            "mrid": "a8d9f4df-dd3b-472a-a635-65dacbd8e7aa",
                            "name": "Sample name 2",
                            "propertyRangeType": "intertemporal",
                            "propertyReference": "42511cd5-afa7-429e-aadf-5ba9cf1411d1",
                            "value": null,
                            "valueKind": null
                        },
                        {
                            "description": null,
                            "direction": "none",
                            "mrid": "ab3fd37e-efe0-4971-a3af-136d019aead6",
                            "name": "Sample name 3",
                            "propertyRangeType": "intertemporal",
                            "propertyReference": null,
                            "value": 80.9,
                            "valueKind": "incrementalPercentage"
                        }
                    ],
                    "timePerStage": 29.48
                }
            ],
            "impactThresholdMargin": null,
            "isCrossBorderRelevant": false,
            "isManual": true,
            "kind": "preventive",
            "mrid": "ded1674e-1cd2-45c4-9216-f56b47391788",
            "name": null,
            "penaltyFactor": null,
            "regionCode": "6bd81651-f8a7-4f83-924a-298ae8b4863d",
            "systemOperatorCode": null,
            "timeToImplement": 54.25
        }
    ],
    "ownerCode": "10XDE-RWENET---W",
    "ownerRole": "Grid Manager",
    "powerBidScheduleList": [
        {
            "currency": null,
            "description": null,
            "direction": null,
            "glskBidActionDistributionList": [
                {
                    "description": "Sample description 1",
                    "energyBlockOrderMrid": null,
                    "energyConsumerMrid": "fcfd792a-9133-447c-9015-49c46f449ed9",
                    "energyGroupMrid": null,
                    "generatingUnitMrid": "4dd5b55d-a13a-4ecf-bd95-52b0c17e0a21",
                    "glskScheduleMrid": "7ef3ae7b-01bc-40fd-a325-e9c6fd2defdc",
                    "hydroPumpMrid": "4699174b-d6ee-4cd7-9ef1-6cf4c54f45ac",
                    "mrid": "0e13b1bf-4ee2-4e7f-90fd-e6bc26ed3af6",
                    "name": null,
                    "participationFactor": 41.98,
                    "powerElectronicsUnitMrid": null,
                    "scheduleResourceMrid": "6e574148-22e1-415b-afa3-f63da5cacc8f"
                }
            ],
            "interpolationKind": "next",
            "isOffer": false,
            "leadTime": null,
            "maximumUpTime": 77.45,
            "minimumActivationP": 9.36,
            "minimumOffTime": null,
            "minimumUpTime": 52.75,
            "mrid": "b2492e1f-ecb8-4c18-94bc-0505adb9b4d3",
            "name": "Sample name 1",
            "p": 47.11,
            "powerBidDependencyList": [
                {
                    "delay": null,
                    "dependentPowerGridScheduleMrid": "1d47bbd4-47e3-4561-8221-2efba99699ef",
                    "kind": "exclusive",
                    "mrid": "63cb314a-ba16-4845-b9b5-3bba624d9ee1"
                },
                {
                    "delay": null,
                    "dependentPowerGridScheduleMrid": "793f1730-ab3e-4594-a093-c612e58a0a06",
                    "kind": "exclusive",
                    "mrid": "ea1fde36-dbd2-413f-85dd-d1218385f2f2"
                },
                {
                    "delay": null,
                    "dependentPowerGridScheduleMrid": "7b04e13e-b9ab-410d-861b-74aa859508d0",
                    "kind": "inclusive",
                    "mrid": "cbd3dbc7-2b1c-4270-b84c-9bd4279a274a"
                }
            ],
            "powerRemedialActionMrid": "4b3a4361-ce51-4b23-8655-aeeec59899d5",
            "price": 12.91,
            "priority": null,
            "reservePrice": null,
            "shutdownCost": null,
            "startUpCost": null,
            "stepIncrementP": 2.08,
            "totalMaximumEnergy": null,
            "totalMinimumEnergy": 80.38
        },
        {
            "currency": "USD",
            "description": null,
            "direction": "upAndDown",
            "glskBidActionDistributionList": null,
            "interpolationKind": "none",
            "isOffer": false,
            "leadTime": null,
            "maximumUpTime": null,
            "minimumActivationP": 76.8,
            "minimumOffTime": 91.72,
            "minimumUpTime": 38.73,
            "mrid": "6df505e8-99e2-4fcd-a084-baaaef5eaf98",
            "name": "Sample name 2",
            "p": 74.45,
            "powerBidDependencyList": null,
            "powerRemedialActionMrid": "5e86b488-d03c-43fd-9749-f91dd9f893de",
            "price": 75.01,
            "priority": null,
            "reservePrice": 99.92,
            "shutdownCost": null,
            "startUpCost": 42.3,
            "stepIncrementP": null,
            "totalMaximumEnergy": 75.19,
            "totalMinimumEnergy": 78.11
        }
    ],
    "powerRemedialActionList": [
        {
            "available": false,
            "biddingZoneCode": "fa8f23f0-e084-4aac-ac45-0636a12d390f",
            "description": null,
            "glskStrategy": null,
            "impactThresholdMargin": 0.67,
            "isCrossBorderRelevant": true,
            "isManual": false,
            "kind": "curative",
            "maxEconomicP": null,
            "maxRegulatingDown": 93.06,
            "maxRegulatingUp": null,
            "minEconomicP": null,
            "mrid": "bbeb0b04-829b-41f9-8cb1-57537ec8c5b3",
            "name": null,
            "penaltyFactor": 99.06,
            "powerRemedialActionType": "redispatch",
            "regionCode": "efd036de-d084-430d-ae89-4ffe1e0f6967",
            "shiftMethod": null,
            "systemOperatorCode": "180084d8-d1ce-4860-8276-e79c7767ed8c",
            "timeToImplement": 99.46
        }
    ],
    "powerShiftKeyDistributionList": [
        {
            "description": null,
            "mrid": "5d22ad2c-8e12-41fa-88f5-ad71aaf611a6",
            "name": null,
            "powerBidScheduleMrid": "6a38876d-126d-4bbf-a4f2-24b5f3bd2a9e",
            "resourceMrid": "31fe7afc-03c5-40a6-be51-06d819020bf6"
        },
        {
            "description": null,
            "mrid": "d59c0643-1fa4-4dbf-8b65-4fab66d60f32",
            "name": null,
            "powerBidScheduleMrid": "7d97435d-a7f8-4175-8699-60b402ec1ad7",
            "resourceMrid": "07f59c17-463a-452a-a1cf-46b82fc46e53"
        },
        {
            "description": "Sample description 3",
            "mrid": "2ba3a08c-51ae-4a34-81f4-eb1b3238431a",
            "name": null,
            "powerBidScheduleMrid": "4f4fe8d5-5b2c-4ce1-9ca0-ae21d4f1a51e",
            "resourceMrid": "dfe8fcbd-a7f7-45bd-b6a6-b23119abc42b"
        }
    ],
    "powerShiftKeyList": null,
    "remedialActionGroupList": [
        {
            "description": null,
            "maxRegulatingDown": null,
            "maxRegulatingUp": null,
            "mrid": "d547d0d9-c7f5-43a7-b1c9-10f93b66b7ca",
            "name": null,
            "remedialActionDependencyList": null
        },
        {
            "description": null,
            "maxRegulatingDown": null,
            "maxRegulatingUp": null,
            "mrid": "b2a44f21-9b04-4a72-b43c-ba47443b4f72",
            "name": "Sample name 2",
            "remedialActionDependencyList": [
                {
                    "enabled": true,
                    "kind": "exclusive",
                    "mrid": "9dedbd67-7797-48ec-8d6f-1e7d4aa1fc37",
                    "remedialActionMrid": "1d0402fd-7e1e-4940-9537-3a86dde8ebd3"
                }
            ]
        }
    ],
    "remedialActionListId": "cdf8f497-a1ac-422c-88c4-e01b0925a2cc",
    "timeHorizon": "dayAhead",
    "timeInterval": null,
    "version": 8,
    "areaCode": "10YDE-RWENET---I"
}