{
    "businessTimestamp": "2025-02-16T09:28:56.758857",
    "cdsId": "e573044b-2572-49c8-93d7-612d251f19cf",
    "comoDocumentType": "INTERNAL_RA_FLAT_LIST",
    "comoDocumentVersion": "R24Q4V1_0",
    "contingencyWithRemedialActionList": null,
    "documentId": "3c788406-b74f-4a6e-bcac-3c320f1a535a",
    "gridModelId": "9ffef217-4489-41d6-a3b9-76aa25da6279",
    "gridStateAlterationRemedialActionList": [
        {
            "available": true,
            "description": null,
            "gridStateAlterationList": [
                {
                    "actionType": "batteryUnitAction",
                    "description": null,
                    "enabled": false,
                    "maximumPerDay": null,
                    "minimumActivation": 62.94,
                    "mrid": "c279b223-30f9-49f9-b63b-e54ab3f355ca",
                    "name": null,
                    "powerSystemResourceMrid": "ac6ef9ea-9fb0-4eee-8b82-37e81468bd9a",
                    "propertyReference": "0d900af7-436d-4f07-a012-4c53007eda8a",
                    "rangeConstraintList": null,
                    "timePerStage": null
                },
                {
                    "actionType": "acdcConverterAction",
                    "description": "Sample description 2",
                    "enabled": true,
                    "maximumPerDay": null,
                    "minimumActivation": null,
                    "mrid": "d0530318-3b6d-41d5-bec4-f6edc2a4ba77",
                    "name": "Sample name 2",
                    "powerSystemResourceMrid": "b9b25a59-7711-46fb-ad7f-d881133d43d1",
                    "propertyReference": "134257b1-53b5-4d3a-adf5-f4e72d886543",
                    "rangeConstraintList": [
                        {
                            "description": null,
                            "direction": null,
                            "mrid": "3bcd46fa-bb7b-4a19-a477-f582fbec4553",
                            "name": null,
                            "propertyRangeType": "intertemporal",
                            "propertyReference": "c99dbb61-21ab-4d1a-85b2-44bd6ab1e3d7",
                            "value": null,
                            "valueKind": null
                        },
                        {
                            "description": null,
                            "direction": null,
                            "mrid": "8a2a518a-fcc6-47ba-bf36-f1a4d9c30dad",
                            "name": null,
                            "propertyRangeType": "intertemporal",
                            "propertyReference": null,
                            "value": null,
                            "valueKind": null
                        },
                        {
                            "description": null,
                            "direction": "none",
                            "mrid": "c84cde7e-de0a-436e-91b5-4e62da5601d6",
                            "name": null,
                            "propertyRangeType": "static",
                            "propertyReference": null,
                            "value": 77.73,
                            "valueKind": null
                        }
                    ],
                    "timePerStage": null
                }
            ],
            "impactThresholdMargin": 90.16,
            "isCrossBorderRelevant": true,
            "isManual": true,
            "kind": "curative",
            "mrid": "ca536ddf-9d21-47f4-8287-b23d65dec8fb",
            "name": "Sample name 1",
            "penaltyFactor": 27.7,
            "regionCode": "d4b0de5a-bb2d-4ae8-9f6d-df2c232f42e5",
            "systemOperatorCode": "76de8bbb-ee32-4644-8d7f-abadd4979983",
            "timeToImplement": 44.09
        },
        {
            "available": false,
            "description": null,
            "gridStateAlterationList": [
                {
                    "actionType": "shuntCompensatorAction",
                    "description": "Sample description 1",
                    "enabled": false,
                    "maximumPerDay": null,
                    "minimumActivation": null,
                    "mrid": "f3a2efcc-d9ec-4bcd-874e-724af76b3548",
                    "name": "Sample name 1",
                    "powerSystemResourceMrid": "6aab1bad-aac8-45bf-bed4-beffb97e87ca",
                    "propertyReference": "b26ecb63-ebd0-41c2-8f42-1a37bb9da669",
                    "rangeConstraintList": null,
                    "timePerStage": 77.83
                }
            ],
            "impactThresholdMargin": null,
            "isCrossBorderRelevant": false,
            "isManual": false,
            "kind": "curative",
            "mrid": "00715518-76d6-49c8-838f-a45c7b22128d",
            "name": null,
            "penaltyFactor": null,
            "regionCode": "a96196a9-40d9-47fe-a768-281e1d774c93",
            "systemOperatorCode": null,
            "timeToImplement": null
        }
    ],
    "ownerCode": "10X1001A1001A361",
    "ownerRole": "System Operator",
    "powerBidScheduleList": null,
    "powerRemedialActionList": [
        {
            "available": true,
            "biddingZoneCode": "44551199-f14f-45bc-a451-9d3f1facce25",
            "description": null,
            "glskStrategy": "explicitInstruction",
            "impactThresholdMargin": null,
            "isCrossBorderRelevant": true,
            "isManual": false,
            "kind": "curative",
            "maxEconomicP": null,
            "maxRegulatingDown": null,
            "maxRegulatingUp": 13.23,
            "minEconomicP": null,
            "mrid": "07e19929-f03b-4faf-80c7-231f1b6707c1",
            "name": "Sample name 1",
            "penaltyFactor": null,
            "powerRemedialActionType": "redispatch",
            "regionCode": "ff8f9edc-5fab-41de-ab6d-dba2b551fad1",
            "shiftMethod": null,
            "systemOperatorCode": "45d4f345-f4d6-4991-97b0-4c194ea54805",
            "timeToImplement": 92.24
        },
        {
            "available": false,
            "biddingZoneCode": "bf9a5dfd-6992-41b7-ade0-d32fc8836623",
            "description": null,
            "glskStrategy": null,
            "impactThresholdMargin": 41.02,
            "isCrossBorderRelevant": true,
            "isManual": true,
            "kind": "curative",
            "maxEconomicP": 9.72,
            "maxRegulatingDown": 26.77,
            "maxRegulatingUp": 14.95,
            "minEconomicP": null,
            "mrid": "ab0abdad-572d-4855-81e8-a5fb39ab68a3",
            "name": "Sample name 2",
            "penaltyFactor": null,
            "powerRemedialActionType": "countertrade",
            "regionCode": "c46e4657-ba81-46e8-9cce-61fc1c4b98ea",
            "shiftMethod": "priority",
            "systemOperatorCode": null,
            "timeToImplement": 16.08
        },
        {
            "available": false,
            "biddingZoneCode": "69473641-ede9-419c-a6a6-3705a658059c",
            "description": null,
            "glskStrategy": null,
            "impactThresholdMargin": null,
            "isCrossBorderRelevant": true,
            "isManual": true,
            "kind": "preventive",
            "maxEconomicP": 28.56,
            "maxRegulatingDown": null,
            "maxRegulatingUp": null,
            "minEconomicP": null,
            "mrid": "fbb753fd-b070-4f53-b2af-72369e2e7cd8",
            "name": "Sample name 3",
            "penaltyFactor": null,
            "powerRemedialActionType": "redispatch",
            "regionCode": "6a686764-cf97-4ee3-b2cf-6015f90c948b",
            "shiftMethod": "shared",
            "systemOperatorCode": null,
            "timeToImplement": null
        }
    ],
    "powerShiftKeyDistributionList": [
        {
            "description": null,
            "mrid": "bd3e2215-a24a-48ad-99ec-9a6996098844",
            "name": null,
            "powerBidScheduleMrid": "c1543cad-c41f-450c-a8f9-19466ba535d1",
            "resourceMrid": "b5790c93-4d9c-41f9-b378-9fd22298acf7"
        },
        {
            "description": null,
            "mrid": "85eb1e5b-0fcc-4d89-b53d-ceb06b71f761",
            "name": null,
            "powerBidScheduleMrid": "c3e4afa4-e131-41b2-9cd2-f1be3df9bbe5",
            "resourceMrid": "62a89d44-2f59-4341-bf88-67836866eae1"
        },
        {
            "description": "Sample description 3",
            "mrid": "f1797db0-6deb-4c19-bda7-9d0eb6b58a8e",
            "name": null,
            "powerBidScheduleMrid": "b8ae6057-692c-49f0-a9b9-fe1c3315035d",
            "resourceMrid": "276599f8-0f51-4dc8-a1b3-64d3527449b8"
        }
    ],
    "powerShiftKeyList": null,
    "remedialActionGroupList": null,
    "remedialActionListId": "b7f30d6b-4fab-4a7a-80b3-a0b27636e299",
    "timeHorizon": "dayAhead",
    "timeInterval": {
        "from": "2024-01-08T00:00:00",
        "to": "2024-01-08T16:00:00"
    },
    "version": 9,
    "areaCode": "49Y000000000003M"
}