{
    "businessTimestamp": "2025-02-19T09:28:56.754995",
    "cdsId": "f0779808-bf93-4c0c-8e7e-73c14bcffe30",
    "comoDocumentType": "INTERNAL_RA_FLAT_LIST",
    "comoDocumentVersion": "R24Q4V1_0",
    "contingencyWithRemedialActionList": [
        {
            "combinationConstraintKind": "included",
            "contingencyMrid": "172b33cf-c549-40e1-990e-c35388991eaf",
            "enabled": false,
            "mrid": "a5c76bba-51e3-4c95-9c71-3f90cd254036",
            "remedialActionMrid": "5fccbe49-d5d0-4c90-9127-be2902e18e0b"
        },
        {
            "combinationConstraintKind": "included",
            "contingencyMrid": "35197ba3-a7a4-4159-99c4-b80ddb6eb25c",
            "enabled": true,
            "mrid": "56d34b74-c533-446b-8c82-c273b45bffa5",
            "remedialActionMrid": "727b1074-8d2b-4263-b536-7623ef35f263"
        }
    ],
    "documentId": "1f276ee0-6656-4514-8bde-4ffcef68f9d6",
    "gridModelId": "79c3910d-9ab2-4400-a83e-afc575b09a42",
    "gridStateAlterationRemedialActionList": null,
    "ownerCode": "10YDE-VE-------2",
    "ownerRole": "System Operator",
    "powerBidScheduleList": null,
    "powerRemedialActionList": [
        {
            "available": false,
            "biddingZoneCode": "7afb704b-1519-4124-987a-4bfef0010b86",
            "description": null,
            "glskStrategy": null,
            "impactThresholdMargin": null,
            "isCrossBorderRelevant": true,
            "isManual": false,
            "kind": "curative",
            "maxEconomicP": null,
            "maxRegulatingDown": null,
            "maxRegulatingUp": null,
            "minEconomicP": null,
            "mrid": "19bf8eef-986f-4568-8bf5-1f7c87c7effb",
            "name": "Sample name 1",
            "penaltyFactor": null,
            "powerRemedialActionType": "redispatch",
            "regionCode": "7ee12d82-1031-4866-bb25-997f06b928d4",
            "shiftMethod": "shared",
            "systemOperatorCode": "af8f4437-8c1f-4c95-b41d-b4c2aac0fb41",
            "timeToImplement": null
        }
    ],
    "powerShiftKeyDistributionList": [
        {
            "description": "Sample description 1",
            "mrid": "fc093854-fb0f-404b-9c32-7b27a234cc57",
            "name": "Sample name 1",
            "powerBidScheduleMrid": "e199d772-2707-4490-80dd-4d67d26816d5",
            "resourceMrid": "8ad9c364-3240-4a5f-aef2-9754557ffc73"
        }
    ],
    "powerShiftKeyList": null,
    "remedialActionGroupList": [
        {
            "description": "Sample description 1",
            "maxRegulatingDown": 1.34,
            "maxRegulatingUp": 79.85,
            "mrid": "a921ab26-1825-43ce-b51e-d6a48e769427",
            "name": "Sample name 1",
            "remedialActionDependencyList": null
        },
        {
            "description": null,
            "maxRegulatingDown": 75.45,
            "maxRegulatingUp": null,
            "mrid": "6b80eda4-e3ae-4370-b294-53c66bdaf1fb",
            "name": null,
            "remedialActionDependencyList": [
                {
                    "enabled": true,
                    "kind": "inclusive",
                    "mrid": "8a74f400-04a9-468d-b538-fbfc0ce9623d",
                    "remedialActionMrid": "7609149c-ae1a-42ac-ad99-0b41d95470bb"
                },
                {
                    "enabled": true,
                    "kind": "restrictive",
                    "mrid": "301e5f5d-39ea-4c8d-8c6c-d690bff8de7e",
                    "remedialActionMrid": "feb3fa16-a15b-4881-bf5b-6f95609d446e"
                },
                {
                    "enabled": false,
                    "kind": "none",
                    "mrid": "9d008076-47b6-431b-8b9a-cb62b475c900",
                    "remedialActionMrid": "e4bda760-dbde-4d37-9d89-760ee09697ba"
                }
            ]
        },
        {
            "description": "Sample description 3",
            "maxRegulatingDown": 13.29,
            "maxRegulatingUp": null,
            "mrid": "81a50f0b-8f3b-42c3-8bd4-3d837515875d",
            "name": null,
            "remedialActionDependencyList": null
        }
    ],
    "remedialActionListId": "90eba1bf-84d5-4ee5-882e-0f481ba1953a",
    "timeHorizon": "dayAhead",
    "timeInterval": null,
    "version": 4,
    "areaCode": "10YDE-VE-------2"
}