{
    "businessTimestamp": "2025-02-23T09:28:56.751756",
    "cdsId": "38742fa6-1ba8-411d-9920-4b47a2d5aeaa",
    "comoDocumentType": "INTERNAL_RA_FLAT_LIST",
    "comoDocumentVersion": "R24Q4V1_0",
    "contingencyWithRemedialActionList": null,
    "documentId": "548ba66f-3bf8-4e86-9a64-a0eb77a0f610",
    "gridModelId": "a05c9a4c-595e-48c7-a705-12899b531f87",
    "gridStateAlterationRemedialActionList": null,
    "ownerCode": "10X1001A1001A094",
    "ownerRole": "Network Engineer",
    "powerBidScheduleList": null,
    "powerRemedialActionList": null,
    "powerShiftKeyDistributionList": [
        {
            "description": "Sample description 1",
            "mrid": "f0bc097f-590b-40ec-8427-bc2af93c2866",
            "name": "Sample name 1",
            "powerBidScheduleMrid": "061c0ef1-ee60-45f0-bc05-561ad9789fac",
            "resourceMrid": "d1f0e9ab-6293-4793-8116-6c2817181300"
        }
    ],
    "powerShiftKeyList": [
        {
            "areaCode": "620f3c1a-509a-409a-b752-875e6f734abe",
            "blockType": "generatorsPmin",
            "energyGroupMrid": "36b03cc5-1496-4dd3-b6d9-6709bebc8450",
            "resourceMrid": "40ffdc5a-27ea-40a4-a642-23727572dea2",
            "resourceType": "hydroPump",
            "value": {
                "activePowerMax": 12.25,
                "activePowerMin": 3.5,
                "blockOrder": null,
                "participationFactor": 25.91,
                "shiftDirection": null
            }
        },
        {
            "areaCode": null,
            "blockType": "explicitInstruction",
            "energyGroupMrid": "18ab7592-77d8-444a-afd3-0529761c8111",
            "resourceMrid": null,
            "resourceType": null,
            "value": {
                "activePowerMax": null,
                "activePowerMin": null,
                "blockOrder": 10,
                "participationFactor": null,
                "shiftDirection": "up"
            }
        }
    ],
    "remedialActionGroupList": null,
    "remedialActionListId": "a6102648-7ece-48d2-8ca5-db8f0087f9bf",
    "timeHorizon": "dayAhead",
    "timeInterval": {
        "from": "2024-01-01T00:00:00",
        "to": "2024-01-01T21:00:00"
    },
    "version": 3,
    "areaCode": "10YCB-BE-------T"
}