{
    "businessTimestamp": "2025-02-18T09:28:56.756524",
    "cdsId": "6de6eb0d-7e04-4f90-936f-225f437cf8c1",
    "comoDocumentType": "INTERNAL_RA_FLAT_LIST",
    "comoDocumentVersion": "R24Q4V1_0",
    "contingencyWithRemedialActionList": null,
    "documentId": "972437fc-7317-4b91-99eb-41f2de9d9a8c",
    "gridModelId": "76af2953-0de2-4387-9497-d763a3178e33",
    "gridStateAlterationRemedialActionList": [
        {
            "available": true,
            "description": "Sample description 1",
            "gridStateAlterationList": null,
            "impactThresholdMargin": 95.01,
            "isCrossBorderRelevant": true,
            "isManual": false,
            "kind": "curative",
            "mrid": "6453377d-14a1-4007-a1fc-283fccb42148",
            "name": "Sample name 1",
            "penaltyFactor": null,
            "regionCode": "91e9bacc-c362-4b56-a40a-7d4bb8137b2e",
            "systemOperatorCode": null,
            "timeToImplement": 7.91
        },
        {
            "available": false,
            "description": null,
            "gridStateAlterationList": [
                {
                    "actionType": "tapPositionAction",
                    "description": "Sample description 1",
                    "enabled": false,
                    "maximumPerDay": 23,
                    "minimumActivation": null,
                    "mrid": "92772d61-ae2e-4237-869c-b30ded63169d",
                    "name": null,
                    "powerSystemResourceMrid": "37c20ee0-d841-40a1-8606-edad2f59d24b",
                    "propertyReference": "a0f16518-ded0-469d-8af2-d0b121019c30",
                    "rangeConstraintList": null,
                    "timePerStage": null
                }
            ],
            "impactThresholdMargin": 52.22,
            "isCrossBorderRelevant": true,
            "isManual": false,
            "kind": "curative",
            "mrid": "30aa105b-6057-43a9-8611-22ad4880ec6b",
            "name": "Sample name 2",
            "penaltyFactor": null,
            "regionCode": "f6b16666-a11c-494f-97e3-48078a22391f",
            "systemOperatorCode": "38311601-8bef-485a-ade8-8616dd89ac95",
            "timeToImplement": 37.62
        }
    ],
    "ownerCode": "10XAT-APG------Z",
    "ownerRole": "System Operator",
    "powerBidScheduleList": null,
    "powerRemedialActionList": [
        {
            "available": true,
            "biddingZoneCode": "4609326e-9de8-4d75-bcea-d85dabb1d67e",
            "description": null,
            "glskStrategy": "generatorFlat",
            "impactThresholdMargin": null,
            "isCrossBorderRelevant": true,
            "isManual": true,
            "kind": "preventive",
            "maxEconomicP": 70.15,
            "maxRegulatingDown": 42.99,
            "maxRegulatingUp": null,
            "minEconomicP": null,
            "mrid": "d39fa209-a5cf-43eb-8f5f-a78de8201431",
            "name": "Sample name 1",
            "penaltyFactor": null,
            "powerRemedialActionType": "countertrade",
            "regionCode": "597df6c7-33e8-4ef7-ad1a-3185387f0ef3",
            "shiftMethod": null,
            "systemOperatorCode": null,
            "timeToImplement": null
        },
        {
            "available": false,
            "biddingZoneCode": "1ff3f70a-0412-4fff-a1f4-b86a325fd16e",
            "description": null,
            "glskStrategy": null,
            "impactThresholdMargin": null,
            "isCrossBorderRelevant": false,
            "isManual": true,
            "kind": "preventive",
            "maxEconomicP": null,
            "maxRegulatingDown": null,
            "maxRegulatingUp": null,
            "minEconomicP": null,
            "mrid": "8dba5595-f8a9-4a6c-ae2a-4d6a93dfd24e",
            "name": "Sample name 2",
            "penaltyFactor": null,
            "powerRemedialActionType": "redispatch",
            "regionCode": "d93ce509-14b1-4b5a-82d0-55ac4f5cddc4",
            "shiftMethod": "priority",
            "systemOperatorCode": "6da62d39-eee3-4667-8edb-7c1af8589754",
            "timeToImplement": null
        }
    ],
    "powerShiftKeyDistributionList": null,
    "powerShiftKeyList": [
        {
            "areaCode": "af3c9870-2c9c-4d03-9d26-4e24513a7a71",
            "blockType": "consumptionsP",
            "energyGroupMrid": "de8c7753-67e5-43a3-b725-a9728c8c010e",
            "resourceMrid": "0909523a-39ba-41d1-94c3-52a2235e466d",
            "resourceType": "energyConsumer",
            "value": {
                "activePowerMax": null,
                "activePowerMin": null,
                "blockOrder": 4,
                "participationFactor": null,
                "shiftDirection": null
            }
        },
        {
            "areaCode": "f074f067-b6bd-438b-9400-af7475753120",
            "blockType": "storageFlat",
            "energyGroupMrid": "0cf489af-6364-4e69-92e1-f3b7003be79c",
            "resourceMrid": null,
            "resourceType": "energyGroup",
            "value": {
                "activePowerMax": 147.96,
                "activePowerMin": 75.06,
                "blockOrder": null,
                "participationFactor": 91.88,
                "shiftDirection": null
            }
        }
    ],
    "remedialActionGroupList": null,
    "remedialActionListId": "4c9c0dc7-cc6c-49b8-a81f-5d5c1f3e60a3",
    "timeHorizon": "dayAhead",
    "timeInterval": null,
    "version": 8,
    "areaCode": "10YDOM-1010A019R"
}