{
    "businessTimestamp": "2025-02-14T09:28:56.762062",
    "cdsId": "198a6a08-30e2-4efe-a4ef-501118c5c165",
    "comoDocumentType": "INTERNAL_RA_FLAT_LIST",
    "comoDocumentVersion": "R24Q4V1_0",
    "contingencyWithRemedialActionList": [
        {
            "combinationConstraintKind": "included",
            "contingencyMrid": "907a3c05-81d9-4d52-a537-adafbf905fd3",
            "enabled": false,
            "mrid": "eaf83f3f-4d0e-40e8-b587-5a70b1f29c17",
            "remedialActionMrid": "d9a6d585-9464-4244-acfb-b54512dbb21b"
        }
    ],
    "documentId": "9684f58a-a1ac-411b-b4b1-55fdc3a7f8f7",
    "gridModelId": "c478002c-0f60-475f-be2f-8cd03bda37c2",
    "gridStateAlterationRemedialActionList": [
        {
            "available": false,
            "description": null,
            "gridStateAlterationList": null,
            "impactThresholdMargin": 80.73,
            "isCrossBorderRelevant": true,
            "isManual": true,
            "kind": "curative",
            "mrid": "b223d9fc-cad2-48ab-88e8-b23277dc2269",
            "name": null,
            "penaltyFactor": null,
            "regionCode": "1d16fba1-6806-40da-bc70-a50791ebd328",
            "systemOperatorCode": "8f741e03-7e9e-4481-878d-9a636b8d7804",
            "timeToImplement": null
        },
        {
            "available": false,
            "description": null,
            "gridStateAlterationList": [
                {
                    "actionType": "topologyAction",
                    "description": null,
                    "enabled": true,
                    "maximumPerDay": 7,
                    "minimumActivation": 20.16,
                    "mrid": "5d8b4034-aad2-4e58-939d-ff15e470d64f",
                    "name": "Sample name 1",
                    "powerSystemResourceMrid": "55bfcab0-31cd-44ff-97ce-e51b53952bcc",
                    "propertyReference": "a6c1713b-cf5c-4cda-bed2-329e115395bf",
                    "rangeConstraintList": null,
                    "timePerStage": 32.92
                }
            ],
            "impactThresholdMargin": 55.29,
            "isCrossBorderRelevant": true,
            "isManual": true,
            "kind": "preventive",
            "mrid": "837e659e-f533-4a58-b3cd-7b2febbcefda",
            "name": "Sample name 2",
            "penaltyFactor": 74.11,
            "regionCode": "6af5dd98-cfda-4bb2-b1b7-84601eeeda20",
            "systemOperatorCode": "c0816c9c-b28e-4006-8911-5289b554a2b3",
            "timeToImplement": null
        },
        {
            "available": false,
            "description": "Sample description 3",
            "gridStateAlterationList": [
                {
                    "actionType": "tapPositionAction",
                    "description": null,
                    "enabled": false,
                    "maximumPerDay": null,
                    "minimumActivation": null,
                    "mrid": "f6061988-946c-42ac-94f5-3be5545d4d4e",
                    "name": "Sample name 1",
                    "powerSystemResourceMrid": "a92d7ac5-6180-45cb-9ea0-88d51d28c02d",
                    "propertyReference": "1f67d554-a4cb-4b83-913d-f76ca48ee2be",
                    "rangeConstraintList": null,
                    "timePerStage": null
                },
                {
                    "actionType": "loadAction",
                    "description": "Sample description 2",
                    "enabled": false,
                    "maximumPerDay": null,
                    "minimumActivation": null,
                    "mrid": "28387910-bf89-4f2d-8814-4797c46f38dc",
                    "name": "Sample name 2",
                    "powerSystemResourceMrid": "69178001-273e-4feb-b318-06a7ea2896ad",
                    "propertyReference": "a9311718-b921-4ce5-a2d5-7cfa3df74c10",
                    "rangeConstraintList": null,
                    "timePerStage": 75.18
                }
            ],
            "impactThresholdMargin": 52.5,
            "isCrossBorderRelevant": false,
            "isManual": true,
            "kind": "preventive",
            "mrid": "9aacc259-f208-435f-bb68-02a73097bf95",
            "name": "Sample name 3",
            "penaltyFactor": 52.45,
            "regionCode": "8715a60e-c20e-49a0-9840-bd09f87a1b13",
            "systemOperatorCode": "773ea928-710e-404f-afcd-bf0e4603cdb8",
            "timeToImplement": 61.24
        }
    ],
    "ownerCode": "10X1001A1001A329",
    "ownerRole": "System Operator",
    "powerBidScheduleList": null,
    "powerRemedialActionList": [
        {
            "available": true,
            "biddingZoneCode": "b5cd393c-f2c3-43c7-b2a3-09854aab4a17",
            "description": null,
            "glskStrategy": null,
            "impactThresholdMargin": null,
            "isCrossBorderRelevant": false,
            "isManual": true,
            "kind": "preventive",
            "maxEconomicP": null,
            "maxRegulatingDown": 38.69,
            "maxRegulatingUp": 24.23,
            "minEconomicP": 81.18,
            "mrid": "b0c5a5a7-cc90-4cd7-ab49-3145cd2b065f",
            "name": null,
            "penaltyFactor": 98.26,
            "powerRemedialActionType": "countertrade",
            "regionCode": "9aba29a4-9e87-4e1a-97d2-a14e1c72bae6",
            "shiftMethod": "priority",
            "systemOperatorCode": "c49c8afc-92e1-4728-922f-881ffb125d38",
            "timeToImplement": null
        },
        {
            "available": false,
            "biddingZoneCode": "4357b5e9-92bd-4447-bd8b-96df92ea849e",
            "description": "Sample description 2",
            "glskStrategy": "explicitInstruction",
            "impactThresholdMargin": 66.07,
            "isCrossBorderRelevant": false,
            "isManual": true,
            "kind": "preventive",
            "maxEconomicP": null,
            "maxRegulatingDown": 43.93,
            "maxRegulatingUp": 15.53,
            "minEconomicP": null,
            "mrid": "a9b937a5-5203-4472-9797-df1a5986d0bf",
            "name": "Sample name 2",
            "penaltyFactor": 1.26,
            "powerRemedialActionType": "redispatch",
            "regionCode": "589005bd-48f9-424a-be4e-59fe30ca9929",
            "shiftMethod": "shared",
            "systemOperatorCode": null,
            "timeToImplement": 88.77
        }
    ],
    "powerShiftKeyDistributionList": null,
    "powerShiftKeyList": [
        {
            "areaCode": null,
            "blockType": "explicitDistribution",
            "energyGroupMrid": "d0d8d462-616d-43fa-a109-7278166744b2",
            "resourceMrid": "35cec33f-fa35-4ba7-a019-0adae4d0d916",
            "resourceType": "generatingUnit",
            "value": {
                "activePowerMax": 70.22,
                "activePowerMin": 46.15,
                "blockOrder": 3,
                "participationFactor": null,
                "shiftDirection": "upAndDown"
            }
        }
    ],
    "remedialActionGroupList": [
        {
            "description": "Sample description 1",
            "maxRegulatingDown": 97.11,
            "maxRegulatingUp": 85.66,
            "mrid": "20351b0a-2537-4ca9-8b0e-59adc22349c2",
            "name": "Sample name 1",
            "remedialActionDependencyList": [
                {
                    "enabled": true,
                    "kind": "none",
                    "mrid": "ae9482bb-b9fb-44d2-9ae7-ff4d37d41c63",
                    "remedialActionMrid": "d9b698f5-3d9a-4a12-ad56-ad43021b8dda"
                },
                {
                    "enabled": true,
                    "kind": "inclusive",
                    "mrid": "741a68bd-beed-41da-a705-201af2cfb0e9",
                    "remedialActionMrid": "cfaf20a5-0f9c-4d96-b2f6-17c5aad4b630"
                },
                {
                    "enabled": false,
                    "kind": "exclusive",
                    "mrid": "9538bd9c-9fec-403a-853c-5945a50476fa",
                    "remedialActionMrid": "f56cc34b-388a-4778-99c4-e90e8bcad3c2"
                }
            ]
        },
        {
            "description": null,
            "maxRegulatingDown": null,
            "maxRegulatingUp": 57.66,
            "mrid": "b5633122-fe5d-4811-a7a1-cc0ab603b137",
            "name": "Sample name 2",
            "remedialActionDependencyList": null
        }
    ],
    "remedialActionListId": "2d35c563-7040-4055-967d-d7daf42afe3c",
    "timeHorizon": "dayAhead",
    "timeInterval": {
        "from": "2024-01-10T00:00:00",
        "to": "2024-01-10T17:00:00"
    },
    "version": 9,
    "areaCode": "10YHU-MAVIR----U"
}