{
    "businessTimestamp": null,
    "cdsId": "741ca138-39e8-4a58-a907-dd5bec6edd4e",
    "comoDocumentType": "INTERNAL_RA_FLAT_LIST",
    "comoDocumentVersion": "R24Q4V1_0",
    "contingencyWithRemedialActionList": [
        {
            "combinationConstraintKind": "included",
            "contingencyMrid": "71d6c6e4-c23e-4992-86ab-bf042121278d",
            "enabled": false,
            "mrid": "db085a1c-8963-499c-a285-b8286ce6c9ab",
            "remedialActionMrid": "1b256556-2a78-42af-9f85-318d6d36159d"
        },
        {
            "combinationConstraintKind": "included",
            "contingencyMrid": "b33eab19-dd0d-45d6-bf87-2940bff21c06",
            "enabled": false,
            "mrid": "ac809312-2b6a-48c8-9b48-d203defe240b",
            "remedialActionMrid": "3a5b3cc2-07d7-4890-9a30-e01f611cb5de"
        }
    ],
    "documentId": "e5ed2c2a-bacd-44b7-a0e4-a354982f21e6",
    "gridModelId": "ede6aba3-88a1-4189-8309-2945302a8956",
    "gridStateAlterationRemedialActionList": null,
    "ownerCode": "10XCZ-CEPS-GRIDE",
    "ownerRole": "Network Engineer",
    "powerBidScheduleList": [
        {
            "currency": null,
            "description": null,
            "direction": "none",
            "glskBidActionDistributionList": [
                {
                    "description": null,
                    "energyBlockOrderMrid": null,
                    "energyConsumerMrid": "1bb1caca-afe0-4a44-87ee-bbed3a131d33",
                    "energyGroupMrid": "db5d7ce4-1177-4e75-9ca8-66ed72614894",
                    "generatingUnitMrid": "1d8a818b-f9b6-4732-91a5-03a9cfc4c184",
                    "glskScheduleMrid": "1992b937-3258-4155-ad29-acab6114a743",
                    "hydroPumpMrid": "9f7a0341-2f18-48ba-8fee-b1af837f3adb",
                    "mrid": "504dea19-6629-45e5-bc43-4bae7f51a490",
                    "name": null,
                    "participationFactor": 60.83,
                    "powerElectronicsUnitMrid": null,
                    "scheduleResourceMrid": "c3cecaf3-f848-4958-a68d-f5300bd96be5"
                },
                {
                    "description": null,
                    "energyBlockOrderMrid": "9040f62b-9129-4a3d-a8c8-da51a2ba4063",
                    "energyConsumerMrid": "37c10717-1017-4c8e-b082-c5f475295596",
                    "energyGroupMrid": null,
                    "generatingUnitMrid": null,
                    "glskScheduleMrid": "f233e247-d490-4d0e-8a1a-b21d49187bb3",
                    "hydroPumpMrid": null,
                    "mrid": "548216dc-4461-49d4-8dec-dca48666c067",
                    "name": null,
                    "participationFactor": 38.17,
                    "powerElectronicsUnitMrid": null,
                    "scheduleResourceMrid": "4ef06fbd-1e5e-4053-8716-466833efccfa"
                }
            ],
            "interpolationKind": "next",
            "isOffer": false,
            "leadTime": null,
            "maximumUpTime": 0.44,
            "minimumActivationP": null,
            "minimumOffTime": null,
            "minimumUpTime": null,
            "mrid": "ffdcea9e-4077-460d-b21f-648939517fd9",
            "name": "Sample name 1",
            "p": 30.14,
            "powerBidDependencyList": null,
            "powerRemedialActionMrid": "5b6ca1a6-b986-46f5-9e65-fa312f74a322",
            "price": 78.84,
            "priority": 6,
            "reservePrice": null,
            "shutdownCost": 41.17,
            "startUpCost": null,
            "stepIncrementP": 77.12,
            "totalMaximumEnergy": null,
            "totalMinimumEnergy": 66.2
        },
        {
            "currency": null,
            "description": null,
            "direction": null,
            "glskBidActionDistributionList": null,
            "interpolationKind": "next",
            "isOffer": false,
            "leadTime": 25.84,
            "maximumUpTime": null,
            "minimumActivationP": null,
            "minimumOffTime": null,
            "minimumUpTime": null,
            "mrid": "2e1c3afa-e821-4b1b-88e2-e8f412455bb1",
            "name": "Sample name 2",
            "p": 56.49,
            "powerBidDependencyList": null,
            "powerRemedialActionMrid": "eff938a0-6742-4d59-a9be-636e54644870",
            "price": 82.0,
            "priority": null,
            "reservePrice": 79.37,
            "shutdownCost": null,
            "startUpCost": null,
            "stepIncrementP": 99.72,
            "totalMaximumEnergy": null,
            "totalMinimumEnergy": null
        }
    ],
    "powerRemedialActionList": [
        {
            "available": false,
            "biddingZoneCode": "24cd8734-d985-4c17-ab13-4ca1774f0dbf",
            "description": null,
            "glskStrategy": "proportionalForGeneratorAndLoad",
            "impactThresholdMargin": 71.01,
            "isCrossBorderRelevant": false,
            "isManual": false,
            "kind": "curative",
            "maxEconomicP": 43.58,
            "maxRegulatingDown": null,
            "maxRegulatingUp": null,
            "minEconomicP": null,
            "mrid": "dfc06149-67da-41cd-aefb-52025a7b78a2",
            "name": "Sample name 1",
            "penaltyFactor": 52.28,
            "powerRemedialActionType": "redispatch",
            "regionCode": "7d850ec0-8a83-46c8-afbb-bd48cdcf2aab",
            "shiftMethod": "priority",
            "systemOperatorCode": null,
            "timeToImplement": null
        },
        {
            "available": false,
            "biddingZoneCode": "fd7a358a-b7d2-455a-9e7c-2b6d75ac2ef6",
            "description": "Sample description 2",
            "glskStrategy": null,
            "impactThresholdMargin": 74.81,
            "isCrossBorderRelevant": false,
            "isManual": false,
            "kind": "curative",
            "maxEconomicP": null,
            "maxRegulatingDown": null,
            "maxRegulatingUp": 38.34,
            "minEconomicP": 30.13,
            "mrid": "e954153f-8750-453f-9df1-0426f161f72d",
            "name": null,
            "penaltyFactor": 17.29,
            "powerRemedialActionType": "redispatch",
            "regionCode": "bf9cef01-db65-46ec-8355-041c104267aa",
            "shiftMethod": "priority",
            "systemOperatorCode": null,
            "timeToImplement": null
        },
        {
            "available": false,
            "biddingZoneCode": "94f27926-b590-4ff8-8971-71c5dee9a2ac",
            "description": null,
            "glskStrategy": null,
            "impactThresholdMargin": null,
            "isCrossBorderRelevant": true,
            "isManual": false,
            "kind": "preventive",
            "maxEconomicP": null,
            "maxRegulatingDown": 34.79,
            "maxRegulatingUp": null,
            "minEconomicP": null,
            "mrid": "46ef0800-4c75-4dec-8c93-60b6c7f42c1b",
            "name": "Sample name 3",
            "penaltyFactor": 20.37,
            "powerRemedialActionType": "redispatch",
            "regionCode": "b926268c-f578-448f-b81a-4bda0a580a6d",
            "shiftMethod": null,
            "systemOperatorCode": "bfa1cbaf-f5c9-4ba9-9edb-51e79394f07d",
            "timeToImplement": null
        }
    ],
    "powerShiftKeyDistributionList": [
        {
            "description": null,
            "mrid": "858da444-41c5-4246-a26c-358360284e65",
            "name": null,
            "powerBidScheduleMrid": "0ac18f35-490f-4327-8fe9-ec839d02190c",
            "resourceMrid": "0f1968f5-0341-4b79-8ed9-365432f56087"
        },
        {
            "description": null,
            "mrid": "f98f86d3-e1db-41f4-a4f2-b4009a4a80c9",
            "name": null,
            "powerBidScheduleMrid": "0e6a45e7-2475-4089-924b-13dee9800b82",
            "resourceMrid": "7d9ea06b-1694-44aa-9079-1820abb6d49b"
        }
    ],
    "powerShiftKeyList": null,
    "remedialActionGroupList": [
        {
            "description": null,
            "maxRegulatingDown": null,
            "maxRegulatingUp": null,
            "mrid": "3febcf1a-f3e1-4356-abe6-7e375c80a183",
            "name": "Sample name 1",
            "remedialActionDependencyList": [
                {
                    "enabled": true,
                    "kind": "inclusive",
                    "mrid": "f22b2a41-cc90-4770-aa41-f2bf7dcb0188",
                    "remedialActionMrid": "e43f0955-3c07-412b-8875-689fa24dd0ad"
                },
                {
                    "enabled": false,
                    "kind": "inclusive",
                    "mrid": "81e481d0-36d3-43ec-84bb-ba9229fa6c07",
                    "remedialActionMrid": "024d3102-ebfd-4b38-a5e7-5d5cfe8553cc"
                },
                {
                    "enabled": true,
                    "kind": "none",
                    "mrid": "d17f172c-42e9-4c72-8a4f-aa9dcd0e5e59",
                    "remedialActionMrid": "92e22b05-8e7c-494e-9112-bb8ea9e16ef6"
                }
            ]
        },
        {
            "description": null,
            "maxRegulatingDown": null,
            "maxRegulatingUp": 70.64,
            "mrid": "b516bdf6-0742-4982-8bda-fd83a3ee2b2c",
            "name": "Sample name 2",
            "remedialActionDependencyList": [
                {
                    "enabled": false,
                    "kind": "restrictive",
                    "mrid": "52665eb6-d390-4e11-b4c0-df370ede1f2a",
                    "remedialActionMrid": "626e95bc-2eb2-4e52-90a1-151c48e4ac54"
                },
                {
                    "enabled": true,
                    "kind": "exclusive",
                    "mrid": "5f780ff5-db2d-43b1-8a4d-c98d3e8410b9",
                    "remedialActionMrid": "756cc213-ffa3-4cf4-9952-10e43f5c48a3"
                }
            ]
        }
    ],
    "remedialActionListId": "012f7076-bf15-482f-a88c-1fb260f34dcf",
    "timeHorizon": "dayAhead",
    "timeInterval": null,
    "version": 4,
    "areaCode": "10YCZ-CEPS-----N"
}